hotel_key,hotel_public_id,target_date,horizon_days,prediction_cutoff,partition,target_room_nights,day_of_week,day_of_month,month,week_of_year,day_of_year,is_weekend,demand_lag_28,demand_rolling_mean_7,demand_rolling_mean_14,demand_rolling_mean_28,on_books_room_nights_at_cutoff,rooms_existing_at_cutoff
city_hotel,c7fb00b8-6205-5d73-95ad-5f774926f2cc,2015-08-26,28,2015-07-30T00:00:00+00:00,train,132,2,26,8,35,238,0,,,,,73,
city_hotel,c7fb00b8-6205-5d73-95ad-5f774926f2cc,2015-08-27,28,2015-07-31T00:00:00+00:00,train,113,3,27,8,35,239,0,,,,,70,
city_hotel,c7fb00b8-6205-5d73-95ad-5f774926f2cc,2015-08-28,28,2015-08-01T00:00:00+00:00,train,82,4,28,8,35,240,0,,,,,36,
city_hotel,c7fb00b8-6205-5d73-95ad-5f774926f2cc,2015-08-29,28,2015-08-02T00:00:00+00:00,train,81,5,29,8,35,241,1,,,,,29,
city_hotel,c7fb00b8-6205-5d73-95ad-5f774926f2cc,2015-08-30,28,2015-08-03T00:00:00+00:00,train,63,6,30,8,35,242,1,,,,,28,
city_hotel,c7fb00b8-6205-5d73-95ad-5f774926f2cc,2015-08-31,28,2015-08-04T00:00:00+00:00,train,99,0,31,8,36,243,0,,,,,44,
city_hotel,c7fb00b8-6205-5d73-95ad-5f774926f2cc,2015-09-01,28,2015-08-05T00:00:00+00:00,train,97,1,1,9,36,244,0,,,,,23,
city_hotel,c7fb00b8-6205-5d73-95ad-5f774926f2cc,2015-09-02,28,2015-08-06T00:00:00+00:00,train,127,2,2,9,36,245,0,,,,,38,
city_hotel,c7fb00b8-6205-5d73-95ad-5f774926f2cc,2015-09-03,28,2015-08-07T00:00:00+00:00,train,130,3,3,9,36,246,0,,,,,28,
city_hotel,c7fb00b8-6205-5d73-95ad-5f774926f2cc,2015-09-04,28,2015-08-08T00:00:00+00:00,train,207,4,4,9,36,247,0,,,,,116,
city_hotel,c7fb00b8-6205-5d73-95ad-5f774926f2cc,2015-09-05,28,2015-08-09T00:00:00+00:00,train,199,5,5,9,36,248,1,,,,,113,
city_hotel,c7fb00b8-6205-5d73-95ad-5f774926f2cc,2015-09-06,28,2015-08-10T00:00:00+00:00,train,217,6,6,9,36,249,1,,,,,158,
resort_hotel,c31c4e41-2181-5ea7-875e-e62ec156c77b,2015-09-07,28,2015-08-11T00:00:00+00:00,train,181,0,7,9,37,250,0,,,,,178,
city_hotel,c7fb00b8-6205-5d73-95ad-5f774926f2cc,2015-09-07,28,2015-08-11T00:00:00+00:00,train,212,0,7,9,37,250,0,,,,,130,
resort_hotel,c31c4e41-2181-5ea7-875e-e62ec156c77b,2015-09-08,28,2015-08-12T00:00:00+00:00,train,183,1,8,9,37,251,0,,,,,180,
city_hotel,c7fb00b8-6205-5d73-95ad-5f774926f2cc,2015-09-08,28,2015-08-12T00:00:00+00:00,train,165,1,8,9,37,251,0,,,,,60,
resort_hotel,c31c4e41-2181-5ea7-875e-e62ec156c77b,2015-09-09,28,2015-08-13T00:00:00+00:00,train,179,2,9,9,37,252,0,,,,,169,
city_hotel,c7fb00b8-6205-5d73-95ad-5f774926f2cc,2015-09-09,28,2015-08-13T00:00:00+00:00,train,199,2,9,9,37,252,0,,,,,98,
resort_hotel,c31c4e41-2181-5ea7-875e-e62ec156c77b,2015-09-10,28,2015-08-14T00:00:00+00:00,train,183,3,10,9,37,253,0,,,,,182,
city_hotel,c7fb00b8-6205-5d73-95ad-5f774926f2cc,2015-09-10,28,2015-08-14T00:00:00+00:00,train,187,3,10,9,37,253,0,,,,,118,
resort_hotel,c31c4e41-2181-5ea7-875e-e62ec156c77b,2015-09-11,28,2015-08-15T00:00:00+00:00,train,182,4,11,9,37,254,0,,,,,166,
city_hotel,c7fb00b8-6205-5d73-95ad-5f774926f2cc,2015-09-11,28,2015-08-15T00:00:00+00:00,train,187,4,11,9,37,254,0,,,,,158,
resort_hotel,c31c4e41-2181-5ea7-875e-e62ec156c77b,2015-09-12,28,2015-08-16T00:00:00+00:00,train,185,5,12,9,37,255,1,,,,,180,
city_hotel,c7fb00b8-6205-5d73-95ad-5f774926f2cc,2015-09-12,28,2015-08-16T00:00:00+00:00,train,194,5,12,9,37,255,1,,,,,171,
resort_hotel,c31c4e41-2181-5ea7-875e-e62ec156c77b,2015-09-13,28,2015-08-17T00:00:00+00:00,train,174,6,13,9,37,256,1,,,,,164,
city_hotel,c7fb00b8-6205-5d73-95ad-5f774926f2cc,2015-09-13,28,2015-08-17T00:00:00+00:00,train,129,6,13,9,37,256,1,,,,,99,
resort_hotel,c31c4e41-2181-5ea7-875e-e62ec156c77b,2015-09-14,28,2015-08-18T00:00:00+00:00,train,184,0,14,9,38,257,0,,,,,175,
city_hotel,c7fb00b8-6205-5d73-95ad-5f774926f2cc,2015-09-14,28,2015-08-18T00:00:00+00:00,train,171,0,14,9,38,257,0,,,,,124,
resort_hotel,c31c4e41-2181-5ea7-875e-e62ec156c77b,2015-09-15,28,2015-08-19T00:00:00+00:00,train,184,1,15,9,38,258,0,,,,,175,
city_hotel,c7fb00b8-6205-5d73-95ad-5f774926f2cc,2015-09-15,28,2015-08-19T00:00:00+00:00,train,195,1,15,9,38,258,0,,,,,108,
resort_hotel,c31c4e41-2181-5ea7-875e-e62ec156c77b,2015-09-16,28,2015-08-20T00:00:00+00:00,train,174,2,16,9,38,259,0,,,,,143,
city_hotel,c7fb00b8-6205-5d73-95ad-5f774926f2cc,2015-09-16,28,2015-08-20T00:00:00+00:00,train,210,2,16,9,38,259,0,,,,,123,
resort_hotel,c31c4e41-2181-5ea7-875e-e62ec156c77b,2015-09-17,28,2015-08-21T00:00:00+00:00,train,184,3,17,9,38,260,0,,,,,169,
city_hotel,c7fb00b8-6205-5d73-95ad-5f774926f2cc,2015-09-17,28,2015-08-21T00:00:00+00:00,train,216,3,17,9,38,260,0,,,,,127,
resort_hotel,c31c4e41-2181-5ea7-875e-e62ec156c77b,2015-09-18,28,2015-08-22T00:00:00+00:00,train,181,4,18,9,38,261,0,,,,,174,
city_hotel,c7fb00b8-6205-5d73-95ad-5f774926f2cc,2015-09-18,28,2015-08-22T00:00:00+00:00,train,220,4,18,9,38,261,0,,,,,178,
resort_hotel,c31c4e41-2181-5ea7-875e-e62ec156c77b,2015-09-19,28,2015-08-23T00:00:00+00:00,train,183,5,19,9,38,262,1,,,,,181,
city_hotel,c7fb00b8-6205-5d73-95ad-5f774926f2cc,2015-09-19,28,2015-08-23T00:00:00+00:00,train,218,5,19,9,38,262,1,,,,,171,
resort_hotel,c31c4e41-2181-5ea7-875e-e62ec156c77b,2015-09-20,28,2015-08-24T00:00:00+00:00,train,179,6,20,9,38,263,1,,,,,180,
city_hotel,c7fb00b8-6205-5d73-95ad-5f774926f2cc,2015-09-20,28,2015-08-24T00:00:00+00:00,train,174,6,20,9,38,263,1,,,,,92,
resort_hotel,c31c4e41-2181-5ea7-875e-e62ec156c77b,2015-09-21,28,2015-08-25T00:00:00+00:00,train,183,0,21,9,39,264,0,,,,,185,
city_hotel,c7fb00b8-6205-5d73-95ad-5f774926f2cc,2015-09-21,28,2015-08-25T00:00:00+00:00,train,211,0,21,9,39,264,0,,,,,115,
resort_hotel,c31c4e41-2181-5ea7-875e-e62ec156c77b,2015-09-22,28,2015-08-26T00:00:00+00:00,train,183,1,22,9,39,265,0,,,,,184,
city_hotel,c7fb00b8-6205-5d73-95ad-5f774926f2cc,2015-09-22,28,2015-08-26T00:00:00+00:00,train,219,1,22,9,39,265,0,,,,,103,
resort_hotel,c31c4e41-2181-5ea7-875e-e62ec156c77b,2015-09-23,28,2015-08-27T00:00:00+00:00,train,180,2,23,9,39,266,0,,,,,172,
city_hotel,c7fb00b8-6205-5d73-95ad-5f774926f2cc,2015-09-23,28,2015-08-27T00:00:00+00:00,train,209,2,23,9,39,266,0,132,,,,100,
resort_hotel,c31c4e41-2181-5ea7-875e-e62ec156c77b,2015-09-24,28,2015-08-28T00:00:00+00:00,train,182,3,24,9,39,267,0,,,,,180,
city_hotel,c7fb00b8-6205-5d73-95ad-5f774926f2cc,2015-09-24,28,2015-08-28T00:00:00+00:00,train,197,3,24,9,39,267,0,113,,,,131,
resort_hotel,c31c4e41-2181-5ea7-875e-e62ec156c77b,2015-09-25,28,2015-08-29T00:00:00+00:00,train,174,4,25,9,39,268,0,,,,,163,
city_hotel,c7fb00b8-6205-5d73-95ad-5f774926f2cc,2015-09-25,28,2015-08-29T00:00:00+00:00,train,216,4,25,9,39,268,0,82,,,,210,
resort_hotel,c31c4e41-2181-5ea7-875e-e62ec156c77b,2015-09-26,28,2015-08-30T00:00:00+00:00,train,183,5,26,9,39,269,1,,,,,177,
city_hotel,c7fb00b8-6205-5d73-95ad-5f774926f2cc,2015-09-26,28,2015-08-30T00:00:00+00:00,train,188,5,26,9,39,269,1,81,,,,172,
resort_hotel,c31c4e41-2181-5ea7-875e-e62ec156c77b,2015-09-27,28,2015-08-31T00:00:00+00:00,train,183,6,27,9,39,270,1,,,,,180,
city_hotel,c7fb00b8-6205-5d73-95ad-5f774926f2cc,2015-09-27,28,2015-08-31T00:00:00+00:00,train,194,6,27,9,39,270,1,63,,,,171,
resort_hotel,c31c4e41-2181-5ea7-875e-e62ec156c77b,2015-09-28,28,2015-09-01T00:00:00+00:00,train,180,0,28,9,40,271,0,,,,,173,
city_hotel,c7fb00b8-6205-5d73-95ad-5f774926f2cc,2015-09-28,28,2015-09-01T00:00:00+00:00,train,197,0,28,9,40,271,0,99,,,,164,
resort_hotel,c31c4e41-2181-5ea7-875e-e62ec156c77b,2015-09-29,28,2015-09-02T00:00:00+00:00,train,183,1,29,9,40,272,0,,,,,182,
city_hotel,c7fb00b8-6205-5d73-95ad-5f774926f2cc,2015-09-29,28,2015-09-02T00:00:00+00:00,train,164,1,29,9,40,272,0,97,95.28571428571429,,,163,
resort_hotel,c31c4e41-2181-5ea7-875e-e62ec156c77b,2015-09-30,28,2015-09-03T00:00:00+00:00,train,184,2,30,9,40,273,0,,,,,186,
city_hotel,c7fb00b8-6205-5d73-95ad-5f774926f2cc,2015-09-30,28,2015-09-03T00:00:00+00:00,train,113,2,30,9,40,273,0,127,94.57142857142857,,,97,
resort_hotel,c31c4e41-2181-5ea7-875e-e62ec156c77b,2015-10-01,28,2015-09-04T00:00:00+00:00,train,182,3,1,10,40,274,0,,,,,177,
city_hotel,c7fb00b8-6205-5d73-95ad-5f774926f2cc,2015-10-01,28,2015-09-04T00:00:00+00:00,train,92,3,1,10,40,274,0,130,97.0,,,73,
resort_hotel,c31c4e41-2181-5ea7-875e-e62ec156c77b,2015-10-02,28,2015-09-05T00:00:00+00:00,train,183,4,2,10,40,275,0,,,,,181,
city_hotel,c7fb00b8-6205-5d73-95ad-5f774926f2cc,2015-10-02,28,2015-09-05T00:00:00+00:00,train,211,4,2,10,40,275,0,207,114.85714285714286,,,155,
resort_hotel,c31c4e41-2181-5ea7-875e-e62ec156c77b,2015-10-03,28,2015-09-06T00:00:00+00:00,train,178,5,3,10,40,276,1,,,,,164,
city_hotel,c7fb00b8-6205-5d73-95ad-5f774926f2cc,2015-10-03,28,2015-09-06T00:00:00+00:00,train,200,5,3,10,40,276,1,199,131.71428571428572,,,197,
resort_hotel,c31c4e41-2181-5ea7-875e-e62ec156c77b,2015-10-04,28,2015-09-07T00:00:00+00:00,train,175,6,4,10,40,277,1,,,,,155,
city_hotel,c7fb00b8-6205-5d73-95ad-5f774926f2cc,2015-10-04,28,2015-09-07T00:00:00+00:00,train,161,6,4,10,40,277,1,217,153.71428571428572,,,127,
resort_hotel,c31c4e41-2181-5ea7-875e-e62ec156c77b,2015-10-05,28,2015-09-08T00:00:00+00:00,train,179,0,5,10,41,278,0,181,,,,168,
city_hotel,c7fb00b8-6205-5d73-95ad-5f774926f2cc,2015-10-05,28,2015-09-08T00:00:00+00:00,train,174,0,5,10,41,278,0,212,169.85714285714286,,,135,
resort_hotel,c31c4e41-2181-5ea7-875e-e62ec156c77b,2015-10-06,28,2015-09-09T00:00:00+00:00,train,185,1,6,10,41,279,0,183,,,,177,
city_hotel,c7fb00b8-6205-5d73-95ad-5f774926f2cc,2015-10-06,28,2015-09-09T00:00:00+00:00,train,180,1,6,10,41,279,0,165,179.57142857142858,137.42857142857142,,97,
resort_hotel,c31c4e41-2181-5ea7-875e-e62ec156c77b,2015-10-07,28,2015-09-10T00:00:00+00:00,train,182,2,7,10,41,280,0,179,,,,161,
city_hotel,c7fb00b8-6205-5d73-95ad-5f774926f2cc,2015-10-07,28,2015-09-10T00:00:00+00:00,train,222,2,7,10,41,280,0,199,189.85714285714286,142.21428571428572,,90,
resort_hotel,c31c4e41-2181-5ea7-875e-e62ec156c77b,2015-10-08,28,2015-09-11T00:00:00+00:00,train,182,3,8,10,41,281,0,183,,,,153,
city_hotel,c7fb00b8-6205-5d73-95ad-5f774926f2cc,2015-10-08,28,2015-09-11T00:00:00+00:00,train,223,3,8,10,41,281,0,187,198.0,147.5,,119,
resort_hotel,c31c4e41-2181-5ea7-875e-e62ec156c77b,2015-10-09,28,2015-09-12T00:00:00+00:00,train,167,4,9,10,41,282,0,182,,,,138,
city_hotel,c7fb00b8-6205-5d73-95ad-5f774926f2cc,2015-10-09,28,2015-09-12T00:00:00+00:00,train,205,4,9,10,41,282,0,187,195.14285714285714,155.0,,151,
resort_hotel,c31c4e41-2181-5ea7-875e-e62ec156c77b,2015-10-10,28,2015-09-13T00:00:00+00:00,train,183,5,10,10,41,283,1,185,,,,137,
city_hotel,c7fb00b8-6205-5d73-95ad-5f774926f2cc,2015-10-10,28,2015-09-13T00:00:00+00:00,train,222,5,10,10,41,283,1,194,194.42857142857142,163.07142857142858,,205,
resort_hotel,c31c4e41-2181-5ea7-875e-e62ec156c77b,2015-10-11,28,2015-09-14T00:00:00+00:00,train,168,6,11,10,41,284,1,174,181.0,,,109,
city_hotel,c7fb00b8-6205-5d73-95ad-5f774926f2cc,2015-10-11,28,2015-09-14T00:00:00+00:00,train,173,6,11,10,41,284,1,129,181.85714285714286,167.78571428571428,,141,
resort_hotel,c31c4e41-2181-5ea7-875e-e62ec156c77b,2015-10-12,28,2015-09-15T00:00:00+00:00,train,155,0,12,10,42,285,0,184,181.42857142857142,,,105,
city_hotel,c7fb00b8-6205-5d73-95ad-5f774926f2cc,2015-10-12,28,2015-09-15T00:00:00+00:00,train,175,0,12,10,42,285,0,171,176.0,172.92857142857142,,110,
resort_hotel,c31c4e41-2181-5ea7-875e-e62ec156c77b,2015-10-13,28,2015-09-16T00:00:00+00:00,train,131,1,13,10,42,286,0,184,181.57142857142858,,,88,
city_hotel,c7fb00b8-6205-5d73-95ad-5f774926f2cc,2015-10-13,28,2015-09-16T00:00:00+00:00,train,156,1,13,10,42,286,0,195,180.28571428571428,179.92857142857142,,94,
resort_hotel,c31c4e41-2181-5ea7-875e-e62ec156c77b,2015-10-14,28,2015-09-17T00:00:00+00:00,train,134,2,14,10,42,287,0,174,180.85714285714286,,,103,
city_hotel,c7fb00b8-6205-5d73-95ad-5f774926f2cc,2015-10-14,28,2015-09-17T00:00:00+00:00,train,133,2,14,10,42,287,0,210,181.85714285714286,185.85714285714286,,87,
resort_hotel,c31c4e41-2181-5ea7-875e-e62ec156c77b,2015-10-15,28,2015-09-18T00:00:00+00:00,train,180,3,15,10,42,288,0,184,181.0,,,172,
city_hotel,c7fb00b8-6205-5d73-95ad-5f774926f2cc,2015-10-15,28,2015-09-18T00:00:00+00:00,train,190,3,15,10,42,288,0,216,186.0,192.0,,81,
resort_hotel,c31c4e41-2181-5ea7-875e-e62ec156c77b,2015-10-16,28,2015-09-19T00:00:00+00:00,train,178,4,16,10,42,289,0,181,180.85714285714286,,,171,
city_hotel,c7fb00b8-6205-5d73-95ad-5f774926f2cc,2015-10-16,28,2015-09-19T00:00:00+00:00,train,216,4,16,10,42,289,0,220,190.71428571428572,192.92857142857142,,163,
resort_hotel,c31c4e41-2181-5ea7-875e-e62ec156c77b,2015-10-17,28,2015-09-20T00:00:00+00:00,train,179,5,17,10,42,290,1,183,180.57142857142858,,,174,
city_hotel,c7fb00b8-6205-5d73-95ad-5f774926f2cc,2015-10-17,28,2015-09-20T00:00:00+00:00,train,217,5,17,10,42,290,1,218,194.14285714285714,194.28571428571428,,192,
resort_hotel,c31c4e41-2181-5ea7-875e-e62ec156c77b,2015-10-18,28,2015-09-21T00:00:00+00:00,train,181,6,18,10,42,291,1,179,181.28571428571428,181.14285714285714,,180,
city_hotel,c7fb00b8-6205-5d73-95ad-5f774926f2cc,2015-10-18,28,2015-09-21T00:00:00+00:00,train,155,6,18,10,42,291,1,174,200.57142857142858,191.21428571428572,,98,
resort_hotel,c31c4e41-2181-5ea7-875e-e62ec156c77b,2015-10-19,28,2015-09-22T00:00:00+00:00,train,152,0,19,10,43,292,0,183,181.14285714285714,181.28571428571428,,125,
city_hotel,c7fb00b8-6205-5d73-95ad-5f774926f2cc,2015-10-19,28,2015-09-22T00:00:00+00:00,train,196,0,19,10,43,292,0,211,206.28571428571428,191.14285714285714,,118,
resort_hotel,c31c4e41-2181-5ea7-875e-e62ec156c77b,2015-10-20,28,2015-09-23T00:00:00+00:00,train,157,1,20,10,43,293,0,183,181.0,181.28571428571428,,123,
city_hotel,c7fb00b8-6205-5d73-95ad-5f774926f2cc,2015-10-20,28,2015-09-23T00:00:00+00:00,train,215,1,20,10,43,293,0,219,209.71428571428572,195.0,166.21428571428572,106,
resort_hotel,c31c4e41-2181-5ea7-875e-e62ec156c77b,2015-10-21,28,2015-09-24T00:00:00+00:00,train,172,2,21,10,43,294,0,180,181.85714285714286,181.35714285714286,,148,
city_hotel,c7fb00b8-6205-5d73-95ad-5f774926f2cc,2015-10-21,28,2015-09-24T00:00:00+00:00,train,215,2,21,10,43,294,0,209,209.57142857142858,195.71428571428572,168.96428571428572,116,
resort_hotel,c31c4e41-2181-5ea7-875e-e62ec156c77b,2015-10-22,28,2015-09-25T00:00:00+00:00,train,181,3,22,10,43,295,0,182,181.57142857142858,181.28571428571428,,163,
city_hotel,c7fb00b8-6205-5d73-95ad-5f774926f2cc,2015-10-22,28,2015-09-25T00:00:00+00:00,train,145,3,22,10,43,295,0,197,206.85714285714286,196.42857142857142,171.96428571428572,89,
resort_hotel,c31c4e41-2181-5ea7-875e-e62ec156c77b,2015-10-23,28,2015-09-26T00:00:00+00:00,train,177,4,23,10,43,296,0,174,180.57142857142858,180.71428571428572,,139,
city_hotel,c7fb00b8-6205-5d73-95ad-5f774926f2cc,2015-10-23,28,2015-09-26T00:00:00+00:00,train,127,4,23,10,43,296,0,216,206.28571428571428,198.5,176.75,83,
resort_hotel,c31c4e41-2181-5ea7-875e-e62ec156c77b,2015-10-24,28,2015-09-27T00:00:00+00:00,train,159,5,24,10,43,297,1,183,180.57142857142858,180.57142857142858,,117,
city_hotel,c7fb00b8-6205-5d73-95ad-5f774926f2cc,2015-10-24,28,2015-09-27T00:00:00+00:00,train,107,5,24,10,43,297,1,188,202.0,198.07142857142858,180.57142857142858,119,
resort_hotel,c31c4e41-2181-5ea7-875e-e62ec156c77b,2015-10-25,28,2015-09-28T00:00:00+00:00,train,124,6,25,10,43,298,1,183,181.14285714285714,181.21428571428572,,100,
city_hotel,c7fb00b8-6205-5d73-95ad-5f774926f2cc,2015-10-25,28,2015-09-28T00:00:00+00:00,train,195,6,25,10,43,298,1,194,204.85714285714286,202.71428571428572,185.25,162,
resort_hotel,c31c4e41-2181-5ea7-875e-e62ec156c77b,2015-10-26,28,2015-09-29T00:00:00+00:00,train,106,0,26,10,44,299,0,180,180.71428571428572,180.92857142857142,,75,
city_hotel,c7fb00b8-6205-5d73-95ad-5f774926f2cc,2015-10-26,28,2015-09-29T00:00:00+00:00,train,199,0,26,10,44,299,0,197,202.85714285714286,204.57142857142858,188.75,141,
resort_hotel,c31c4e41-2181-5ea7-875e-e62ec156c77b,2015-10-27,28,2015-09-30T00:00:00+00:00,train,115,1,27,10,44,300,0,183,180.71428571428572,180.85714285714286,,67,
city_hotel,c7fb00b8-6205-5d73-95ad-5f774926f2cc,2015-10-27,28,2015-09-30T00:00:00+00:00,train,186,1,27,10,44,300,0,164,195.0,202.35714285714286,191.14285714285714,142,
resort_hotel,c31c4e41-2181-5ea7-875e-e62ec156c77b,2015-10-28,28,2015-10-01T00:00:00+00:00,train,102,2,28,10,44,301,0,184,181.28571428571428,181.57142857142858,,58,
city_hotel,c7fb00b8-6205-5d73-95ad-5f774926f2cc,2015-10-28,28,2015-10-01T00:00:00+00:00,train,173,2,28,10,44,301,0,113,181.28571428571428,195.42857142857142,190.64285714285714,133,
resort_hotel,c31c4e41-2181-5ea7-875e-e62ec156c77b,2015-10-29,28,2015-10-02T00:00:00+00:00,train,89,3,29,10,44,302,0,182,181.28571428571428,181.42857142857142,,57,
city_hotel,c7fb00b8-6205-5d73-95ad-5f774926f2cc,2015-10-29,28,2015-10-02T00:00:00+00:00,train,201,3,29,10,44,302,0,92,166.28571428571428,186.57142857142858,189.28571428571428,167,
resort_hotel,c31c4e41-2181-5ea7-875e-e62ec156c77b,2015-10-30,28,2015-10-03T00:00:00+00:00,train,100,4,30,10,44,303,0,183,182.57142857142858,181.57142857142858,,64,
city_hotel,c7fb00b8-6205-5d73-95ad-5f774926f2cc,2015-10-30,28,2015-10-03T00:00:00+00:00,train,177,4,30,10,44,303,0,211,165.57142857142858,185.92857142857142,189.42857142857142,170,
resort_hotel,c31c4e41-2181-5ea7-875e-e62ec156c77b,2015-10-31,28,2015-10-04T00:00:00+00:00,train,119,5,31,10,44,304,1,178,181.85714285714286,181.21428571428572,,89,
city_hotel,c7fb00b8-6205-5d73-95ad-5f774926f2cc,2015-10-31,28,2015-10-04T00:00:00+00:00,train,99,5,31,10,44,304,1,200,167.28571428571428,184.64285714285714,189.46428571428572,110,
resort_hotel,c31c4e41-2181-5ea7-875e-e62ec156c77b,2015-11-01,28,2015-10-05T00:00:00+00:00,train,73,6,1,11,44,305,1,175,180.71428571428572,180.92857142857142,181.03571428571428,51,
city_hotel,c7fb00b8-6205-5d73-95ad-5f774926f2cc,2015-11-01,28,2015-10-05T00:00:00+00:00,train,94,6,1,11,44,305,1,161,162.57142857142858,183.71428571428572,187.46428571428572,98,
resort_hotel,c31c4e41-2181-5ea7-875e-e62ec156c77b,2015-11-02,28,2015-10-06T00:00:00+00:00,train,78,0,2,11,45,306,0,179,180.57142857142858,180.64285714285714,180.96428571428572,61,
city_hotel,c7fb00b8-6205-5d73-95ad-5f774926f2cc,2015-11-02,28,2015-10-06T00:00:00+00:00,train,68,0,2,11,45,306,0,174,159.28571428571428,181.07142857142858,186.10714285714286,71,
resort_hotel,c31c4e41-2181-5ea7-875e-e62ec156c77b,2015-11-03,28,2015-10-07T00:00:00+00:00,train,113,1,3,11,45,307,0,185,180.85714285714286,180.78571428571428,181.03571428571428,59,
city_hotel,c7fb00b8-6205-5d73-95ad-5f774926f2cc,2015-11-03,28,2015-10-07T00:00:00+00:00,train,72,1,3,11,45,307,0,180,161.57142857142858,178.28571428571428,186.64285714285714,44,
resort_hotel,c31c4e41-2181-5ea7-875e-e62ec156c77b,2015-11-04,28,2015-10-08T00:00:00+00:00,train,108,2,4,11,45,308,0,182,180.57142857142858,180.92857142857142,181.14285714285714,57,
city_hotel,c7fb00b8-6205-5d73-95ad-5f774926f2cc,2015-11-04,28,2015-10-08T00:00:00+00:00,train,80,2,4,11,45,308,0,222,177.14285714285714,179.21428571428572,187.46428571428572,38,
resort_hotel,c31c4e41-2181-5ea7-875e-e62ec156c77b,2015-11-05,28,2015-10-09T00:00:00+00:00,train,109,3,5,11,45,309,0,182,180.57142857142858,180.92857142857142,181.10714285714286,62,
city_hotel,c7fb00b8-6205-5d73-95ad-5f774926f2cc,2015-11-05,28,2015-10-09T00:00:00+00:00,train,89,3,5,11,45,309,0,223,195.85714285714286,181.07142857142858,188.75,40,
resort_hotel,c31c4e41-2181-5ea7-875e-e62ec156c77b,2015-11-06,28,2015-10-10T00:00:00+00:00,train,116,4,6,11,45,310,0,167,178.28571428571428,180.42857142857142,180.57142857142858,70,
city_hotel,c7fb00b8-6205-5d73-95ad-5f774926f2cc,2015-11-06,28,2015-10-10T00:00:00+00:00,train,112,4,6,11,45,310,0,205,195.0,180.28571428571428,189.39285714285714,61,
resort_hotel,c31c4e41-2181-5ea7-875e-e62ec156c77b,2015-11-07,28,2015-10-11T00:00:00+00:00,train,143,5,7,11,45,311,1,183,179.0,180.42857142857142,180.5,104,
city_hotel,c7fb00b8-6205-5d73-95ad-5f774926f2cc,2015-11-07,28,2015-10-11T00:00:00+00:00,train,98,5,7,11,45,311,1,222,198.14285714285714,182.71428571428572,190.39285714285714,76,
resort_hotel,c31c4e41-2181-5ea7-875e-e62ec156c77b,2015-11-08,28,2015-10-12T00:00:00+00:00,train,143,6,8,11,45,312,1,168,178.0,179.35714285714286,180.28571428571428,115,
city_hotel,c7fb00b8-6205-5d73-95ad-5f774926f2cc,2015-11-08,28,2015-10-12T00:00:00+00:00,train,90,6,8,11,45,312,1,173,199.85714285714286,181.21428571428572,191.96428571428572,78,
resort_hotel,c31c4e41-2181-5ea7-875e-e62ec156c77b,2015-11-09,28,2015-10-13T00:00:00+00:00,train,149,0,9,11,46,313,0,155,174.57142857142858,177.57142857142858,179.25,124,
city_hotel,c7fb00b8-6205-5d73-95ad-5f774926f2cc,2015-11-09,28,2015-10-13T00:00:00+00:00,train,56,0,9,11,46,313,0,175,200.0,179.64285714285714,192.10714285714286,27,
resort_hotel,c31c4e41-2181-5ea7-875e-e62ec156c77b,2015-11-10,28,2015-10-14T00:00:00+00:00,train,155,1,10,11,46,314,0,131,166.85714285714286,173.85714285714286,177.35714285714286,131,
city_hotel,c7fb00b8-6205-5d73-95ad-5f774926f2cc,2015-11-10,28,2015-10-14T00:00:00+00:00,train,59,1,10,11,46,314,0,156,196.57142857142858,179.07142857142858,190.71428571428572,30,
resort_hotel,c31c4e41-2181-5ea7-875e-e62ec156c77b,2015-11-11,28,2015-10-15T00:00:00+00:00,train,164,2,11,11,46,315,0,134,160.0,170.28571428571428,175.92857142857142,149,
city_hotel,c7fb00b8-6205-5d73-95ad-5f774926f2cc,2015-11-11,28,2015-10-15T00:00:00+00:00,train,70,2,11,11,46,315,0,133,183.85714285714286,180.5,187.96428571428572,33,
resort_hotel,c31c4e41-2181-5ea7-875e-e62ec156c77b,2015-11-12,28,2015-10-16T00:00:00+00:00,train,179,3,12,11,46,316,0,180,159.71428571428572,170.14285714285714,175.78571428571428,169,
city_hotel,c7fb00b8-6205-5d73-95ad-5f774926f2cc,2015-11-12,28,2015-10-16T00:00:00+00:00,train,65,3,12,11,46,316,0,190,179.14285714285714,187.5,187.03571428571428,34,
resort_hotel,c31c4e41-2181-5ea7-875e-e62ec156c77b,2015-11-13,28,2015-10-17T00:00:00+00:00,train,179,4,13,11,46,317,0,178,161.28571428571428,169.78571428571428,175.67857142857142,172,
city_hotel,c7fb00b8-6205-5d73-95ad-5f774926f2cc,2015-11-13,28,2015-10-17T00:00:00+00:00,train,58,4,13,11,46,317,0,216,180.71428571428572,187.85714285714286,186.89285714285714,56,
resort_hotel,c31c4e41-2181-5ea7-875e-e62ec156c77b,2015-11-14,28,2015-10-18T00:00:00+00:00,train,166,5,14,11,46,318,1,179,160.71428571428572,169.85714285714286,175.53571428571428,159,
city_hotel,c7fb00b8-6205-5d73-95ad-5f774926f2cc,2015-11-14,28,2015-10-18T00:00:00+00:00,train,58,5,14,11,46,318,1,217,180.0,189.07142857142858,186.85714285714286,49,
resort_hotel,c31c4e41-2181-5ea7-875e-e62ec156c77b,2015-11-15,28,2015-10-19T00:00:00+00:00,train,54,6,15,11,46,319,1,181,162.57142857142858,170.28571428571428,175.60714285714286,50,
city_hotel,c7fb00b8-6205-5d73-95ad-5f774926f2cc,2015-11-15,28,2015-10-19T00:00:00+00:00,train,46,6,15,11,46,319,1,155,177.42857142857142,188.64285714285714,186.17857142857142,26,
resort_hotel,c31c4e41-2181-5ea7-875e-e62ec156c77b,2015-11-16,28,2015-10-20T00:00:00+00:00,train,73,0,16,11,47,320,0,152,162.14285714285714,168.35714285714286,174.5,30,
city_hotel,c7fb00b8-6205-5d73-95ad-5f774926f2cc,2015-11-16,28,2015-10-20T00:00:00+00:00,train,42,0,16,11,47,320,0,196,180.42857142857142,190.21428571428572,185.64285714285714,19,
resort_hotel,c31c4e41-2181-5ea7-875e-e62ec156c77b,2015-11-17,28,2015-10-21T00:00:00+00:00,train,76,1,17,11,47,321,0,157,165.85714285714286,166.35714285714286,173.57142857142858,22,
city_hotel,c7fb00b8-6205-5d73-95ad-5f774926f2cc,2015-11-17,28,2015-10-21T00:00:00+00:00,train,59,1,17,11,47,321,0,215,188.85714285714286,192.71428571428572,185.5,22,
resort_hotel,c31c4e41-2181-5ea7-875e-e62ec156c77b,2015-11-18,28,2015-10-22T00:00:00+00:00,train,122,2,18,11,47,322,0,172,171.28571428571428,165.64285714285714,173.28571428571428,56,
city_hotel,c7fb00b8-6205-5d73-95ad-5f774926f2cc,2015-11-18,28,2015-10-22T00:00:00+00:00,train,126,2,18,11,47,322,0,215,200.57142857142858,192.21428571428572,185.71428571428572,114,
resort_hotel,c31c4e41-2181-5ea7-875e-e62ec156c77b,2015-11-19,28,2015-10-23T00:00:00+00:00,train,113,3,19,11,47,323,0,181,171.42857142857142,165.57142857142858,173.25,62,
city_hotel,c7fb00b8-6205-5d73-95ad-5f774926f2cc,2015-11-19,28,2015-10-23T00:00:00+00:00,train,127,3,19,11,47,323,0,145,194.14285714285714,186.64285714285714,183.85714285714286,117,
resort_hotel,c31c4e41-2181-5ea7-875e-e62ec156c77b,2015-11-20,28,2015-10-24T00:00:00+00:00,train,138,4,20,11,47,324,0,177,171.28571428571428,166.28571428571428,173.35714285714286,121,
city_hotel,c7fb00b8-6205-5d73-95ad-5f774926f2cc,2015-11-20,28,2015-10-24T00:00:00+00:00,train,191,4,20,11,47,324,0,127,181.42857142857142,181.07142857142858,180.67857142857142,201,
resort_hotel,c31c4e41-2181-5ea7-875e-e62ec156c77b,2015-11-21,28,2015-10-25T00:00:00+00:00,train,179,5,21,11,47,325,1,159,168.42857142857142,164.57142857142858,172.5,150,
city_hotel,c7fb00b8-6205-5d73-95ad-5f774926f2cc,2015-11-21,28,2015-10-25T00:00:00+00:00,train,125,5,21,11,47,325,1,107,165.71428571428572,172.85714285714286,177.78571428571428,129,
resort_hotel,c31c4e41-2181-5ea7-875e-e62ec156c77b,2015-11-22,28,2015-10-26T00:00:00+00:00,train,94,6,22,11,47,326,1,124,160.28571428571428,161.42857142857142,170.39285714285714,85,
city_hotel,c7fb00b8-6205-5d73-95ad-5f774926f2cc,2015-11-22,28,2015-10-26T00:00:00+00:00,train,44,6,22,11,47,326,1,195,171.42857142857142,174.42857142857142,177.82142857142858,15,
resort_hotel,c31c4e41-2181-5ea7-875e-e62ec156c77b,2015-11-23,28,2015-10-27T00:00:00+00:00,train,92,0,23,11,48,327,0,106,153.71428571428572,157.92857142857142,167.75,54,
city_hotel,c7fb00b8-6205-5d73-95ad-5f774926f2cc,2015-11-23,28,2015-10-27T00:00:00+00:00,train,147,0,23,11,48,327,0,199,171.85714285714286,176.14285714285714,177.89285714285714,139,
resort_hotel,c31c4e41-2181-5ea7-875e-e62ec156c77b,2015-11-24,28,2015-10-28T00:00:00+00:00,train,72,1,24,11,48,328,0,115,147.71428571428572,156.78571428571428,165.32142857142858,21,
city_hotel,c7fb00b8-6205-5d73-95ad-5f774926f2cc,2015-11-24,28,2015-10-28T00:00:00+00:00,train,166,1,24,11,48,328,0,186,167.71428571428572,178.28571428571428,178.67857142857142,162,
resort_hotel,c31c4e41-2181-5ea7-875e-e62ec156c77b,2015-11-25,28,2015-10-29T00:00:00+00:00,train,71,2,25,11,48,329,0,102,137.71428571428572,154.5,162.39285714285714,18,
city_hotel,c7fb00b8-6205-5d73-95ad-5f774926f2cc,2015-11-25,28,2015-10-29T00:00:00+00:00,train,166,2,25,11,48,329,0,173,161.71428571428572,181.14285714285714,180.82142857142858,174,
resort_hotel,c31c4e41-2181-5ea7-875e-e62ec156c77b,2015-11-26,28,2015-10-30T00:00:00+00:00,train,64,3,26,11,48,330,0,89,124.57142857142857,148.0,159.07142857142858,26,
city_hotel,c7fb00b8-6205-5d73-95ad-5f774926f2cc,2015-11-26,28,2015-10-30T00:00:00+00:00,train,110,3,26,11,48,330,0,201,169.71428571428572,181.92857142857142,184.71428571428572,99,
resort_hotel,c31c4e41-2181-5ea7-875e-e62ec156c77b,2015-11-27,28,2015-10-31T00:00:00+00:00,train,85,4,27,11,48,331,0,100,113.57142857142857,142.42857142857142,156.10714285714286,24,
city_hotel,c7fb00b8-6205-5d73-95ad-5f774926f2cc,2015-11-27,28,2015-10-31T00:00:00+00:00,train,103,4,27,11,48,331,0,177,176.85714285714286,179.14285714285714,183.5,80,
resort_hotel,c31c4e41-2181-5ea7-875e-e62ec156c77b,2015-11-28,28,2015-11-01T00:00:00+00:00,train,96,5,28,11,48,332,1,119,107.85714285714286,138.14285714285714,154.0,26,
city_hotel,c7fb00b8-6205-5d73-95ad-5f774926f2cc,2015-11-28,28,2015-11-01T00:00:00+00:00,train,98,5,28,11,48,332,1,99,175.71428571428572,170.71428571428572,179.89285714285714,75,
resort_hotel,c31c4e41-2181-5ea7-875e-e62ec156c77b,2015-11-29,28,2015-11-02T00:00:00+00:00,train,35,6,29,11,48,333,1,73,100.57142857142857,130.42857142857142,150.35714285714286,15,
city_hotel,c7fb00b8-6205-5d73-95ad-5f774926f2cc,2015-11-29,28,2015-11-02T00:00:00+00:00,train,77,6,29,11,48,333,1,94,161.28571428571428,166.35714285714286,177.5,59,
resort_hotel,c31c4e41-2181-5ea7-875e-e62ec156c77b,2015-11-30,28,2015-11-03T00:00:00+00:00,train,56,0,30,11,49,334,0,78,96.57142857142857,125.14285714285714,146.75,16,
city_hotel,c7fb00b8-6205-5d73-95ad-5f774926f2cc,2015-11-30,28,2015-11-03T00:00:00+00:00,train,29,0,30,11,49,334,0,68,142.57142857142858,157.21428571428572,173.71428571428572,14,
resort_hotel,c31c4e41-2181-5ea7-875e-e62ec156c77b,2015-12-01,28,2015-11-04T00:00:00+00:00,train,69,1,1,12,49,335,0,113,96.28571428571429,122.0,144.17857142857142,15,
city_hotel,c7fb00b8-6205-5d73-95ad-5f774926f2cc,2015-12-01,28,2015-11-04T00:00:00+00:00,train,34,1,1,12,49,335,0,72,126.28571428571429,147.0,169.85714285714286,20,
resort_hotel,c31c4e41-2181-5ea7-875e-e62ec156c77b,2015-12-02,28,2015-11-05T00:00:00+00:00,train,80,2,2,12,49,336,0,108,97.14285714285714,117.42857142857143,141.53571428571428,14,
city_hotel,c7fb00b8-6205-5d73-95ad-5f774926f2cc,2015-12-02,28,2015-11-05T00:00:00+00:00,train,44,2,2,12,49,336,0,80,113.0,137.35714285714286,164.78571428571428,17,
resort_hotel,c31c4e41-2181-5ea7-875e-e62ec156c77b,2015-12-03,28,2015-11-06T00:00:00+00:00,train,85,3,3,12,49,337,0,109,100.0,112.28571428571429,138.92857142857142,20,
city_hotel,c7fb00b8-6205-5d73-95ad-5f774926f2cc,2015-12-03,28,2015-11-06T00:00:00+00:00,train,47,3,3,12,49,337,0,89,97.0,133.35714285714286,160.0,23,
resort_hotel,c31c4e41-2181-5ea7-875e-e62ec156c77b,2015-12-04,28,2015-11-07T00:00:00+00:00,train,51,4,4,12,49,338,0,116,102.28571428571429,107.92857142857143,137.10714285714286,24,
city_hotel,c7fb00b8-6205-5d73-95ad-5f774926f2cc,2015-12-04,28,2015-11-07T00:00:00+00:00,train,80,4,4,12,49,338,0,112,87.71428571428571,132.28571428571428,156.67857142857142,28,
resort_hotel,c31c4e41-2181-5ea7-875e-e62ec156c77b,2015-12-05,28,2015-11-08T00:00:00+00:00,train,154,5,5,12,49,339,1,143,105.71428571428571,106.78571428571429,135.67857142857142,142,
city_hotel,c7fb00b8-6205-5d73-95ad-5f774926f2cc,2015-12-05,28,2015-11-08T00:00:00+00:00,train,207,5,5,12,49,339,1,98,87.57142857142857,131.64285714285714,152.25,106,
resort_hotel,c31c4e41-2181-5ea7-875e-e62ec156c77b,2015-12-06,28,2015-11-09T00:00:00+00:00,train,154,6,6,12,49,340,1,143,115.71428571428571,108.14285714285714,134.78571428571428,156,
city_hotel,c7fb00b8-6205-5d73-95ad-5f774926f2cc,2015-12-06,28,2015-11-09T00:00:00+00:00,train,212,6,6,12,49,340,1,90,87.0,124.14285714285714,149.28571428571428,104,
resort_hotel,c31c4e41-2181-5ea7-875e-e62ec156c77b,2015-12-07,28,2015-11-10T00:00:00+00:00,train,131,0,7,12,50,341,0,149,125.85714285714286,111.21428571428571,134.57142857142858,124,
city_hotel,c7fb00b8-6205-5d73-95ad-5f774926f2cc,2015-12-07,28,2015-11-10T00:00:00+00:00,train,179,0,7,12,50,341,0,56,85.28571428571429,113.92857142857143,145.03571428571428,98,
resort_hotel,c31c4e41-2181-5ea7-875e-e62ec156c77b,2015-12-08,28,2015-11-11T00:00:00+00:00,train,36,1,8,12,50,342,0,155,131.85714285714286,114.07142857142857,135.42857142857142,26,
city_hotel,c7fb00b8-6205-5d73-95ad-5f774926f2cc,2015-12-08,28,2015-11-11T00:00:00+00:00,train,55,1,8,12,50,342,0,59,83.42857142857143,104.85714285714286,141.57142857142858,116,
resort_hotel,c31c4e41-2181-5ea7-875e-e62ec156c77b,2015-12-09,28,2015-11-12T00:00:00+00:00,train,58,2,9,12,50,343,0,164,139.85714285714286,118.5,136.5,11,
city_hotel,c7fb00b8-6205-5d73-95ad-5f774926f2cc,2015-12-09,28,2015-11-12T00:00:00+00:00,train,55,2,9,12,50,343,0,70,82.0,97.5,139.32142857142858,186,
resort_hotel,c31c4e41-2181-5ea7-875e-e62ec156c77b,2015-12-10,28,2015-11-13T00:00:00+00:00,train,46,3,10,12,50,344,0,179,149.85714285714286,124.92857142857143,136.46428571428572,13,
city_hotel,c7fb00b8-6205-5d73-95ad-5f774926f2cc,2015-12-10,28,2015-11-13T00:00:00+00:00,train,91,3,10,12,50,344,0,65,78.57142857142857,87.78571428571429,134.85714285714286,87,
resort_hotel,c31c4e41-2181-5ea7-875e-e62ec156c77b,2015-12-11,28,2015-11-14T00:00:00+00:00,train,43,4,11,12,50,345,0,179,158.85714285714286,130.57142857142858,136.5,13,
city_hotel,c7fb00b8-6205-5d73-95ad-5f774926f2cc,2015-12-11,28,2015-11-14T00:00:00+00:00,train,93,4,11,12,50,345,0,58,70.85714285714286,79.28571428571429,129.21428571428572,39,
resort_hotel,c31c4e41-2181-5ea7-875e-e62ec156c77b,2015-12-12,28,2015-11-15T00:00:00+00:00,train,57,5,12,12,50,346,1,166,162.14285714285714,133.92857142857142,136.03571428571428,18,
city_hotel,c7fb00b8-6205-5d73-95ad-5f774926f2cc,2015-12-12,28,2015-11-15T00:00:00+00:00,train,55,5,12,12,50,346,1,58,65.14285714285714,76.35714285714286,123.53571428571429,42,
resort_hotel,c31c4e41-2181-5ea7-875e-e62ec156c77b,2015-12-13,28,2015-11-16T00:00:00+00:00,train,29,6,13,12,50,347,1,54,149.42857142857142,132.57142857142858,131.5,12,
city_hotel,c7fb00b8-6205-5d73-95ad-5f774926f2cc,2015-12-13,28,2015-11-16T00:00:00+00:00,train,30,6,13,12,50,347,1,46,58.857142857142854,72.92857142857143,119.64285714285714,20,
resort_hotel,c31c4e41-2181-5ea7-875e-e62ec156c77b,2015-12-14,28,2015-11-17T00:00:00+00:00,train,43,0,14,12,51,348,0,73,138.57142857142858,132.21428571428572,128.67857142857142,19,
city_hotel,c7fb00b8-6205-5d73-95ad-5f774926f2cc,2015-12-14,28,2015-11-17T00:00:00+00:00,train,27,0,14,12,51,348,0,42,56.857142857142854,71.07142857142857,114.14285714285714,14,
resort_hotel,c31c4e41-2181-5ea7-875e-e62ec156c77b,2015-12-15,28,2015-11-18T00:00:00+00:00,train,49,1,15,12,51,349,0,76,127.28571428571429,129.57142857142858,125.78571428571429,20,
city_hotel,c7fb00b8-6205-5d73-95ad-5f774926f2cc,2015-12-15,28,2015-11-18T00:00:00+00:00,train,21,1,15,12,51,349,0,59,56.857142857142854,70.14285714285714,108.57142857142857,8,
resort_hotel,c31c4e41-2181-5ea7-875e-e62ec156c77b,2015-12-16,28,2015-11-19T00:00:00+00:00,train,52,2,16,12,51,350,0,122,121.28571428571429,130.57142857142858,124.0,20,
city_hotel,c7fb00b8-6205-5d73-95ad-5f774926f2cc,2015-12-16,28,2015-11-19T00:00:00+00:00,train,29,2,16,12,51,350,0,126,64.85714285714286,73.42857142857143,105.39285714285714,10,
resort_hotel,c31c4e41-2181-5ea7-875e-e62ec156c77b,2015-12-17,28,2015-11-20T00:00:00+00:00,train,52,3,17,12,51,351,0,113,111.85714285714286,130.85714285714286,121.57142857142857,21,
city_hotel,c7fb00b8-6205-5d73-95ad-5f774926f2cc,2015-12-17,28,2015-11-20T00:00:00+00:00,train,34,3,17,12,51,351,0,127,73.71428571428571,76.14285714285714,104.75,8,
resort_hotel,c31c4e41-2181-5ea7-875e-e62ec156c77b,2015-12-18,28,2015-11-21T00:00:00+00:00,train,47,4,18,12,51,352,0,138,106.0,132.42857142857142,120.17857142857143,22,
city_hotel,c7fb00b8-6205-5d73-95ad-5f774926f2cc,2015-12-18,28,2015-11-21T00:00:00+00:00,train,51,4,18,12,51,352,0,191,92.71428571428571,81.78571428571429,107.03571428571429,12,
resort_hotel,c31c4e41-2181-5ea7-875e-e62ec156c77b,2015-12-19,28,2015-11-22T00:00:00+00:00,train,59,5,19,12,51,353,1,179,107.85714285714286,135.0,120.89285714285714,24,
city_hotel,c7fb00b8-6205-5d73-95ad-5f774926f2cc,2015-12-19,28,2015-11-22T00:00:00+00:00,train,42,5,19,12,51,353,1,125,102.28571428571429,83.71428571428571,107.67857142857143,18,
resort_hotel,c31c4e41-2181-5ea7-875e-e62ec156c77b,2015-12-20,28,2015-11-23T00:00:00+00:00,train,48,6,20,12,51,354,1,94,113.57142857142857,131.5,119.82142857142857,29,
city_hotel,c7fb00b8-6205-5d73-95ad-5f774926f2cc,2015-12-20,28,2015-11-23T00:00:00+00:00,train,36,6,20,12,51,354,1,44,102.0,80.42857142857143,102.28571428571429,18,
resort_hotel,c31c4e41-2181-5ea7-875e-e62ec156c77b,2015-12-21,28,2015-11-24T00:00:00+00:00,train,60,0,21,12,52,355,0,92,116.28571428571429,127.42857142857143,119.32142857142857,40,
city_hotel,c7fb00b8-6205-5d73-95ad-5f774926f2cc,2015-12-21,28,2015-11-24T00:00:00+00:00,train,39,0,21,12,52,355,0,147,117.0,86.92857142857143,100.42857142857143,19,
resort_hotel,c31c4e41-2181-5ea7-875e-e62ec156c77b,2015-12-22,28,2015-11-25T00:00:00+00:00,train,83,1,22,12,52,356,0,72,115.71428571428571,121.5,117.78571428571429,67,
city_hotel,c7fb00b8-6205-5d73-95ad-5f774926f2cc,2015-12-22,28,2015-11-25T00:00:00+00:00,train,35,1,22,12,52,356,0,166,132.28571428571428,94.57142857142857,99.71428571428571,18,
resort_hotel,c31c4e41-2181-5ea7-875e-e62ec156c77b,2015-12-23,28,2015-11-26T00:00:00+00:00,train,96,2,23,12,52,357,0,71,108.42857142857143,114.85714285714286,116.67857142857143,86,
city_hotel,c7fb00b8-6205-5d73-95ad-5f774926f2cc,2015-12-23,28,2015-11-26T00:00:00+00:00,train,36,2,23,12,52,357,0,166,138.0,101.42857142857143,99.46428571428571,23,
resort_hotel,c31c4e41-2181-5ea7-875e-e62ec156c77b,2015-12-24,28,2015-11-27T00:00:00+00:00,train,129,3,24,12,52,358,0,64,101.42857142857143,106.64285714285714,115.78571428571429,107,
city_hotel,c7fb00b8-6205-5d73-95ad-5f774926f2cc,2015-12-24,28,2015-11-27T00:00:00+00:00,train,51,3,24,12,52,358,0,110,135.57142857142858,104.64285714285714,96.21428571428571,40,
resort_hotel,c31c4e41-2181-5ea7-875e-e62ec156c77b,2015-12-25,28,2015-11-28T00:00:00+00:00,train,137,4,25,12,52,359,0,85,93.85714285714286,99.92857142857143,115.25,114,
city_hotel,c7fb00b8-6205-5d73-95ad-5f774926f2cc,2015-12-25,28,2015-11-28T00:00:00+00:00,train,59,4,25,12,52,359,0,103,123.0,107.85714285714286,93.57142857142857,40,
resort_hotel,c31c4e41-2181-5ea7-875e-e62ec156c77b,2015-12-26,28,2015-11-29T00:00:00+00:00,train,143,5,26,12,52,360,1,96,82.0,94.92857142857143,114.42857142857143,114,
city_hotel,c7fb00b8-6205-5d73-95ad-5f774926f2cc,2015-12-26,28,2015-11-29T00:00:00+00:00,train,99,5,26,12,52,360,1,98,119.14285714285714,110.71428571428571,93.53571428571429,59,
resort_hotel,c31c4e41-2181-5ea7-875e-e62ec156c77b,2015-12-27,28,2015-11-30T00:00:00+00:00,train,131,6,27,12,52,361,1,35,73.57142857142857,93.57142857142857,113.07142857142857,110,
city_hotel,c7fb00b8-6205-5d73-95ad-5f774926f2cc,2015-12-27,28,2015-11-30T00:00:00+00:00,train,130,6,27,12,52,361,1,77,123.85714285714286,112.92857142857143,92.92857142857143,66,
resort_hotel,c31c4e41-2181-5ea7-875e-e62ec156c77b,2015-12-28,28,2015-12-01T00:00:00+00:00,train,123,0,28,12,53,362,0,56,68.42857142857143,92.35714285714286,112.28571428571429,106,
city_hotel,c7fb00b8-6205-5d73-95ad-5f774926f2cc,2015-12-28,28,2015-12-01T00:00:00+00:00,train,155,0,28,12,53,362,0,29,107.0,112.0,91.53571428571429,94,
resort_hotel,c31c4e41-2181-5ea7-875e-e62ec156c77b,2015-12-29,28,2015-12-02T00:00:00+00:00,train,90,1,29,12,53,363,0,69,68.0,91.85714285714286,110.71428571428571,72,
city_hotel,c7fb00b8-6205-5d73-95ad-5f774926f2cc,2015-12-29,28,2015-12-02T00:00:00+00:00,train,197,1,29,12,53,363,0,34,88.14285714285714,110.21428571428571,90.17857142857143,144,
resort_hotel,c31c4e41-2181-5ea7-875e-e62ec156c77b,2015-12-30,28,2015-12-03T00:00:00+00:00,train,168,2,30,12,53,364,0,80,69.28571428571429,88.85714285714286,109.71428571428571,163,
city_hotel,c7fb00b8-6205-5d73-95ad-5f774926f2cc,2015-12-30,28,2015-12-03T00:00:00+00:00,train,195,2,30,12,53,364,0,44,70.71428571428571,104.35714285714286,88.89285714285714,180,
resort_hotel,c31c4e41-2181-5ea7-875e-e62ec156c77b,2015-12-31,28,2015-12-04T00:00:00+00:00,train,179,3,31,12,53,365,0,85,72.28571428571429,86.85714285714286,108.85714285714286,176,
city_hotel,c7fb00b8-6205-5d73-95ad-5f774926f2cc,2015-12-31,28,2015-12-04T00:00:00+00:00,train,213,3,31,12,53,365,0,47,61.714285714285715,98.64285714285714,87.39285714285714,192,
resort_hotel,c31c4e41-2181-5ea7-875e-e62ec156c77b,2016-01-01,28,2015-12-05T00:00:00+00:00,train,172,4,1,1,53,1,0,51,67.42857142857143,80.64285714285714,106.53571428571429,167,
city_hotel,c7fb00b8-6205-5d73-95ad-5f774926f2cc,2016-01-01,28,2015-12-05T00:00:00+00:00,train,164,4,1,1,53,1,0,80,58.42857142857143,90.71428571428571,86.25,153,
resort_hotel,c31c4e41-2181-5ea7-875e-e62ec156c77b,2016-01-02,28,2015-12-06T00:00:00+00:00,train,148,5,2,1,53,2,1,154,75.71428571428571,78.85714285714286,106.92857142857143,120,
city_hotel,c7fb00b8-6205-5d73-95ad-5f774926f2cc,2016-01-02,28,2015-12-06T00:00:00+00:00,train,169,5,2,1,53,2,1,207,74.0,96.57142857142857,90.14285714285714,119,
resort_hotel,c31c4e41-2181-5ea7-875e-e62ec156c77b,2016-01-03,28,2015-12-07T00:00:00+00:00,train,69,6,3,1,53,3,1,154,92.71428571428571,83.14285714285714,107.32142857142857,42,
city_hotel,c7fb00b8-6205-5d73-95ad-5f774926f2cc,2016-01-03,28,2015-12-07T00:00:00+00:00,train,119,6,3,1,53,3,1,212,93.28571428571429,108.57142857142857,94.5,63,
resort_hotel,c31c4e41-2181-5ea7-875e-e62ec156c77b,2016-01-04,28,2015-12-08T00:00:00+00:00,train,81,0,4,1,1,4,0,131,103.42857142857143,85.92857142857143,106.67857142857143,40,
city_hotel,c7fb00b8-6205-5d73-95ad-5f774926f2cc,2016-01-04,28,2015-12-08T00:00:00+00:00,train,125,0,4,1,1,4,0,179,114.71428571428571,110.85714285714286,98.89285714285714,52,
resort_hotel,c31c4e41-2181-5ea7-875e-e62ec156c77b,2016-01-05,28,2015-12-09T00:00:00+00:00,train,73,1,5,1,1,5,0,36,98.71428571428571,83.35714285714286,102.42857142857143,33,
city_hotel,c7fb00b8-6205-5d73-95ad-5f774926f2cc,2016-01-05,28,2015-12-09T00:00:00+00:00,train,61,1,5,1,1,5,0,55,117.71428571428571,102.92857142857143,98.75,20,
resort_hotel,c31c4e41-2181-5ea7-875e-e62ec156c77b,2016-01-06,28,2015-12-10T00:00:00+00:00,train,72,2,6,1,1,6,0,58,95.57142857142857,82.42857142857143,98.64285714285714,29,
city_hotel,c7fb00b8-6205-5d73-95ad-5f774926f2cc,2016-01-06,28,2015-12-10T00:00:00+00:00,train,64,2,6,1,1,6,0,55,119.28571428571429,95.0,98.21428571428571,15,
resort_hotel,c31c4e41-2181-5ea7-875e-e62ec156c77b,2016-01-07,28,2015-12-11T00:00:00+00:00,train,71,3,7,1,1,7,0,46,90.0,81.14285714285714,93.89285714285714,23,
city_hotel,c7fb00b8-6205-5d73-95ad-5f774926f2cc,2016-01-07,28,2015-12-11T00:00:00+00:00,train,56,3,7,1,1,7,0,91,125.57142857142857,93.64285714285714,99.14285714285714,15,
resort_hotel,c31c4e41-2181-5ea7-875e-e62ec156c77b,2016-01-08,28,2015-12-12T00:00:00+00:00,train,54,4,8,1,1,8,0,43,88.85714285714286,78.14285714285714,89.03571428571429,21,
city_hotel,c7fb00b8-6205-5d73-95ad-5f774926f2cc,2016-01-08,28,2015-12-12T00:00:00+00:00,train,47,4,8,1,1,8,0,93,127.42857142857143,92.92857142857143,100.39285714285714,15,
resort_hotel,c31c4e41-2181-5ea7-875e-e62ec156c77b,2016-01-09,28,2015-12-13T00:00:00+00:00,train,65,5,9,1,1,9,1,57,75.0,75.35714285714286,85.14285714285714,23,
city_hotel,c7fb00b8-6205-5d73-95ad-5f774926f2cc,2016-01-09,28,2015-12-13T00:00:00+00:00,train,49,5,9,1,1,9,1,55,105.71428571428571,89.85714285714286,100.28571428571429,15,
resort_hotel,c31c4e41-2181-5ea7-875e-e62ec156c77b,2016-01-10,28,2015-12-14T00:00:00+00:00,train,56,6,10,1,1,10,1,29,57.142857142857146,74.92857142857143,84.25,15,
city_hotel,c7fb00b8-6205-5d73-95ad-5f774926f2cc,2016-01-10,28,2015-12-14T00:00:00+00:00,train,47,6,10,1,1,10,1,30,79.71428571428571,86.5,99.71428571428571,17,
resort_hotel,c31c4e41-2181-5ea7-875e-e62ec156c77b,2016-01-11,28,2015-12-15T00:00:00+00:00,train,64,0,11,1,2,11,0,43,44.57142857142857,74.0,83.17857142857143,15,
city_hotel,c7fb00b8-6205-5d73-95ad-5f774926f2cc,2016-01-11,28,2015-12-15T00:00:00+00:00,train,36,0,11,1,2,11,0,27,58.0,86.35714285714286,99.17857142857143,15,
resort_hotel,c31c4e41-2181-5ea7-875e-e62ec156c77b,2016-01-12,28,2015-12-16T00:00:00+00:00,train,75,1,12,1,2,12,0,49,46.42857142857143,72.57142857142857,82.21428571428571,14,
city_hotel,c7fb00b8-6205-5d73-95ad-5f774926f2cc,2016-01-12,28,2015-12-16T00:00:00+00:00,train,45,1,12,1,2,12,0,21,53.142857142857146,85.42857142857143,97.82142857142857,14,
resort_hotel,c31c4e41-2181-5ea7-875e-e62ec156c77b,2016-01-13,28,2015-12-17T00:00:00+00:00,train,65,2,13,1,2,13,0,52,45.57142857142857,70.57142857142857,79.71428571428571,21,
city_hotel,c7fb00b8-6205-5d73-95ad-5f774926f2cc,2016-01-13,28,2015-12-17T00:00:00+00:00,train,40,2,13,1,2,13,0,29,49.42857142857143,84.35714285714286,94.35714285714286,12,
resort_hotel,c31c4e41-2181-5ea7-875e-e62ec156c77b,2016-01-14,28,2015-12-18T00:00:00+00:00,train,78,3,14,1,2,14,0,52,46.42857142857143,68.21428571428571,77.53571428571429,22,
city_hotel,c7fb00b8-6205-5d73-95ad-5f774926f2cc,2016-01-14,28,2015-12-18T00:00:00+00:00,train,67,3,14,1,2,14,0,34,41.285714285714285,83.42857142857143,91.03571428571429,37,
resort_hotel,c31c4e41-2181-5ea7-875e-e62ec156c77b,2016-01-15,28,2015-12-19T00:00:00+00:00,train,72,4,15,1,2,15,0,47,47.0,67.92857142857143,74.28571428571429,23,
city_hotel,c7fb00b8-6205-5d73-95ad-5f774926f2cc,2016-01-15,28,2015-12-19T00:00:00+00:00,train,79,4,15,1,2,15,0,51,35.285714285714285,81.35714285714286,86.03571428571429,39,
resort_hotel,c31c4e41-2181-5ea7-875e-e62ec156c77b,2016-01-16,28,2015-12-20T00:00:00+00:00,train,75,5,16,1,2,16,1,59,47.285714285714285,61.142857142857146,70.0,22,
city_hotel,c7fb00b8-6205-5d73-95ad-5f774926f2cc,2016-01-16,28,2015-12-20T00:00:00+00:00,train,90,5,16,1,2,16,1,42,33.42857142857143,69.57142857142857,83.07142857142857,49,
resort_hotel,c31c4e41-2181-5ea7-875e-e62ec156c77b,2016-01-17,28,2015-12-21T00:00:00+00:00,train,42,6,17,1,2,17,1,48,50.0,53.57142857142857,68.35714285714286,20,
city_hotel,c7fb00b8-6205-5d73-95ad-5f774926f2cc,2016-01-17,28,2015-12-21T00:00:00+00:00,train,53,6,17,1,2,17,1,36,34.285714285714285,57.0,82.78571428571429,22,
resort_hotel,c31c4e41-2181-5ea7-875e-e62ec156c77b,2016-01-18,28,2015-12-22T00:00:00+00:00,train,59,0,18,1,3,18,0,60,52.42857142857143,48.5,67.21428571428571,20,
city_hotel,c7fb00b8-6205-5d73-95ad-5f774926f2cc,2016-01-18,28,2015-12-22T00:00:00+00:00,train,53,0,18,1,3,18,0,39,36.0,47.0,78.92857142857143,18,
resort_hotel,c31c4e41-2181-5ea7-875e-e62ec156c77b,2016-01-19,28,2015-12-23T00:00:00+00:00,train,68,1,19,1,3,19,0,83,57.285714285714285,51.857142857142854,67.60714285714286,23,
city_hotel,c7fb00b8-6205-5d73-95ad-5f774926f2cc,2016-01-19,28,2015-12-23T00:00:00+00:00,train,122,1,19,1,3,19,0,35,38.0,45.57142857142857,74.25,76,
resort_hotel,c31c4e41-2181-5ea7-875e-e62ec156c77b,2016-01-20,28,2015-12-24T00:00:00+00:00,train,70,2,20,1,3,20,0,96,63.57142857142857,54.57142857142857,68.5,22,
city_hotel,c7fb00b8-6205-5d73-95ad-5f774926f2cc,2016-01-20,28,2015-12-24T00:00:00+00:00,train,126,2,20,1,3,20,0,36,39.0,44.214285714285715,69.60714285714286,78,
resort_hotel,c31c4e41-2181-5ea7-875e-e62ec156c77b,2016-01-21,28,2015-12-25T00:00:00+00:00,train,56,3,21,1,3,21,0,129,74.57142857142857,60.5,70.82142857142857,17,
city_hotel,c7fb00b8-6205-5d73-95ad-5f774926f2cc,2016-01-21,28,2015-12-25T00:00:00+00:00,train,99,3,21,1,3,21,0,51,41.42857142857143,41.357142857142854,67.5,41,
resort_hotel,c31c4e41-2181-5ea7-875e-e62ec156c77b,2016-01-22,28,2015-12-26T00:00:00+00:00,train,55,4,22,1,3,22,0,137,87.42857142857143,67.21428571428571,72.67857142857143,18,
city_hotel,c7fb00b8-6205-5d73-95ad-5f774926f2cc,2016-01-22,28,2015-12-26T00:00:00+00:00,train,73,4,22,1,3,22,0,59,42.57142857142857,38.92857142857143,65.92857142857143,24,
resort_hotel,c31c4e41-2181-5ea7-875e-e62ec156c77b,2016-01-23,28,2015-12-27T00:00:00+00:00,train,71,5,23,1,3,23,1,143,99.42857142857143,73.35714285714286,74.35714285714286,16,
city_hotel,c7fb00b8-6205-5d73-95ad-5f774926f2cc,2016-01-23,28,2015-12-27T00:00:00+00:00,train,77,5,23,1,3,23,1,99,50.714285714285715,42.07142857142857,65.96428571428571,25,
resort_hotel,c31c4e41-2181-5ea7-875e-e62ec156c77b,2016-01-24,28,2015-12-28T00:00:00+00:00,train,33,6,24,1,3,24,1,131,111.28571428571429,80.64285714285714,77.78571428571429,11,
city_hotel,c7fb00b8-6205-5d73-95ad-5f774926f2cc,2016-01-24,28,2015-12-28T00:00:00+00:00,train,54,6,24,1,3,24,1,130,64.14285714285714,49.214285714285715,67.85714285714286,31,
resort_hotel,c31c4e41-2181-5ea7-875e-e62ec156c77b,2016-01-25,28,2015-12-29T00:00:00+00:00,train,36,0,25,1,4,25,0,123,120.28571428571429,86.35714285714286,80.17857142857143,10,
city_hotel,c7fb00b8-6205-5d73-95ad-5f774926f2cc,2016-01-25,28,2015-12-29T00:00:00+00:00,train,82,0,25,1,4,25,0,155,80.71428571428571,58.357142857142854,72.35714285714286,53,
resort_hotel,c31c4e41-2181-5ea7-875e-e62ec156c77b,2016-01-26,28,2015-12-30T00:00:00+00:00,train,61,1,26,1,4,26,0,90,121.28571428571429,89.28571428571429,80.92857142857143,13,
city_hotel,c7fb00b8-6205-5d73-95ad-5f774926f2cc,2016-01-26,28,2015-12-30T00:00:00+00:00,train,79,1,26,1,4,26,0,197,103.85714285714286,70.92857142857143,78.17857142857143,52,
resort_hotel,c31c4e41-2181-5ea7-875e-e62ec156c77b,2016-01-27,28,2015-12-31T00:00:00+00:00,train,50,2,27,1,4,27,0,168,131.57142857142858,97.57142857142857,84.07142857142857,13,
city_hotel,c7fb00b8-6205-5d73-95ad-5f774926f2cc,2016-01-27,28,2015-12-31T00:00:00+00:00,train,84,2,27,1,4,27,0,195,126.57142857142857,82.78571428571429,83.57142857142857,51,
resort_hotel,c31c4e41-2181-5ea7-875e-e62ec156c77b,2016-01-28,28,2016-01-01T00:00:00+00:00,train,64,3,28,1,4,28,0,179,138.71428571428572,106.64285714285714,87.42857142857143,22,
city_hotel,c7fb00b8-6205-5d73-95ad-5f774926f2cc,2016-01-28,28,2016-01-01T00:00:00+00:00,train,81,3,28,1,4,28,0,213,149.71428571428572,95.57142857142857,89.5,59,
resort_hotel,c31c4e41-2181-5ea7-875e-e62ec156c77b,2016-01-29,28,2016-01-02T00:00:00+00:00,train,60,4,29,1,4,29,0,172,143.71428571428572,115.57142857142857,91.75,24,
city_hotel,c7fb00b8-6205-5d73-95ad-5f774926f2cc,2016-01-29,28,2016-01-02T00:00:00+00:00,train,77,4,29,1,4,29,0,164,164.71428571428572,103.64285714285714,92.5,33,
resort_hotel,c31c4e41-2181-5ea7-875e-e62ec156c77b,2016-01-30,28,2016-01-03T00:00:00+00:00,train,63,5,30,1,4,30,1,148,144.42857142857142,121.92857142857143,91.53571428571429,23,
city_hotel,c7fb00b8-6205-5d73-95ad-5f774926f2cc,2016-01-30,28,2016-01-03T00:00:00+00:00,train,81,5,30,1,4,30,1,169,174.71428571428572,112.71428571428571,91.14285714285714,29,
resort_hotel,c31c4e41-2181-5ea7-875e-e62ec156c77b,2016-01-31,28,2016-01-04T00:00:00+00:00,train,38,6,31,1,4,31,1,69,135.57142857142858,123.42857142857143,88.5,15,
city_hotel,c7fb00b8-6205-5d73-95ad-5f774926f2cc,2016-01-31,28,2016-01-04T00:00:00+00:00,train,60,6,31,1,4,31,1,119,173.14285714285714,118.64285714285714,87.82142857142857,34,
resort_hotel,c31c4e41-2181-5ea7-875e-e62ec156c77b,2016-02-01,28,2016-01-05T00:00:00+00:00,train,54,0,1,2,5,32,0,81,129.57142857142858,124.92857142857143,86.71428571428571,17,
city_hotel,c7fb00b8-6205-5d73-95ad-5f774926f2cc,2016-02-01,28,2016-01-05T00:00:00+00:00,train,56,0,1,2,5,32,0,125,168.85714285714286,124.78571428571429,85.89285714285714,28,
resort_hotel,c31c4e41-2181-5ea7-875e-e62ec156c77b,2016-02-02,28,2016-01-06T00:00:00+00:00,train,73,1,2,2,5,33,0,73,127.14285714285714,124.21428571428571,88.03571428571429,17,
city_hotel,c7fb00b8-6205-5d73-95ad-5f774926f2cc,2016-02-02,28,2016-01-06T00:00:00+00:00,train,49,1,2,2,5,33,0,61,149.42857142857142,126.64285714285714,86.10714285714286,21,
resort_hotel,c31c4e41-2181-5ea7-875e-e62ec156c77b,2016-02-03,28,2016-01-07T00:00:00+00:00,train,75,2,3,2,5,34,0,72,113.42857142857143,122.5,88.53571428571429,19,
city_hotel,c7fb00b8-6205-5d73-95ad-5f774926f2cc,2016-02-03,28,2016-01-07T00:00:00+00:00,train,70,2,3,2,5,34,0,64,130.71428571428572,128.64285714285714,86.42857142857143,29,
resort_hotel,c31c4e41-2181-5ea7-875e-e62ec156c77b,2016-02-04,28,2016-01-08T00:00:00+00:00,train,90,3,4,2,5,35,0,71,98.0,118.35714285714286,89.42857142857143,20,
city_hotel,c7fb00b8-6205-5d73-95ad-5f774926f2cc,2016-02-04,28,2016-01-08T00:00:00+00:00,train,80,3,4,2,5,35,0,56,108.28571428571429,129.0,85.17857142857143,48,
resort_hotel,c31c4e41-2181-5ea7-875e-e62ec156c77b,2016-02-05,28,2016-01-09T00:00:00+00:00,train,97,4,5,2,5,36,0,54,81.14285714285714,112.42857142857143,89.82142857142857,23,
city_hotel,c7fb00b8-6205-5d73-95ad-5f774926f2cc,2016-02-05,28,2016-01-09T00:00:00+00:00,train,109,4,5,2,5,36,0,47,91.57142857142857,128.14285714285714,83.53571428571429,67,
resort_hotel,c31c4e41-2181-5ea7-875e-e62ec156c77b,2016-02-06,28,2016-01-10T00:00:00+00:00,train,161,5,6,2,5,37,1,65,69.28571428571429,106.85714285714286,90.10714285714286,73,
city_hotel,c7fb00b8-6205-5d73-95ad-5f774926f2cc,2016-02-06,28,2016-01-10T00:00:00+00:00,train,170,5,6,2,5,37,1,49,74.42857142857143,124.57142857142857,83.32142857142857,109,
resort_hotel,c31c4e41-2181-5ea7-875e-e62ec156c77b,2016-02-07,28,2016-01-11T00:00:00+00:00,train,144,6,7,2,5,38,1,56,67.42857142857143,101.5,91.07142857142857,98,
city_hotel,c7fb00b8-6205-5d73-95ad-5f774926f2cc,2016-02-07,28,2016-01-11T00:00:00+00:00,train,162,6,7,2,5,38,1,47,64.14285714285714,118.64285714285714,83.92857142857143,115,
resort_hotel,c31c4e41-2181-5ea7-875e-e62ec156c77b,2016-02-08,28,2016-01-12T00:00:00+00:00,train,139,0,8,2,6,39,0,64,65.0,97.28571428571429,91.82142857142857,113,
city_hotel,c7fb00b8-6205-5d73-95ad-5f774926f2cc,2016-02-08,28,2016-01-12T00:00:00+00:00,train,173,0,8,2,6,39,0,36,51.42857142857143,110.14285714285714,84.25,116,
resort_hotel,c31c4e41-2181-5ea7-875e-e62ec156c77b,2016-02-09,28,2016-01-13T00:00:00+00:00,train,93,1,9,2,6,40,0,75,65.28571428571429,96.21428571428571,92.75,59,
city_hotel,c7fb00b8-6205-5d73-95ad-5f774926f2cc,2016-02-09,28,2016-01-13T00:00:00+00:00,train,155,1,9,2,6,40,0,45,49.142857142857146,99.28571428571429,85.10714285714286,110,
resort_hotel,c31c4e41-2181-5ea7-875e-e62ec156c77b,2016-02-10,28,2016-01-14T00:00:00+00:00,train,91,2,10,2,6,41,0,65,64.28571428571429,88.85714285714286,93.21428571428571,61,
city_hotel,c7fb00b8-6205-5d73-95ad-5f774926f2cc,2016-02-10,28,2016-01-14T00:00:00+00:00,train,100,2,10,2,6,41,0,40,45.714285714285715,88.21428571428571,85.5,57,
resort_hotel,c31c4e41-2181-5ea7-875e-e62ec156c77b,2016-02-11,28,2016-01-15T00:00:00+00:00,train,81,3,11,2,6,42,0,78,65.28571428571429,81.64285714285714,94.14285714285714,46,
city_hotel,c7fb00b8-6205-5d73-95ad-5f774926f2cc,2016-02-11,28,2016-01-15T00:00:00+00:00,train,107,3,11,2,6,42,0,67,47.285714285714285,77.78571428571429,86.67857142857143,64,
resort_hotel,c31c4e41-2181-5ea7-875e-e62ec156c77b,2016-02-12,28,2016-01-16T00:00:00+00:00,train,129,4,12,2,6,43,0,72,67.85714285714286,74.5,95.03571428571429,128,
city_hotel,c7fb00b8-6205-5d73-95ad-5f774926f2cc,2016-02-12,28,2016-01-16T00:00:00+00:00,train,148,4,12,2,6,43,0,79,51.857142857142854,71.71428571428571,87.67857142857143,72,
resort_hotel,c31c4e41-2181-5ea7-875e-e62ec156c77b,2016-02-13,28,2016-01-17T00:00:00+00:00,train,170,5,13,2,6,44,1,75,69.28571428571429,69.28571428571429,95.60714285714286,133,
city_hotel,c7fb00b8-6205-5d73-95ad-5f774926f2cc,2016-02-13,28,2016-01-17T00:00:00+00:00,train,195,5,13,2,6,44,1,90,57.714285714285715,66.07142857142857,89.39285714285714,83,
resort_hotel,c31c4e41-2181-5ea7-875e-e62ec156c77b,2016-02-14,28,2016-01-18T00:00:00+00:00,train,94,6,14,2,6,45,1,42,67.28571428571429,67.35714285714286,95.39285714285714,43,
city_hotel,c7fb00b8-6205-5d73-95ad-5f774926f2cc,2016-02-14,28,2016-01-18T00:00:00+00:00,train,140,6,14,2,6,45,1,53,58.57142857142857,61.357142857142854,90.0,56,
resort_hotel,c31c4e41-2181-5ea7-875e-e62ec156c77b,2016-02-15,28,2016-01-19T00:00:00+00:00,train,81,0,15,2,7,46,0,59,66.57142857142857,65.78571428571429,95.35714285714286,38,
city_hotel,c7fb00b8-6205-5d73-95ad-5f774926f2cc,2016-02-15,28,2016-01-19T00:00:00+00:00,train,123,0,15,2,7,46,0,53,61.0,56.214285714285715,90.5,50,
resort_hotel,c31c4e41-2181-5ea7-875e-e62ec156c77b,2016-02-16,28,2016-01-20T00:00:00+00:00,train,99,1,16,2,7,47,0,68,65.57142857142857,65.42857142857143,94.82142857142857,38,
city_hotel,c7fb00b8-6205-5d73-95ad-5f774926f2cc,2016-02-16,28,2016-01-20T00:00:00+00:00,train,124,1,16,2,7,47,0,122,72.0,60.57142857142857,93.60714285714286,42,
resort_hotel,c31c4e41-2181-5ea7-875e-e62ec156c77b,2016-02-17,28,2016-01-21T00:00:00+00:00,train,112,2,17,2,7,48,0,70,66.28571428571429,65.28571428571429,93.89285714285714,42,
city_hotel,c7fb00b8-6205-5d73-95ad-5f774926f2cc,2016-02-17,28,2016-01-21T00:00:00+00:00,train,107,2,17,2,7,48,0,126,84.28571428571429,65.0,96.82142857142857,36,
resort_hotel,c31c4e41-2181-5ea7-875e-e62ec156c77b,2016-02-18,28,2016-01-22T00:00:00+00:00,train,97,3,18,2,7,49,0,56,63.142857142857146,64.21428571428571,91.28571428571429,37,
city_hotel,c7fb00b8-6205-5d73-95ad-5f774926f2cc,2016-02-18,28,2016-01-22T00:00:00+00:00,train,115,3,18,2,7,49,0,99,88.85714285714286,68.07142857142857,98.53571428571429,48,
resort_hotel,c31c4e41-2181-5ea7-875e-e62ec156c77b,2016-02-19,28,2016-01-23T00:00:00+00:00,train,81,4,19,2,7,50,0,55,60.714285714285715,64.28571428571429,88.35714285714286,39,
city_hotel,c7fb00b8-6205-5d73-95ad-5f774926f2cc,2016-02-19,28,2016-01-23T00:00:00+00:00,train,204,4,19,2,7,50,0,73,88.0,69.92857142857143,99.03571428571429,99,
resort_hotel,c31c4e41-2181-5ea7-875e-e62ec156c77b,2016-02-20,28,2016-01-24T00:00:00+00:00,train,86,5,20,2,7,51,1,71,60.142857142857146,64.71428571428571,85.78571428571429,39,
city_hotel,c7fb00b8-6205-5d73-95ad-5f774926f2cc,2016-02-20,28,2016-01-24T00:00:00+00:00,train,151,5,20,2,7,51,1,77,86.14285714285714,71.92857142857143,98.25,75,
resort_hotel,c31c4e41-2181-5ea7-875e-e62ec156c77b,2016-02-21,28,2016-01-25T00:00:00+00:00,train,54,6,21,2,7,52,1,33,58.857142857142854,63.07142857142857,82.28571428571429,35,
city_hotel,c7fb00b8-6205-5d73-95ad-5f774926f2cc,2016-02-21,28,2016-01-25T00:00:00+00:00,train,114,6,21,2,7,52,1,54,86.28571428571429,72.42857142857143,95.53571428571429,60,
resort_hotel,c31c4e41-2181-5ea7-875e-e62ec156c77b,2016-02-22,28,2016-01-26T00:00:00+00:00,train,87,0,22,2,8,53,0,36,55.57142857142857,61.07142857142857,79.17857142857143,36,
city_hotel,c7fb00b8-6205-5d73-95ad-5f774926f2cc,2016-02-22,28,2016-01-26T00:00:00+00:00,train,122,0,22,2,8,53,0,82,90.42857142857143,75.71428571428571,92.92857142857143,69,
resort_hotel,c31c4e41-2181-5ea7-875e-e62ec156c77b,2016-02-23,28,2016-01-27T00:00:00+00:00,train,93,1,23,2,8,54,0,61,54.57142857142857,60.07142857142857,78.14285714285714,37,
city_hotel,c7fb00b8-6205-5d73-95ad-5f774926f2cc,2016-02-23,28,2016-01-27T00:00:00+00:00,train,128,1,23,2,8,54,0,79,84.28571428571429,78.14285714285714,88.71428571428571,69,
resort_hotel,c31c4e41-2181-5ea7-875e-e62ec156c77b,2016-02-24,28,2016-01-28T00:00:00+00:00,train,92,2,24,2,8,55,0,50,51.714285714285715,59.0,73.92857142857143,37,
city_hotel,c7fb00b8-6205-5d73-95ad-5f774926f2cc,2016-02-24,28,2016-01-28T00:00:00+00:00,train,135,2,24,2,8,55,0,84,78.28571428571429,81.28571428571429,84.75,67,
resort_hotel,c31c4e41-2181-5ea7-875e-e62ec156c77b,2016-02-25,28,2016-01-29T00:00:00+00:00,train,100,3,25,2,8,56,0,64,52.857142857142854,58.0,69.82142857142857,40,
city_hotel,c7fb00b8-6205-5d73-95ad-5f774926f2cc,2016-02-25,28,2016-01-29T00:00:00+00:00,train,129,3,25,2,8,56,0,81,75.71428571428571,82.28571428571429,80.03571428571429,57,
resort_hotel,c31c4e41-2181-5ea7-875e-e62ec156c77b,2016-02-26,28,2016-01-30T00:00:00+00:00,train,121,4,26,2,8,57,0,60,53.57142857142857,57.142857142857146,65.82142857142857,51,
city_hotel,c7fb00b8-6205-5d73-95ad-5f774926f2cc,2016-02-26,28,2016-01-30T00:00:00+00:00,train,139,4,26,2,8,57,0,77,76.28571428571429,82.14285714285714,76.92857142857143,72,
resort_hotel,c31c4e41-2181-5ea7-875e-e62ec156c77b,2016-02-27,28,2016-01-31T00:00:00+00:00,train,181,5,27,2,8,58,1,63,52.42857142857143,56.285714285714285,62.785714285714285,86,
city_hotel,c7fb00b8-6205-5d73-95ad-5f774926f2cc,2016-02-27,28,2016-01-31T00:00:00+00:00,train,168,5,27,2,8,58,1,81,76.85714285714286,81.5,73.78571428571429,110,
resort_hotel,c31c4e41-2181-5ea7-875e-e62ec156c77b,2016-02-28,28,2016-02-01T00:00:00+00:00,train,166,6,28,2,8,59,1,38,53.142857142857146,56.0,61.67857142857143,89,
city_hotel,c7fb00b8-6205-5d73-95ad-5f774926f2cc,2016-02-28,28,2016-02-01T00:00:00+00:00,train,136,6,28,2,8,59,1,60,77.71428571428571,82.0,71.67857142857143,169,
resort_hotel,c31c4e41-2181-5ea7-875e-e62ec156c77b,2016-02-29,28,2016-02-02T00:00:00+00:00,train,87,0,29,2,9,60,0,54,55.714285714285715,55.642857142857146,60.714285714285715,42,
city_hotel,c7fb00b8-6205-5d73-95ad-5f774926f2cc,2016-02-29,28,2016-02-02T00:00:00+00:00,train,130,0,29,2,9,60,0,56,74.0,82.21428571428571,69.21428571428571,157,
resort_hotel,c31c4e41-2181-5ea7-875e-e62ec156c77b,2016-03-01,28,2016-02-03T00:00:00+00:00,train,112,1,1,3,9,61,0,73,57.42857142857143,56.0,60.714285714285715,55,
city_hotel,c7fb00b8-6205-5d73-95ad-5f774926f2cc,2016-03-01,28,2016-02-03T00:00:00+00:00,train,169,1,1,3,9,61,0,49,69.71428571428571,77.0,68.78571428571429,172,
resort_hotel,c31c4e41-2181-5ea7-875e-e62ec156c77b,2016-03-02,28,2016-02-04T00:00:00+00:00,train,123,2,2,3,9,62,0,75,61.0,56.357142857142854,60.82142857142857,54,
city_hotel,c7fb00b8-6205-5d73-95ad-5f774926f2cc,2016-03-02,28,2016-02-04T00:00:00+00:00,train,179,2,2,3,9,62,0,70,67.71428571428571,73.0,69.0,83,
resort_hotel,c31c4e41-2181-5ea7-875e-e62ec156c77b,2016-03-03,28,2016-02-05T00:00:00+00:00,train,101,3,3,3,9,63,0,90,64.71428571428571,58.785714285714285,61.5,51,
city_hotel,c7fb00b8-6205-5d73-95ad-5f774926f2cc,2016-03-03,28,2016-02-05T00:00:00+00:00,train,158,3,3,3,9,63,0,80,67.57142857142857,71.64285714285714,69.85714285714286,87,
resort_hotel,c31c4e41-2181-5ea7-875e-e62ec156c77b,2016-03-04,28,2016-02-06T00:00:00+00:00,train,120,4,4,3,9,64,0,97,70.0,61.785714285714285,63.035714285714285,61,
city_hotel,c7fb00b8-6205-5d73-95ad-5f774926f2cc,2016-03-04,28,2016-02-06T00:00:00+00:00,train,170,4,4,3,9,64,0,109,72.14285714285714,74.21428571428571,72.07142857142857,137,
resort_hotel,c31c4e41-2181-5ea7-875e-e62ec156c77b,2016-03-05,28,2016-02-07T00:00:00+00:00,train,132,5,5,3,9,65,1,161,84.0,68.21428571428571,66.46428571428571,66,
city_hotel,c7fb00b8-6205-5d73-95ad-5f774926f2cc,2016-03-05,28,2016-02-07T00:00:00+00:00,train,194,5,5,3,9,65,1,170,84.85714285714286,80.85714285714286,76.39285714285714,174,
resort_hotel,c31c4e41-2181-5ea7-875e-e62ec156c77b,2016-03-06,28,2016-02-08T00:00:00+00:00,train,77,6,6,3,9,66,1,144,99.14285714285714,76.14285714285714,69.60714285714286,50,
city_hotel,c7fb00b8-6205-5d73-95ad-5f774926f2cc,2016-03-06,28,2016-02-08T00:00:00+00:00,train,154,6,6,3,9,66,1,162,99.42857142857143,88.57142857142857,80.5,135,
resort_hotel,c31c4e41-2181-5ea7-875e-e62ec156c77b,2016-03-07,28,2016-02-09T00:00:00+00:00,train,118,0,7,3,10,67,0,139,111.28571428571429,83.5,72.28571428571429,86,
city_hotel,c7fb00b8-6205-5d73-95ad-5f774926f2cc,2016-03-07,28,2016-02-09T00:00:00+00:00,train,165,0,7,3,10,67,0,173,116.14285714285714,95.07142857142857,85.39285714285714,120,
resort_hotel,c31c4e41-2181-5ea7-875e-e62ec156c77b,2016-03-08,28,2016-02-10T00:00:00+00:00,train,139,1,8,3,10,68,0,93,114.14285714285714,85.78571428571429,72.92857142857143,87,
city_hotel,c7fb00b8-6205-5d73-95ad-5f774926f2cc,2016-03-08,28,2016-02-10T00:00:00+00:00,train,170,1,8,3,10,68,0,155,131.28571428571428,100.5,89.32142857142857,94,
resort_hotel,c31c4e41-2181-5ea7-875e-e62ec156c77b,2016-03-09,28,2016-02-11T00:00:00+00:00,train,148,2,9,3,10,69,0,91,116.42857142857143,88.71428571428571,73.85714285714286,100,
city_hotel,c7fb00b8-6205-5d73-95ad-5f774926f2cc,2016-03-09,28,2016-02-11T00:00:00+00:00,train,182,2,9,3,10,69,0,100,135.57142857142858,101.64285714285714,91.46428571428571,105,
resort_hotel,c31c4e41-2181-5ea7-875e-e62ec156c77b,2016-03-10,28,2016-02-12T00:00:00+00:00,train,146,3,10,3,10,70,0,81,115.14285714285714,89.92857142857143,73.96428571428571,107,
city_hotel,c7fb00b8-6205-5d73-95ad-5f774926f2cc,2016-03-10,28,2016-02-12T00:00:00+00:00,train,185,3,10,3,10,70,0,107,139.42857142857142,103.5,92.89285714285714,120,
resort_hotel,c31c4e41-2181-5ea7-875e-e62ec156c77b,2016-03-11,28,2016-02-13T00:00:00+00:00,train,169,4,11,3,10,71,0,129,119.71428571428571,94.85714285714286,76.0,144,
city_hotel,c7fb00b8-6205-5d73-95ad-5f774926f2cc,2016-03-11,28,2016-02-13T00:00:00+00:00,train,197,4,11,3,10,71,0,148,145.0,108.57142857142857,95.35714285714286,150,
resort_hotel,c31c4e41-2181-5ea7-875e-e62ec156c77b,2016-03-12,28,2016-02-14T00:00:00+00:00,train,154,5,12,3,10,72,1,170,121.0,102.5,79.39285714285714,100,
city_hotel,c7fb00b8-6205-5d73-95ad-5f774926f2cc,2016-03-12,28,2016-02-14T00:00:00+00:00,train,194,5,12,3,10,72,1,195,148.57142857142858,116.71428571428571,99.10714285714286,165,
resort_hotel,c31c4e41-2181-5ea7-875e-e62ec156c77b,2016-03-13,28,2016-02-15T00:00:00+00:00,train,88,6,13,3,10,73,1,94,113.85714285714286,106.5,81.25,65,
city_hotel,c7fb00b8-6205-5d73-95ad-5f774926f2cc,2016-03-13,28,2016-02-15T00:00:00+00:00,train,193,6,13,3,10,73,1,140,145.42857142857142,122.42857142857143,102.21428571428571,172,
resort_hotel,c31c4e41-2181-5ea7-875e-e62ec156c77b,2016-03-14,28,2016-02-16T00:00:00+00:00,train,118,0,14,3,11,74,0,81,105.57142857142857,108.42857142857143,82.03571428571429,59,
city_hotel,c7fb00b8-6205-5d73-95ad-5f774926f2cc,2016-03-14,28,2016-02-16T00:00:00+00:00,train,174,0,14,3,11,74,0,123,138.28571428571428,127.21428571428571,104.71428571428571,147,
resort_hotel,c31c4e41-2181-5ea7-875e-e62ec156c77b,2016-03-15,28,2016-02-17T00:00:00+00:00,train,136,1,15,3,11,75,0,99,106.42857142857143,110.28571428571429,83.14285714285714,57,
city_hotel,c7fb00b8-6205-5d73-95ad-5f774926f2cc,2016-03-15,28,2016-02-17T00:00:00+00:00,train,181,1,15,3,11,75,0,124,133.85714285714286,132.57142857142858,104.78571428571429,145,
resort_hotel,c31c4e41-2181-5ea7-875e-e62ec156c77b,2016-03-16,28,2016-02-18T00:00:00+00:00,train,141,2,16,3,11,76,0,112,109.42857142857143,112.92857142857143,84.64285714285714,64,
city_hotel,c7fb00b8-6205-5d73-95ad-5f774926f2cc,2016-03-16,28,2016-02-18T00:00:00+00:00,train,174,2,16,3,11,76,0,107,134.85714285714286,135.21428571428572,104.10714285714286,129,
resort_hotel,c31c4e41-2181-5ea7-875e-e62ec156c77b,2016-03-17,28,2016-02-19T00:00:00+00:00,train,156,3,17,3,11,77,0,97,111.71428571428571,113.42857142857143,86.10714285714286,82,
city_hotel,c7fb00b8-6205-5d73-95ad-5f774926f2cc,2016-03-17,28,2016-02-19T00:00:00+00:00,train,179,3,17,3,11,77,0,115,136.0,137.71428571428572,104.67857142857143,130,
resort_hotel,c31c4e41-2181-5ea7-875e-e62ec156c77b,2016-03-18,28,2016-02-20T00:00:00+00:00,train,140,4,18,3,11,78,0,81,104.85714285714286,112.28571428571429,87.03571428571429,82,
city_hotel,c7fb00b8-6205-5d73-95ad-5f774926f2cc,2016-03-18,28,2016-02-20T00:00:00+00:00,train,181,4,18,3,11,78,0,204,144.0,144.5,109.35714285714286,155,
resort_hotel,c31c4e41-2181-5ea7-875e-e62ec156c77b,2016-03-19,28,2016-02-21T00:00:00+00:00,train,174,5,19,3,11,79,1,86,92.85714285714286,106.92857142857143,87.57142857142857,97,
city_hotel,c7fb00b8-6205-5d73-95ad-5f774926f2cc,2016-03-19,28,2016-02-21T00:00:00+00:00,train,185,5,19,3,11,79,1,151,137.71428571428572,143.14285714285714,112.0,185,
resort_hotel,c31c4e41-2181-5ea7-875e-e62ec156c77b,2016-03-20,28,2016-02-22T00:00:00+00:00,train,153,6,20,3,11,80,1,54,87.14285714285714,100.5,88.32142857142857,92,
city_hotel,c7fb00b8-6205-5d73-95ad-5f774926f2cc,2016-03-20,28,2016-02-22T00:00:00+00:00,train,212,6,20,3,11,80,1,114,134.0,139.71428571428572,114.14285714285714,185,
resort_hotel,c31c4e41-2181-5ea7-875e-e62ec156c77b,2016-03-21,28,2016-02-23T00:00:00+00:00,train,177,0,21,3,12,81,0,87,88.0,96.78571428571429,90.14285714285714,93,
city_hotel,c7fb00b8-6205-5d73-95ad-5f774926f2cc,2016-03-21,28,2016-02-23T00:00:00+00:00,train,214,0,21,3,12,81,0,122,133.85714285714286,136.07142857142858,115.57142857142857,186,
resort_hotel,c31c4e41-2181-5ea7-875e-e62ec156c77b,2016-03-22,28,2016-02-24T00:00:00+00:00,train,178,1,22,3,12,82,0,93,87.14285714285714,96.78571428571429,91.28571428571429,94,
city_hotel,c7fb00b8-6205-5d73-95ad-5f774926f2cc,2016-03-22,28,2016-02-24T00:00:00+00:00,train,191,1,22,3,12,82,0,128,134.42857142857142,134.14285714285714,117.32142857142857,153,
resort_hotel,c31c4e41-2181-5ea7-875e-e62ec156c77b,2016-03-23,28,2016-02-25T00:00:00+00:00,train,154,2,23,3,12,83,0,92,84.28571428571429,96.85714285714286,92.78571428571429,90,
city_hotel,c7fb00b8-6205-5d73-95ad-5f774926f2cc,2016-03-23,28,2016-02-25T00:00:00+00:00,train,195,2,23,3,12,83,0,135,138.42857142857142,136.64285714285714,119.14285714285714,172,
resort_hotel,c31c4e41-2181-5ea7-875e-e62ec156c77b,2016-03-24,28,2016-02-26T00:00:00+00:00,train,176,3,24,3,12,84,0,100,84.71428571428571,98.21428571428571,94.07142857142857,164,
city_hotel,c7fb00b8-6205-5d73-95ad-5f774926f2cc,2016-03-24,28,2016-02-26T00:00:00+00:00,train,223,3,24,3,12,84,0,129,140.42857142857142,138.21428571428572,120.85714285714286,202,
resort_hotel,c31c4e41-2181-5ea7-875e-e62ec156c77b,2016-03-25,28,2016-02-27T00:00:00+00:00,train,187,4,25,3,12,85,0,121,90.42857142857143,97.64285714285714,96.25,175,
city_hotel,c7fb00b8-6205-5d73-95ad-5f774926f2cc,2016-03-25,28,2016-02-27T00:00:00+00:00,train,219,4,25,3,12,85,0,139,131.14285714285714,137.57142857142858,123.07142857142857,212,
resort_hotel,c31c4e41-2181-5ea7-875e-e62ec156c77b,2016-03-26,28,2016-02-28T00:00:00+00:00,train,179,5,26,3,12,86,1,181,104.0,98.42857142857143,100.46428571428571,161,
city_hotel,c7fb00b8-6205-5d73-95ad-5f774926f2cc,2016-03-26,28,2016-02-28T00:00:00+00:00,train,201,5,26,3,12,86,1,168,133.57142857142858,135.64285714285714,126.17857142857143,193,
resort_hotel,c31c4e41-2181-5ea7-875e-e62ec156c77b,2016-03-27,28,2016-02-29T00:00:00+00:00,train,107,6,27,3,12,87,1,166,120.0,103.57142857142857,105.03571428571429,75,
city_hotel,c7fb00b8-6205-5d73-95ad-5f774926f2cc,2016-03-27,28,2016-02-29T00:00:00+00:00,train,174,6,27,3,12,87,1,136,136.71428571428572,135.35714285714286,128.89285714285714,174,
resort_hotel,c31c4e41-2181-5ea7-875e-e62ec156c77b,2016-03-28,28,2016-03-01T00:00:00+00:00,train,105,0,28,3,13,88,0,87,120.0,104.0,106.21428571428571,67,
city_hotel,c7fb00b8-6205-5d73-95ad-5f774926f2cc,2016-03-28,28,2016-03-01T00:00:00+00:00,train,167,0,28,3,13,88,0,130,137.85714285714286,135.85714285714286,131.53571428571428,161,
resort_hotel,c31c4e41-2181-5ea7-875e-e62ec156c77b,2016-03-29,28,2016-03-02T00:00:00+00:00,train,115,1,29,3,13,89,0,112,122.71428571428571,104.92857142857143,107.60714285714286,73,
city_hotel,c7fb00b8-6205-5d73-95ad-5f774926f2cc,2016-03-29,28,2016-03-02T00:00:00+00:00,train,180,1,29,3,13,89,0,169,143.71428571428572,139.07142857142858,135.82142857142858,164,
resort_hotel,c31c4e41-2181-5ea7-875e-e62ec156c77b,2016-03-30,28,2016-03-03T00:00:00+00:00,train,130,2,30,3,13,90,0,123,127.14285714285714,105.71428571428571,109.32142857142857,88,
city_hotel,c7fb00b8-6205-5d73-95ad-5f774926f2cc,2016-03-30,28,2016-03-03T00:00:00+00:00,train,184,2,30,3,13,90,0,179,150.0,144.21428571428572,139.71428571428572,157,
resort_hotel,c31c4e41-2181-5ea7-875e-e62ec156c77b,2016-03-31,28,2016-03-04T00:00:00+00:00,train,166,3,31,3,13,91,0,101,127.28571428571429,106.0,109.71428571428571,167,
city_hotel,c7fb00b8-6205-5d73-95ad-5f774926f2cc,2016-03-31,28,2016-03-04T00:00:00+00:00,train,204,3,31,3,13,91,0,158,154.14285714285714,147.28571428571428,142.5,205,
resort_hotel,c31c4e41-2181-5ea7-875e-e62ec156c77b,2016-04-01,28,2016-03-05T00:00:00+00:00,train,160,4,1,4,13,92,0,120,127.14285714285714,108.78571428571429,110.53571428571429,165,
city_hotel,c7fb00b8-6205-5d73-95ad-5f774926f2cc,2016-04-01,28,2016-03-05T00:00:00+00:00,train,206,4,1,4,13,92,0,170,158.57142857142858,144.85714285714286,144.67857142857142,208,
resort_hotel,c31c4e41-2181-5ea7-875e-e62ec156c77b,2016-04-02,28,2016-03-06T00:00:00+00:00,train,163,5,2,4,13,93,1,132,120.14285714285714,112.07142857142857,109.5,169,
city_hotel,c7fb00b8-6205-5d73-95ad-5f774926f2cc,2016-04-02,28,2016-03-06T00:00:00+00:00,train,189,5,2,4,13,93,1,194,162.28571428571428,147.92857142857142,145.53571428571428,197,
resort_hotel,c31c4e41-2181-5ea7-875e-e62ec156c77b,2016-04-03,28,2016-03-07T00:00:00+00:00,train,132,6,3,4,13,94,1,77,107.42857142857143,113.71428571428571,107.10714285714286,133,
city_hotel,c7fb00b8-6205-5d73-95ad-5f774926f2cc,2016-04-03,28,2016-03-07T00:00:00+00:00,train,152,6,3,4,13,94,1,154,164.85714285714286,150.78571428571428,145.25,160,
resort_hotel,c31c4e41-2181-5ea7-875e-e62ec156c77b,2016-04-04,28,2016-03-08T00:00:00+00:00,train,136,0,4,4,14,95,0,118,111.85714285714286,115.92857142857143,106.35714285714286,99,
city_hotel,c7fb00b8-6205-5d73-95ad-5f774926f2cc,2016-04-04,28,2016-03-08T00:00:00+00:00,train,174,0,4,4,14,95,0,165,169.85714285714286,153.85714285714286,144.96428571428572,159,
resort_hotel,c31c4e41-2181-5ea7-875e-e62ec156c77b,2016-04-05,28,2016-03-09T00:00:00+00:00,train,148,1,5,4,14,96,0,139,115.71428571428571,119.21428571428571,108.0,95,
city_hotel,c7fb00b8-6205-5d73-95ad-5f774926f2cc,2016-04-05,28,2016-03-09T00:00:00+00:00,train,179,1,5,4,14,96,0,170,170.0,156.85714285714286,145.5,163,
resort_hotel,c31c4e41-2181-5ea7-875e-e62ec156c77b,2016-04-06,28,2016-03-10T00:00:00+00:00,train,120,2,6,4,14,97,0,148,119.28571428571429,123.21428571428571,110.03571428571429,57,
city_hotel,c7fb00b8-6205-5d73-95ad-5f774926f2cc,2016-04-06,28,2016-03-10T00:00:00+00:00,train,216,2,6,4,14,97,0,182,170.42857142857142,160.21428571428572,148.42857142857142,215,
resort_hotel,c31c4e41-2181-5ea7-875e-e62ec156c77b,2016-04-07,28,2016-03-11T00:00:00+00:00,train,155,3,7,4,14,98,0,146,125.71428571428571,126.5,112.35714285714286,94,
city_hotel,c7fb00b8-6205-5d73-95ad-5f774926f2cc,2016-04-07,28,2016-03-11T00:00:00+00:00,train,161,3,7,4,14,98,0,185,174.28571428571428,164.21428571428572,151.21428571428572,138,
resort_hotel,c31c4e41-2181-5ea7-875e-e62ec156c77b,2016-04-08,28,2016-03-12T00:00:00+00:00,train,155,4,8,4,14,99,0,169,132.71428571428572,129.92857142857142,113.78571428571429,100,
city_hotel,c7fb00b8-6205-5d73-95ad-5f774926f2cc,2016-04-08,28,2016-03-12T00:00:00+00:00,train,170,4,8,4,14,99,0,197,178.14285714285714,168.35714285714286,152.96428571428572,155,
resort_hotel,c31c4e41-2181-5ea7-875e-e62ec156c77b,2016-04-09,28,2016-03-13T00:00:00+00:00,train,166,5,9,4,14,100,1,154,135.85714285714286,128.0,113.21428571428571,121,
city_hotel,c7fb00b8-6205-5d73-95ad-5f774926f2cc,2016-04-09,28,2016-03-13T00:00:00+00:00,train,196,5,9,4,14,100,1,194,178.14285714285714,170.21428571428572,152.92857142857142,199,
resort_hotel,c31c4e41-2181-5ea7-875e-e62ec156c77b,2016-04-10,28,2016-03-14T00:00:00+00:00,train,143,6,10,4,14,101,1,88,137.42857142857142,122.42857142857143,113.0,109,
city_hotel,c7fb00b8-6205-5d73-95ad-5f774926f2cc,2016-04-10,28,2016-03-14T00:00:00+00:00,train,186,6,10,4,14,101,1,193,183.71428571428572,174.28571428571428,154.82142857142858,175,
resort_hotel,c31c4e41-2181-5ea7-875e-e62ec156c77b,2016-04-11,28,2016-03-15T00:00:00+00:00,train,162,0,11,4,15,102,0,118,137.42857142857142,124.64285714285714,114.32142857142857,116,
city_hotel,c7fb00b8-6205-5d73-95ad-5f774926f2cc,2016-04-11,28,2016-03-15T00:00:00+00:00,train,192,0,11,4,15,102,0,174,185.0,177.42857142857142,156.64285714285714,167,
resort_hotel,c31c4e41-2181-5ea7-875e-e62ec156c77b,2016-04-12,28,2016-03-16T00:00:00+00:00,train,164,1,12,4,15,103,0,136,137.0,126.35714285714286,115.64285714285714,117,
city_hotel,c7fb00b8-6205-5d73-95ad-5f774926f2cc,2016-04-12,28,2016-03-16T00:00:00+00:00,train,198,1,12,4,15,103,0,181,186.57142857142858,178.28571428571428,158.67857142857142,191,
resort_hotel,c31c4e41-2181-5ea7-875e-e62ec156c77b,2016-04-13,28,2016-03-17T00:00:00+00:00,train,178,2,13,4,15,104,0,141,136.0,127.64285714285714,116.67857142857143,127,
city_hotel,c7fb00b8-6205-5d73-95ad-5f774926f2cc,2016-04-13,28,2016-03-17T00:00:00+00:00,train,222,2,13,4,15,104,0,174,185.42857142857142,177.92857142857142,161.07142857142858,180,
resort_hotel,c31c4e41-2181-5ea7-875e-e62ec156c77b,2016-04-14,28,2016-03-18T00:00:00+00:00,train,174,3,14,4,15,105,0,156,137.42857142857142,131.57142857142858,118.78571428571429,124,
city_hotel,c7fb00b8-6205-5d73-95ad-5f774926f2cc,2016-04-14,28,2016-03-18T00:00:00+00:00,train,176,3,14,4,15,105,0,179,184.57142857142858,179.42857142857142,163.35714285714286,180,
resort_hotel,c31c4e41-2181-5ea7-875e-e62ec156c77b,2016-04-15,28,2016-03-19T00:00:00+00:00,train,152,4,15,4,15,106,0,140,133.28571428571428,133.0,120.89285714285714,113,
city_hotel,c7fb00b8-6205-5d73-95ad-5f774926f2cc,2016-04-15,28,2016-03-19T00:00:00+00:00,train,180,4,15,4,15,106,0,181,182.28571428571428,180.21428571428572,162.53571428571428,179,
resort_hotel,c31c4e41-2181-5ea7-875e-e62ec156c77b,2016-04-16,28,2016-03-20T00:00:00+00:00,train,157,5,16,4,15,107,1,174,136.14285714285714,136.0,124.03571428571429,124,
city_hotel,c7fb00b8-6205-5d73-95ad-5f774926f2cc,2016-04-16,28,2016-03-20T00:00:00+00:00,train,198,5,16,4,15,107,1,185,181.0,179.57142857142858,163.75,193,
resort_hotel,c31c4e41-2181-5ea7-875e-e62ec156c77b,2016-04-17,28,2016-03-21T00:00:00+00:00,train,122,6,17,4,15,108,1,153,145.42857142857142,141.42857142857142,127.57142857142857,101,
city_hotel,c7fb00b8-6205-5d73-95ad-5f774926f2cc,2016-04-17,28,2016-03-21T00:00:00+00:00,train,186,6,17,4,15,108,1,212,183.71428571428572,183.71428571428572,167.25,160,
resort_hotel,c31c4e41-2181-5ea7-875e-e62ec156c77b,2016-04-18,28,2016-03-22T00:00:00+00:00,train,159,0,18,4,16,109,0,177,153.85714285714286,145.64285714285714,130.78571428571428,139,
city_hotel,c7fb00b8-6205-5d73-95ad-5f774926f2cc,2016-04-18,28,2016-03-22T00:00:00+00:00,train,202,0,18,4,16,109,0,214,189.42857142857142,187.21428571428572,170.53571428571428,175,
resort_hotel,c31c4e41-2181-5ea7-875e-e62ec156c77b,2016-04-19,28,2016-03-23T00:00:00+00:00,train,183,1,19,4,16,110,0,178,159.85714285714286,148.42857142857142,133.82142857142858,174,
city_hotel,c7fb00b8-6205-5d73-95ad-5f774926f2cc,2016-04-19,28,2016-03-23T00:00:00+00:00,train,183,1,19,4,16,110,0,191,190.85714285714286,188.71428571428572,172.78571428571428,154,
resort_hotel,c31c4e41-2181-5ea7-875e-e62ec156c77b,2016-04-20,28,2016-03-24T00:00:00+00:00,train,151,2,20,4,16,111,0,154,161.71428571428572,148.85714285714286,136.03571428571428,130,
city_hotel,c7fb00b8-6205-5d73-95ad-5f774926f2cc,2016-04-20,28,2016-03-24T00:00:00+00:00,train,219,2,20,4,16,111,0,195,193.85714285714286,189.64285714285714,174.92857142857142,191,
resort_hotel,c31c4e41-2181-5ea7-875e-e62ec156c77b,2016-04-21,28,2016-03-25T00:00:00+00:00,train,135,3,21,4,16,112,0,176,164.57142857142858,151.0,138.75,129,
city_hotel,c7fb00b8-6205-5d73-95ad-5f774926f2cc,2016-04-21,28,2016-03-25T00:00:00+00:00,train,219,3,21,4,16,112,0,223,200.14285714285714,192.35714285714286,178.28571428571428,189,
resort_hotel,c31c4e41-2181-5ea7-875e-e62ec156c77b,2016-04-22,28,2016-03-26T00:00:00+00:00,train,170,4,22,4,16,113,0,187,171.28571428571428,152.28571428571428,141.10714285714286,155,
city_hotel,c7fb00b8-6205-5d73-95ad-5f774926f2cc,2016-04-22,28,2016-03-26T00:00:00+00:00,train,196,4,22,4,16,113,0,219,205.57142857142858,193.92857142857142,181.14285714285714,172,
resort_hotel,c31c4e41-2181-5ea7-875e-e62ec156c77b,2016-04-23,28,2016-03-27T00:00:00+00:00,train,183,5,23,4,16,114,1,179,172.0,154.07142857142858,141.03571428571428,162,
city_hotel,c7fb00b8-6205-5d73-95ad-5f774926f2cc,2016-04-23,28,2016-03-27T00:00:00+00:00,train,221,5,23,4,16,114,1,201,207.85714285714286,194.42857142857142,182.32142857142858,203,
resort_hotel,c31c4e41-2181-5ea7-875e-e62ec156c77b,2016-04-24,28,2016-03-28T00:00:00+00:00,train,183,6,24,4,16,115,1,107,165.42857142857142,155.42857142857142,138.92857142857142,173,
city_hotel,c7fb00b8-6205-5d73-95ad-5f774926f2cc,2016-04-24,28,2016-03-28T00:00:00+00:00,train,186,6,24,4,16,115,1,174,202.42857142857142,193.07142857142858,183.67857142857142,183,
resort_hotel,c31c4e41-2181-5ea7-875e-e62ec156c77b,2016-04-25,28,2016-03-29T00:00:00+00:00,train,135,0,25,4,17,116,0,105,155.14285714285714,154.5,139.57142857142858,123,
city_hotel,c7fb00b8-6205-5d73-95ad-5f774926f2cc,2016-04-25,28,2016-03-29T00:00:00+00:00,train,185,0,25,4,17,116,0,167,195.71428571428572,192.57142857142858,185.0,182,
resort_hotel,c31c4e41-2181-5ea7-875e-e62ec156c77b,2016-04-26,28,2016-03-30T00:00:00+00:00,train,133,1,26,4,17,117,0,115,146.14285714285714,153.0,139.67857142857142,92,
city_hotel,c7fb00b8-6205-5d73-95ad-5f774926f2cc,2016-04-26,28,2016-03-30T00:00:00+00:00,train,208,1,26,4,17,117,0,180,194.14285714285714,192.5,185.39285714285714,194,
resort_hotel,c31c4e41-2181-5ea7-875e-e62ec156c77b,2016-04-27,28,2016-03-31T00:00:00+00:00,train,160,2,27,4,17,118,0,130,142.71428571428572,152.21428571428572,139.92857142857142,97,
city_hotel,c7fb00b8-6205-5d73-95ad-5f774926f2cc,2016-04-27,28,2016-03-31T00:00:00+00:00,train,195,2,27,4,17,118,0,184,192.57142857142858,193.21428571428572,185.57142857142858,171,
resort_hotel,c31c4e41-2181-5ea7-875e-e62ec156c77b,2016-04-28,28,2016-04-01T00:00:00+00:00,train,148,3,28,4,17,119,0,166,141.28571428571428,152.92857142857142,142.25,96,
city_hotel,c7fb00b8-6205-5d73-95ad-5f774926f2cc,2016-04-28,28,2016-04-01T00:00:00+00:00,train,209,3,28,4,17,119,0,204,189.85714285714286,195.0,187.21428571428572,186,
resort_hotel,c31c4e41-2181-5ea7-875e-e62ec156c77b,2016-04-29,28,2016-04-02T00:00:00+00:00,train,149,4,29,4,17,120,0,160,137.42857142857142,154.35714285714286,143.67857142857142,109,
city_hotel,c7fb00b8-6205-5d73-95ad-5f774926f2cc,2016-04-29,28,2016-04-02T00:00:00+00:00,train,211,4,29,4,17,120,0,206,188.0,196.78571428571428,188.5,192,
resort_hotel,c31c4e41-2181-5ea7-875e-e62ec156c77b,2016-04-30,28,2016-04-03T00:00:00+00:00,train,176,5,30,4,17,121,1,163,135.14285714285714,153.57142857142858,144.78571428571428,152,
city_hotel,c7fb00b8-6205-5d73-95ad-5f774926f2cc,2016-04-30,28,2016-04-03T00:00:00+00:00,train,214,5,30,4,17,121,1,189,186.28571428571428,197.07142857142858,188.32142857142858,202,
resort_hotel,c31c4e41-2181-5ea7-875e-e62ec156c77b,2016-05-01,28,2016-04-04T00:00:00+00:00,train,176,6,1,5,17,122,1,132,138.71428571428572,152.07142857142858,146.75,161,
city_hotel,c7fb00b8-6205-5d73-95ad-5f774926f2cc,2016-05-01,28,2016-04-04T00:00:00+00:00,train,172,6,1,5,17,122,1,152,183.14285714285714,192.78571428571428,188.25,177,
resort_hotel,c31c4e41-2181-5ea7-875e-e62ec156c77b,2016-05-02,28,2016-04-05T00:00:00+00:00,train,180,0,2,5,18,123,0,136,143.14285714285714,149.14285714285714,147.39285714285714,176,
city_hotel,c7fb00b8-6205-5d73-95ad-5f774926f2cc,2016-05-02,28,2016-04-05T00:00:00+00:00,train,209,0,2,5,18,123,0,174,184.14285714285714,189.92857142857142,188.57142857142858,189,
resort_hotel,c31c4e41-2181-5ea7-875e-e62ec156c77b,2016-05-03,28,2016-04-06T00:00:00+00:00,train,177,1,3,5,18,124,0,148,147.85714285714286,147.0,147.71428571428572,176,
city_hotel,c7fb00b8-6205-5d73-95ad-5f774926f2cc,2016-05-03,28,2016-04-06T00:00:00+00:00,train,202,1,3,5,18,124,0,179,184.0,189.07142857142858,188.89285714285714,182,
resort_hotel,c31c4e41-2181-5ea7-875e-e62ec156c77b,2016-05-04,28,2016-04-07T00:00:00+00:00,train,163,2,4,5,18,125,0,120,146.42857142857142,144.57142857142858,146.71428571428572,138,
city_hotel,c7fb00b8-6205-5d73-95ad-5f774926f2cc,2016-05-04,28,2016-04-07T00:00:00+00:00,train,202,2,4,5,18,125,0,216,188.57142857142858,190.57142857142858,190.10714285714286,176,
resort_hotel,c31c4e41-2181-5ea7-875e-e62ec156c77b,2016-05-05,28,2016-04-08T00:00:00+00:00,train,174,3,5,5,18,126,0,155,144.85714285714286,143.07142857142858,147.03571428571428,172,
city_hotel,c7fb00b8-6205-5d73-95ad-5f774926f2cc,2016-05-05,28,2016-04-08T00:00:00+00:00,train,223,3,5,5,18,126,0,161,182.42857142857142,186.14285714285714,189.25,211,
resort_hotel,c31c4e41-2181-5ea7-875e-e62ec156c77b,2016-05-06,28,2016-04-09T00:00:00+00:00,train,160,4,6,5,18,127,0,155,144.14285714285714,140.78571428571428,146.53571428571428,162,
city_hotel,c7fb00b8-6205-5d73-95ad-5f774926f2cc,2016-05-06,28,2016-04-09T00:00:00+00:00,train,224,4,6,5,18,127,0,170,177.28571428571428,182.64285714285714,188.28571428571428,222,
resort_hotel,c31c4e41-2181-5ea7-875e-e62ec156c77b,2016-05-07,28,2016-04-10T00:00:00+00:00,train,169,5,7,5,18,128,1,166,144.57142857142858,139.85714285714286,146.96428571428572,149,
city_hotel,c7fb00b8-6205-5d73-95ad-5f774926f2cc,2016-05-07,28,2016-04-10T00:00:00+00:00,train,222,5,7,5,18,128,1,196,178.28571428571428,182.28571428571428,188.35714285714286,217,
resort_hotel,c31c4e41-2181-5ea7-875e-e62ec156c77b,2016-05-08,28,2016-04-11T00:00:00+00:00,train,176,6,8,5,18,129,1,143,146.14285714285714,142.42857142857142,148.92857142857142,155,
city_hotel,c7fb00b8-6205-5d73-95ad-5f774926f2cc,2016-05-08,28,2016-04-11T00:00:00+00:00,train,141,6,8,5,18,129,1,186,183.14285714285714,183.14285714285714,188.10714285714286,123,
resort_hotel,c31c4e41-2181-5ea7-875e-e62ec156c77b,2016-05-09,28,2016-04-12T00:00:00+00:00,train,178,0,9,5,19,130,0,162,149.85714285714286,146.5,150.5,141,
city_hotel,c7fb00b8-6205-5d73-95ad-5f774926f2cc,2016-05-09,28,2016-04-12T00:00:00+00:00,train,178,0,9,5,19,130,0,192,185.71428571428572,184.92857142857142,188.75,113,
resort_hotel,c31c4e41-2181-5ea7-875e-e62ec156c77b,2016-05-10,28,2016-04-13T00:00:00+00:00,train,166,1,10,5,19,131,0,164,152.14285714285714,150.0,151.5,130,
city_hotel,c7fb00b8-6205-5d73-95ad-5f774926f2cc,2016-05-10,28,2016-04-13T00:00:00+00:00,train,196,1,10,5,19,131,0,198,188.42857142857142,186.21428571428572,189.35714285714286,142,
resort_hotel,c31c4e41-2181-5ea7-875e-e62ec156c77b,2016-05-11,28,2016-04-14T00:00:00+00:00,train,172,2,11,5,19,132,0,178,160.42857142857142,153.42857142857142,152.82142857142858,149,
city_hotel,c7fb00b8-6205-5d73-95ad-5f774926f2cc,2016-05-11,28,2016-04-14T00:00:00+00:00,train,209,2,11,5,19,132,0,222,189.28571428571428,188.92857142857142,191.07142857142858,162,
resort_hotel,c31c4e41-2181-5ea7-875e-e62ec156c77b,2016-05-12,28,2016-04-15T00:00:00+00:00,train,178,3,12,5,19,133,0,174,163.14285714285714,154.0,153.46428571428572,176,
city_hotel,c7fb00b8-6205-5d73-95ad-5f774926f2cc,2016-05-12,28,2016-04-15T00:00:00+00:00,train,211,3,12,5,19,133,0,176,191.42857142857142,186.92857142857142,190.96428571428572,165,
resort_hotel,c31c4e41-2181-5ea7-875e-e62ec156c77b,2016-05-13,28,2016-04-16T00:00:00+00:00,train,177,4,13,5,19,134,0,152,162.71428571428572,153.42857142857142,153.89285714285714,174,
city_hotel,c7fb00b8-6205-5d73-95ad-5f774926f2cc,2016-05-13,28,2016-04-16T00:00:00+00:00,train,214,4,13,5,19,134,0,180,192.85714285714286,185.07142857142858,190.92857142857142,198,
resort_hotel,c31c4e41-2181-5ea7-875e-e62ec156c77b,2016-05-14,28,2016-04-17T00:00:00+00:00,train,179,5,14,5,19,135,1,157,161.42857142857142,153.0,153.28571428571428,173,
city_hotel,c7fb00b8-6205-5d73-95ad-5f774926f2cc,2016-05-14,28,2016-04-17T00:00:00+00:00,train,218,5,14,5,19,135,1,198,193.14285714285714,185.71428571428572,191.39285714285714,199,
resort_hotel,c31c4e41-2181-5ea7-875e-e62ec156c77b,2016-05-15,28,2016-04-18T00:00:00+00:00,train,157,6,15,5,19,136,1,122,158.42857142857142,152.28571428571428,152.17857142857142,125,
city_hotel,c7fb00b8-6205-5d73-95ad-5f774926f2cc,2016-05-15,28,2016-04-18T00:00:00+00:00,train,223,6,15,5,19,136,1,186,193.14285714285714,188.14285714285714,190.46428571428572,207,
resort_hotel,c31c4e41-2181-5ea7-875e-e62ec156c77b,2016-05-16,28,2016-04-19T00:00:00+00:00,train,162,0,16,5,20,137,0,159,158.0,153.92857142857142,151.53571428571428,151,
city_hotel,c7fb00b8-6205-5d73-95ad-5f774926f2cc,2016-05-16,28,2016-04-19T00:00:00+00:00,train,212,0,16,5,20,137,0,202,194.57142857142858,190.14285714285714,190.03571428571428,170,
resort_hotel,c31c4e41-2181-5ea7-875e-e62ec156c77b,2016-05-17,28,2016-04-20T00:00:00+00:00,train,180,1,17,5,20,138,0,183,160.71428571428572,156.42857142857142,151.71428571428572,165,
city_hotel,c7fb00b8-6205-5d73-95ad-5f774926f2cc,2016-05-17,28,2016-04-20T00:00:00+00:00,train,224,1,17,5,20,138,0,183,192.42857142857142,190.42857142857142,189.75,212,
resort_hotel,c31c4e41-2181-5ea7-875e-e62ec156c77b,2016-05-18,28,2016-04-21T00:00:00+00:00,train,166,2,18,5,20,139,0,151,156.85714285714286,158.64285714285714,151.60714285714286,147,
city_hotel,c7fb00b8-6205-5d73-95ad-5f774926f2cc,2016-05-18,28,2016-04-21T00:00:00+00:00,train,219,2,18,5,20,139,0,219,192.0,190.64285714285714,190.60714285714286,194,
resort_hotel,c31c4e41-2181-5ea7-875e-e62ec156c77b,2016-05-19,28,2016-04-22T00:00:00+00:00,train,183,3,19,5,20,140,0,135,151.28571428571428,157.21428571428572,150.14285714285714,151,
city_hotel,c7fb00b8-6205-5d73-95ad-5f774926f2cc,2016-05-19,28,2016-04-22T00:00:00+00:00,train,220,3,19,5,20,140,0,219,198.14285714285714,194.78571428571428,190.46428571428572,206,
resort_hotel,c31c4e41-2181-5ea7-875e-e62ec156c77b,2016-05-20,28,2016-04-23T00:00:00+00:00,train,171,4,20,5,20,141,0,170,153.85714285714286,158.28571428571428,149.53571428571428,149,
city_hotel,c7fb00b8-6205-5d73-95ad-5f774926f2cc,2016-05-20,28,2016-04-23T00:00:00+00:00,train,211,4,20,5,20,141,0,196,200.42857142857142,196.64285714285714,189.64285714285714,207,
resort_hotel,c31c4e41-2181-5ea7-875e-e62ec156c77b,2016-05-21,28,2016-04-24T00:00:00+00:00,train,177,5,21,5,20,142,1,183,157.57142857142858,159.5,149.67857142857142,161,
city_hotel,c7fb00b8-6205-5d73-95ad-5f774926f2cc,2016-05-21,28,2016-04-24T00:00:00+00:00,train,222,5,21,5,20,142,1,221,203.71428571428572,198.42857142857142,190.35714285714286,189,
resort_hotel,c31c4e41-2181-5ea7-875e-e62ec156c77b,2016-05-22,28,2016-04-25T00:00:00+00:00,train,172,6,22,5,20,143,1,183,166.28571428571428,162.35714285714286,152.39285714285714,159,
city_hotel,c7fb00b8-6205-5d73-95ad-5f774926f2cc,2016-05-22,28,2016-04-25T00:00:00+00:00,train,205,6,22,5,20,143,1,186,203.71428571428572,198.42857142857142,190.78571428571428,180,
resort_hotel,c31c4e41-2181-5ea7-875e-e62ec156c77b,2016-05-23,28,2016-04-26T00:00:00+00:00,train,177,0,23,5,21,144,0,135,162.85714285714286,160.42857142857142,153.46428571428572,162,
city_hotel,c7fb00b8-6205-5d73-95ad-5f774926f2cc,2016-05-23,28,2016-04-26T00:00:00+00:00,train,188,0,23,5,21,144,0,185,201.28571428571428,197.92857142857142,191.42857142857142,153,
resort_hotel,c31c4e41-2181-5ea7-875e-e62ec156c77b,2016-05-24,28,2016-04-27T00:00:00+00:00,train,179,1,24,5,21,145,0,133,155.71428571428572,158.21428571428572,154.10714285714286,174,
city_hotel,c7fb00b8-6205-5d73-95ad-5f774926f2cc,2016-05-24,28,2016-04-27T00:00:00+00:00,train,185,1,24,5,21,145,0,208,204.85714285714286,198.64285714285714,192.42857142857142,147,
resort_hotel,c31c4e41-2181-5ea7-875e-e62ec156c77b,2016-05-25,28,2016-04-28T00:00:00+00:00,train,182,2,25,5,21,146,0,160,157.0,156.92857142857142,155.17857142857142,185,
city_hotel,c7fb00b8-6205-5d73-95ad-5f774926f2cc,2016-05-25,28,2016-04-28T00:00:00+00:00,train,162,2,25,5,21,146,0,195,201.42857142857142,196.71428571428572,192.82142857142858,118,
resort_hotel,c31c4e41-2181-5ea7-875e-e62ec156c77b,2016-05-26,28,2016-04-29T00:00:00+00:00,train,177,3,26,5,21,147,0,148,158.85714285714286,155.07142857142858,154.53571428571428,177,
city_hotel,c7fb00b8-6205-5d73-95ad-5f774926f2cc,2016-05-26,28,2016-04-29T00:00:00+00:00,train,209,3,26,5,21,147,0,209,200.0,199.07142857142858,193.0,217,
resort_hotel,c31c4e41-2181-5ea7-875e-e62ec156c77b,2016-05-27,28,2016-04-30T00:00:00+00:00,train,166,4,27,5,21,148,0,149,155.85714285714286,154.85714285714286,154.14285714285714,168,
city_hotel,c7fb00b8-6205-5d73-95ad-5f774926f2cc,2016-05-27,28,2016-04-30T00:00:00+00:00,train,222,4,27,5,21,148,0,211,202.14285714285714,201.28571428571428,193.17857142857142,214,
resort_hotel,c31c4e41-2181-5ea7-875e-e62ec156c77b,2016-05-28,28,2016-05-01T00:00:00+00:00,train,178,5,28,5,21,149,1,176,154.85714285714286,156.21428571428572,154.60714285714286,177,
city_hotel,c7fb00b8-6205-5d73-95ad-5f774926f2cc,2016-05-28,28,2016-05-01T00:00:00+00:00,train,223,5,28,5,21,149,1,214,201.14285714285714,202.42857142857142,194.07142857142858,214,
resort_hotel,c31c4e41-2181-5ea7-875e-e62ec156c77b,2016-05-29,28,2016-05-02T00:00:00+00:00,train,161,6,29,5,21,150,1,176,153.85714285714286,160.07142857142858,156.17857142857142,153,
city_hotel,c7fb00b8-6205-5d73-95ad-5f774926f2cc,2016-05-29,28,2016-05-02T00:00:00+00:00,train,146,6,29,5,21,150,1,172,199.14285714285714,201.42857142857142,194.78571428571428,112,
resort_hotel,c31c4e41-2181-5ea7-875e-e62ec156c77b,2016-05-30,28,2016-05-03T00:00:00+00:00,train,143,0,30,5,22,151,0,180,160.28571428571428,161.57142857142858,157.75,120,
city_hotel,c7fb00b8-6205-5d73-95ad-5f774926f2cc,2016-05-30,28,2016-05-03T00:00:00+00:00,train,177,0,30,5,22,151,0,209,202.57142857142858,201.92857142857142,196.03571428571428,138,
resort_hotel,c31c4e41-2181-5ea7-875e-e62ec156c77b,2016-05-31,28,2016-05-04T00:00:00+00:00,train,169,1,31,5,22,152,0,177,166.57142857142858,161.14285714285714,158.78571428571428,140,
city_hotel,c7fb00b8-6205-5d73-95ad-5f774926f2cc,2016-05-31,28,2016-05-04T00:00:00+00:00,train,191,1,31,5,22,152,0,202,201.71428571428572,203.28571428571428,196.85714285714286,118,
resort_hotel,c31c4e41-2181-5ea7-875e-e62ec156c77b,2016-06-01,28,2016-05-05T00:00:00+00:00,train,179,2,1,6,22,153,0,163,167.0,162.0,160.32142857142858,163,
city_hotel,c7fb00b8-6205-5d73-95ad-5f774926f2cc,2016-06-01,28,2016-05-05T00:00:00+00:00,train,190,2,1,6,22,153,0,202,202.71428571428572,202.07142857142858,196.35714285714286,113,
resort_hotel,c31c4e41-2181-5ea7-875e-e62ec156c77b,2016-06-02,28,2016-05-06T00:00:00+00:00,train,180,3,2,6,22,154,0,174,170.71428571428572,164.78571428571428,161.0,173,
city_hotel,c7fb00b8-6205-5d73-95ad-5f774926f2cc,2016-06-02,28,2016-05-06T00:00:00+00:00,train,218,3,2,6,22,154,0,223,204.71428571428572,202.35714285714286,198.57142857142858,155,
resort_hotel,c31c4e41-2181-5ea7-875e-e62ec156c77b,2016-06-03,28,2016-05-07T00:00:00+00:00,train,173,4,3,6,22,155,0,160,172.28571428571428,164.07142857142858,161.17857142857142,176,
city_hotel,c7fb00b8-6205-5d73-95ad-5f774926f2cc,2016-06-03,28,2016-05-07T00:00:00+00:00,train,219,4,3,6,22,155,0,224,206.57142857142858,204.35714285714286,200.5,191,
resort_hotel,c31c4e41-2181-5ea7-875e-e62ec156c77b,2016-06-04,28,2016-05-08T00:00:00+00:00,train,181,5,4,6,22,156,1,169,171.28571428571428,163.07142857142858,161.28571428571428,177,
city_hotel,c7fb00b8-6205-5d73-95ad-5f774926f2cc,2016-06-04,28,2016-05-08T00:00:00+00:00,train,206,5,4,6,22,156,1,222,207.71428571428572,204.42857142857142,201.42857142857142,189,
resort_hotel,c31c4e41-2181-5ea7-875e-e62ec156c77b,2016-06-05,28,2016-05-09T00:00:00+00:00,train,172,6,5,6,22,157,1,176,171.28571428571428,162.57142857142858,162.46428571428572,173,
city_hotel,c7fb00b8-6205-5d73-95ad-5f774926f2cc,2016-06-05,28,2016-05-09T00:00:00+00:00,train,155,6,5,6,22,157,1,141,203.28571428571428,201.21428571428572,199.82142857142858,144,
resort_hotel,c31c4e41-2181-5ea7-875e-e62ec156c77b,2016-06-06,28,2016-05-10T00:00:00+00:00,train,181,0,6,6,23,158,0,178,171.0,165.64285714285714,163.03571428571428,179,
city_hotel,c7fb00b8-6205-5d73-95ad-5f774926f2cc,2016-06-06,28,2016-05-10T00:00:00+00:00,train,220,0,6,6,23,158,0,178,198.85714285714286,200.71428571428572,199.32142857142858,222,
resort_hotel,c31c4e41-2181-5ea7-875e-e62ec156c77b,2016-06-07,28,2016-05-11T00:00:00+00:00,train,183,1,7,6,23,159,0,166,169.42857142857142,168.0,163.10714285714286,178,
city_hotel,c7fb00b8-6205-5d73-95ad-5f774926f2cc,2016-06-07,28,2016-05-11T00:00:00+00:00,train,215,1,7,6,23,159,0,196,198.0,199.85714285714286,199.25,195,
resort_hotel,c31c4e41-2181-5ea7-875e-e62ec156c77b,2016-06-08,28,2016-05-12T00:00:00+00:00,train,182,2,8,6,23,160,0,172,170.71428571428572,168.85714285714286,162.89285714285714,173,
city_hotel,c7fb00b8-6205-5d73-95ad-5f774926f2cc,2016-06-08,28,2016-05-12T00:00:00+00:00,train,178,2,8,6,23,160,0,209,199.0,200.85714285714286,198.78571428571428,191,
resort_hotel,c31c4e41-2181-5ea7-875e-e62ec156c77b,2016-06-09,28,2016-05-13T00:00:00+00:00,train,182,3,9,6,23,161,0,178,171.28571428571428,171.0,163.03571428571428,172,
city_hotel,c7fb00b8-6205-5d73-95ad-5f774926f2cc,2016-06-09,28,2016-05-13T00:00:00+00:00,train,165,3,9,6,23,161,0,211,197.28571428571428,201.0,200.03571428571428,151,
resort_hotel,c31c4e41-2181-5ea7-875e-e62ec156c77b,2016-06-10,28,2016-05-14T00:00:00+00:00,train,182,4,10,6,23,162,0,177,173.71428571428572,173.0,163.92857142857142,171,
city_hotel,c7fb00b8-6205-5d73-95ad-5f774926f2cc,2016-06-10,28,2016-05-14T00:00:00+00:00,train,209,4,10,6,23,162,0,214,195.85714285714286,201.21428571428572,201.25,205,
resort_hotel,c31c4e41-2181-5ea7-875e-e62ec156c77b,2016-06-11,28,2016-05-15T00:00:00+00:00,train,181,5,11,6,23,163,1,179,175.14285714285714,173.21428571428572,164.71428571428572,173,
city_hotel,c7fb00b8-6205-5d73-95ad-5f774926f2cc,2016-06-11,28,2016-05-15T00:00:00+00:00,train,217,5,11,6,23,163,1,218,195.28571428571428,201.5,201.96428571428572,208,
resort_hotel,c31c4e41-2181-5ea7-875e-e62ec156c77b,2016-06-12,28,2016-05-16T00:00:00+00:00,train,169,6,12,6,23,164,1,157,172.42857142857142,171.85714285714286,165.96428571428572,155,
city_hotel,c7fb00b8-6205-5d73-95ad-5f774926f2cc,2016-06-12,28,2016-05-16T00:00:00+00:00,train,173,6,12,6,23,164,1,223,207.0,205.14285714285714,203.28571428571428,131,
resort_hotel,c31c4e41-2181-5ea7-875e-e62ec156c77b,2016-06-13,28,2016-05-17T00:00:00+00:00,train,182,0,13,6,24,165,0,162,170.14285714285714,170.57142857142858,166.07142857142858,166,
city_hotel,c7fb00b8-6205-5d73-95ad-5f774926f2cc,2016-06-13,28,2016-05-17T00:00:00+00:00,train,137,0,13,6,24,165,0,212,211.85714285714286,205.35714285714286,203.64285714285714,71,
resort_hotel,c31c4e41-2181-5ea7-875e-e62ec156c77b,2016-06-14,28,2016-05-18T00:00:00+00:00,train,183,1,14,6,24,166,0,180,172.14285714285714,170.78571428571428,165.96428571428572,171,
city_hotel,c7fb00b8-6205-5d73-95ad-5f774926f2cc,2016-06-14,28,2016-05-18T00:00:00+00:00,train,153,1,14,6,24,166,0,224,215.85714285714286,206.92857142857142,205.10714285714286,74,
resort_hotel,c31c4e41-2181-5ea7-875e-e62ec156c77b,2016-06-15,28,2016-05-19T00:00:00+00:00,train,183,2,15,6,24,167,0,166,171.28571428571428,171.0,166.5,172,
city_hotel,c7fb00b8-6205-5d73-95ad-5f774926f2cc,2016-06-15,28,2016-05-19T00:00:00+00:00,train,189,2,15,6,24,167,0,219,217.28571428571428,208.14285714285714,205.10714285714286,136,
resort_hotel,c31c4e41-2181-5ea7-875e-e62ec156c77b,2016-06-16,28,2016-05-20T00:00:00+00:00,train,176,3,16,6,24,168,0,183,172.0,171.64285714285714,168.21428571428572,170,
city_hotel,c7fb00b8-6205-5d73-95ad-5f774926f2cc,2016-06-16,28,2016-05-20T00:00:00+00:00,train,217,3,16,6,24,168,0,220,218.57142857142858,207.92857142857142,205.14285714285714,172,
resort_hotel,c31c4e41-2181-5ea7-875e-e62ec156c77b,2016-06-17,28,2016-05-21T00:00:00+00:00,train,182,4,17,6,24,169,0,171,171.14285714285714,172.42857142857142,168.25,176,
city_hotel,c7fb00b8-6205-5d73-95ad-5f774926f2cc,2016-06-17,28,2016-05-21T00:00:00+00:00,train,198,4,17,6,24,169,0,211,218.14285714285714,207.0,205.67857142857142,167,
resort_hotel,c31c4e41-2181-5ea7-875e-e62ec156c77b,2016-06-18,28,2016-05-22T00:00:00+00:00,train,177,5,18,6,24,170,1,177,170.85714285714286,173.0,168.03571428571428,162,
city_hotel,c7fb00b8-6205-5d73-95ad-5f774926f2cc,2016-06-18,28,2016-05-22T00:00:00+00:00,train,214,5,18,6,24,170,1,222,218.71428571428572,207.0,205.71428571428572,206,
resort_hotel,c31c4e41-2181-5ea7-875e-e62ec156c77b,2016-06-19,28,2016-05-23T00:00:00+00:00,train,173,6,19,6,24,171,1,172,173.0,172.71428571428572,167.64285714285714,166,
city_hotel,c7fb00b8-6205-5d73-95ad-5f774926f2cc,2016-06-19,28,2016-05-23T00:00:00+00:00,train,208,6,19,6,24,171,1,205,216.14285714285714,211.57142857142858,206.39285714285714,195,
resort_hotel,c31c4e41-2181-5ea7-875e-e62ec156c77b,2016-06-20,28,2016-05-24T00:00:00+00:00,train,175,0,20,6,25,172,0,177,175.14285714285714,172.64285714285714,169.14285714285714,158,
city_hotel,c7fb00b8-6205-5d73-95ad-5f774926f2cc,2016-06-20,28,2016-05-24T00:00:00+00:00,train,203,0,20,6,25,172,0,188,212.71428571428572,212.28571428571428,206.5,172,
resort_hotel,c31c4e41-2181-5ea7-875e-e62ec156c77b,2016-06-21,28,2016-05-25T00:00:00+00:00,train,179,1,21,6,25,173,0,179,175.0,173.57142857142858,170.78571428571428,166,
city_hotel,c7fb00b8-6205-5d73-95ad-5f774926f2cc,2016-06-21,28,2016-05-25T00:00:00+00:00,train,206,1,21,6,25,173,0,185,207.14285714285714,211.5,205.67857142857142,190,
resort_hotel,c31c4e41-2181-5ea7-875e-e62ec156c77b,2016-06-22,28,2016-05-26T00:00:00+00:00,train,179,2,22,6,25,174,0,182,177.28571428571428,174.28571428571428,171.57142857142858,174,
city_hotel,c7fb00b8-6205-5d73-95ad-5f774926f2cc,2016-06-22,28,2016-05-26T00:00:00+00:00,train,192,2,22,6,25,174,0,162,199.0,208.14285714285714,204.5,139,
resort_hotel,c31c4e41-2181-5ea7-875e-e62ec156c77b,2016-06-23,28,2016-05-27T00:00:00+00:00,train,177,3,23,6,25,175,0,177,176.42857142857142,174.21428571428572,172.60714285714286,179,
city_hotel,c7fb00b8-6205-5d73-95ad-5f774926f2cc,2016-06-23,28,2016-05-27T00:00:00+00:00,train,146,3,23,6,25,175,0,209,197.42857142857142,208.0,204.5,92,
resort_hotel,c31c4e41-2181-5ea7-875e-e62ec156c77b,2016-06-24,28,2016-05-28T00:00:00+00:00,train,178,4,24,6,25,176,0,166,175.71428571428572,173.42857142857142,173.21428571428572,181,
city_hotel,c7fb00b8-6205-5d73-95ad-5f774926f2cc,2016-06-24,28,2016-05-28T00:00:00+00:00,train,222,4,24,6,25,176,0,222,199.0,208.57142857142858,204.89285714285714,226,
resort_hotel,c31c4e41-2181-5ea7-875e-e62ec156c77b,2016-06-25,28,2016-05-29T00:00:00+00:00,train,182,5,25,6,25,177,1,178,175.85714285714286,173.35714285714286,173.28571428571428,158,
city_hotel,c7fb00b8-6205-5d73-95ad-5f774926f2cc,2016-06-25,28,2016-05-29T00:00:00+00:00,train,224,5,25,6,25,177,1,223,199.14285714285714,208.92857142857142,205.21428571428572,230,
resort_hotel,c31c4e41-2181-5ea7-875e-e62ec156c77b,2016-06-26,28,2016-05-30T00:00:00+00:00,train,183,6,26,6,25,178,1,161,174.28571428571428,173.64285714285714,172.75,169,
city_hotel,c7fb00b8-6205-5d73-95ad-5f774926f2cc,2016-06-26,28,2016-05-30T00:00:00+00:00,train,161,6,26,6,25,178,1,146,190.71428571428572,203.42857142857142,204.28571428571428,142,
resort_hotel,c31c4e41-2181-5ea7-875e-e62ec156c77b,2016-06-27,28,2016-05-31T00:00:00+00:00,train,181,0,27,6,26,179,0,143,169.42857142857142,172.28571428571428,171.42857142857142,168,
city_hotel,c7fb00b8-6205-5d73-95ad-5f774926f2cc,2016-06-27,28,2016-05-31T00:00:00+00:00,train,184,0,27,6,26,179,0,177,189.14285714285714,200.92857142857142,203.14285714285714,168,
resort_hotel,c31c4e41-2181-5ea7-875e-e62ec156c77b,2016-06-28,28,2016-06-01T00:00:00+00:00,train,181,1,28,6,26,180,0,169,168.0,171.5,171.14285714285714,174,
city_hotel,c7fb00b8-6205-5d73-95ad-5f774926f2cc,2016-06-28,28,2016-06-01T00:00:00+00:00,train,204,1,28,6,26,180,0,191,190.0,198.57142857142858,202.75,185,
resort_hotel,c31c4e41-2181-5ea7-875e-e62ec156c77b,2016-06-29,28,2016-06-02T00:00:00+00:00,train,178,2,29,6,26,181,0,179,167.57142857142858,172.42857142857142,171.71428571428572,173,
city_hotel,c7fb00b8-6205-5d73-95ad-5f774926f2cc,2016-06-29,28,2016-06-02T00:00:00+00:00,train,201,2,29,6,26,181,0,190,194.0,196.5,202.32142857142858,191,
resort_hotel,c31c4e41-2181-5ea7-875e-e62ec156c77b,2016-06-30,28,2016-06-03T00:00:00+00:00,train,181,3,30,6,26,182,0,180,168.0,172.21428571428572,171.92857142857142,169,
city_hotel,c7fb00b8-6205-5d73-95ad-5f774926f2cc,2016-06-30,28,2016-06-03T00:00:00+00:00,train,209,3,30,6,26,182,0,218,195.28571428571428,196.35714285714286,202.14285714285714,191,
resort_hotel,c31c4e41-2181-5ea7-875e-e62ec156c77b,2016-07-01,28,2016-06-04T00:00:00+00:00,train,180,4,1,7,26,183,0,173,169.0,172.35714285714286,172.39285714285714,169,
city_hotel,c7fb00b8-6205-5d73-95ad-5f774926f2cc,2016-07-01,28,2016-06-04T00:00:00+00:00,train,210,4,1,7,26,183,0,219,194.85714285714286,196.92857142857142,201.96428571428572,208,
resort_hotel,c31c4e41-2181-5ea7-875e-e62ec156c77b,2016-07-02,28,2016-06-05T00:00:00+00:00,train,183,5,2,7,26,184,1,181,169.42857142857142,172.64285714285714,172.82142857142858,179,
city_hotel,c7fb00b8-6205-5d73-95ad-5f774926f2cc,2016-07-02,28,2016-06-05T00:00:00+00:00,train,187,5,2,7,26,184,1,206,192.42857142857142,195.78571428571428,201.39285714285714,198,
resort_hotel,c31c4e41-2181-5ea7-875e-e62ec156c77b,2016-07-03,28,2016-06-06T00:00:00+00:00,train,164,6,3,7,26,185,1,172,171.0,172.64285714285714,172.67857142857142,165,
city_hotel,c7fb00b8-6205-5d73-95ad-5f774926f2cc,2016-07-03,28,2016-06-06T00:00:00+00:00,train,194,6,3,7,26,185,1,155,193.71428571428572,192.21428571428572,201.89285714285714,193,
resort_hotel,c31c4e41-2181-5ea7-875e-e62ec156c77b,2016-07-04,28,2016-06-07T00:00:00+00:00,train,180,0,4,7,27,186,0,181,176.42857142857142,172.92857142857142,172.78571428571428,182,
city_hotel,c7fb00b8-6205-5d73-95ad-5f774926f2cc,2016-07-04,28,2016-06-07T00:00:00+00:00,train,208,0,4,7,27,186,0,220,199.85714285714286,194.5,203.39285714285714,197,
resort_hotel,c31c4e41-2181-5ea7-875e-e62ec156c77b,2016-07-05,28,2016-06-08T00:00:00+00:00,train,182,1,5,7,27,187,0,183,178.42857142857142,173.21428571428572,173.39285714285714,181,
city_hotel,c7fb00b8-6205-5d73-95ad-5f774926f2cc,2016-07-05,28,2016-06-08T00:00:00+00:00,train,215,1,5,7,27,187,0,215,203.28571428571428,196.64285714285714,204.07142857142858,189,
resort_hotel,c31c4e41-2181-5ea7-875e-e62ec156c77b,2016-07-06,28,2016-06-09T00:00:00+00:00,train,181,2,6,7,27,188,0,182,178.85714285714286,173.21428571428572,173.75,178,
city_hotel,c7fb00b8-6205-5d73-95ad-5f774926f2cc,2016-07-06,28,2016-06-09T00:00:00+00:00,train,223,2,6,7,27,188,0,178,201.57142857142858,197.78571428571428,202.96428571428572,197,
resort_hotel,c31c4e41-2181-5ea7-875e-e62ec156c77b,2016-07-07,28,2016-06-10T00:00:00+00:00,train,179,3,7,7,27,189,0,182,179.14285714285714,173.57142857142858,173.89285714285714,173,
city_hotel,c7fb00b8-6205-5d73-95ad-5f774926f2cc,2016-07-07,28,2016-06-10T00:00:00+00:00,train,217,3,7,7,27,189,0,165,194.0,194.64285714285714,201.32142857142858,214,
resort_hotel,c31c4e41-2181-5ea7-875e-e62ec156c77b,2016-07-08,28,2016-06-11T00:00:00+00:00,train,179,4,8,7,27,190,0,182,180.42857142857142,174.71428571428572,174.07142857142858,171,
city_hotel,c7fb00b8-6205-5d73-95ad-5f774926f2cc,2016-07-08,28,2016-06-11T00:00:00+00:00,train,219,4,8,7,27,190,0,209,192.57142857142858,193.71428571428572,201.14285714285714,208,
resort_hotel,c31c4e41-2181-5ea7-875e-e62ec156c77b,2016-07-09,28,2016-06-12T00:00:00+00:00,train,183,5,9,7,27,191,1,181,180.42857142857142,174.92857142857142,174.14285714285714,176,
city_hotel,c7fb00b8-6205-5d73-95ad-5f774926f2cc,2016-07-09,28,2016-06-12T00:00:00+00:00,train,213,5,9,7,27,191,1,217,194.14285714285714,193.28571428571428,201.10714285714286,210,
resort_hotel,c31c4e41-2181-5ea7-875e-e62ec156c77b,2016-07-10,28,2016-06-13T00:00:00+00:00,train,179,6,10,7,27,192,1,169,180.0,175.5,174.57142857142858,176,
city_hotel,c7fb00b8-6205-5d73-95ad-5f774926f2cc,2016-07-10,28,2016-06-13T00:00:00+00:00,train,217,6,10,7,27,192,1,173,196.71428571428572,195.21428571428572,199.32142857142858,205,
resort_hotel,c31c4e41-2181-5ea7-875e-e62ec156c77b,2016-07-11,28,2016-06-14T00:00:00+00:00,train,182,0,11,7,28,193,0,182,180.14285714285714,178.28571428571428,175.28571428571428,176,
city_hotel,c7fb00b8-6205-5d73-95ad-5f774926f2cc,2016-07-11,28,2016-06-14T00:00:00+00:00,train,221,0,11,7,28,193,0,137,184.85714285714286,192.35714285714286,196.64285714285714,213,
resort_hotel,c31c4e41-2181-5ea7-875e-e62ec156c77b,2016-07-12,28,2016-06-15T00:00:00+00:00,train,184,1,12,7,28,194,0,183,180.14285714285714,179.28571428571428,175.39285714285714,179,
city_hotel,c7fb00b8-6205-5d73-95ad-5f774926f2cc,2016-07-12,28,2016-06-15T00:00:00+00:00,train,216,1,12,7,28,194,0,153,176.0,189.64285714285714,194.10714285714286,198,
resort_hotel,c31c4e41-2181-5ea7-875e-e62ec156c77b,2016-07-13,28,2016-06-16T00:00:00+00:00,train,182,2,13,7,28,195,0,183,180.28571428571428,179.57142857142858,176.0,174,
city_hotel,c7fb00b8-6205-5d73-95ad-5f774926f2cc,2016-07-13,28,2016-06-16T00:00:00+00:00,train,224,2,13,7,28,195,0,189,177.57142857142858,189.57142857142858,193.03571428571428,219,
resort_hotel,c31c4e41-2181-5ea7-875e-e62ec156c77b,2016-07-14,28,2016-06-17T00:00:00+00:00,train,178,3,14,7,28,196,0,176,179.42857142857142,179.28571428571428,175.75,166,
city_hotel,c7fb00b8-6205-5d73-95ad-5f774926f2cc,2016-07-14,28,2016-06-17T00:00:00+00:00,train,222,3,14,7,28,196,0,217,185.0,189.5,192.92857142857142,216,
resort_hotel,c31c4e41-2181-5ea7-875e-e62ec156c77b,2016-07-15,28,2016-06-18T00:00:00+00:00,train,182,4,15,7,28,197,0,182,179.42857142857142,179.92857142857142,176.14285714285714,157,
city_hotel,c7fb00b8-6205-5d73-95ad-5f774926f2cc,2016-07-15,28,2016-06-18T00:00:00+00:00,train,222,4,15,7,28,197,0,198,183.42857142857142,188.0,192.46428571428572,220,
resort_hotel,c31c4e41-2181-5ea7-875e-e62ec156c77b,2016-07-16,28,2016-06-19T00:00:00+00:00,train,182,5,16,7,28,198,1,177,178.85714285714286,179.64285714285714,176.14285714285714,152,
city_hotel,c7fb00b8-6205-5d73-95ad-5f774926f2cc,2016-07-16,28,2016-06-19T00:00:00+00:00,train,222,5,16,7,28,198,1,214,183.0,188.57142857142858,192.17857142857142,225,
resort_hotel,c31c4e41-2181-5ea7-875e-e62ec156c77b,2016-07-17,28,2016-06-20T00:00:00+00:00,train,175,6,17,7,28,199,1,173,179.42857142857142,179.71428571428572,176.17857142857142,156,
city_hotel,c7fb00b8-6205-5d73-95ad-5f774926f2cc,2016-07-17,28,2016-06-20T00:00:00+00:00,train,205,6,17,7,28,199,1,208,188.0,192.35714285714286,192.28571428571428,207,
resort_hotel,c31c4e41-2181-5ea7-875e-e62ec156c77b,2016-07-18,28,2016-06-21T00:00:00+00:00,train,180,0,18,7,29,200,0,175,178.42857142857142,179.28571428571428,176.10714285714286,161,
city_hotel,c7fb00b8-6205-5d73-95ad-5f774926f2cc,2016-07-18,28,2016-06-21T00:00:00+00:00,train,215,0,18,7,29,200,0,203,197.42857142857142,191.14285714285714,192.82142857142858,211,
resort_hotel,c31c4e41-2181-5ea7-875e-e62ec156c77b,2016-07-19,28,2016-06-22T00:00:00+00:00,train,175,1,19,7,29,201,0,179,177.85714285714286,179.0,176.10714285714286,150,
city_hotel,c7fb00b8-6205-5d73-95ad-5f774926f2cc,2016-07-19,28,2016-06-22T00:00:00+00:00,train,213,1,19,7,29,201,0,206,205.0,190.5,193.57142857142858,197,
resort_hotel,c31c4e41-2181-5ea7-875e-e62ec156c77b,2016-07-20,28,2016-06-23T00:00:00+00:00,train,179,2,20,7,29,202,0,179,177.28571428571428,178.78571428571428,176.0,165,
city_hotel,c7fb00b8-6205-5d73-95ad-5f774926f2cc,2016-07-20,28,2016-06-23T00:00:00+00:00,train,202,2,20,7,29,202,0,192,205.42857142857142,191.5,194.64285714285714,162,
resort_hotel,c31c4e41-2181-5ea7-875e-e62ec156c77b,2016-07-21,28,2016-06-24T00:00:00+00:00,train,181,3,21,7,29,203,0,177,177.42857142857142,178.42857142857142,176.0,168,
city_hotel,c7fb00b8-6205-5d73-95ad-5f774926f2cc,2016-07-21,28,2016-06-24T00:00:00+00:00,train,222,3,21,7,29,203,0,146,195.28571428571428,190.14285714285714,192.39285714285714,206,
resort_hotel,c31c4e41-2181-5ea7-875e-e62ec156c77b,2016-07-22,28,2016-06-25T00:00:00+00:00,train,183,4,22,7,29,204,0,178,176.85714285714286,178.14285714285714,176.42857142857142,163,
city_hotel,c7fb00b8-6205-5d73-95ad-5f774926f2cc,2016-07-22,28,2016-06-25T00:00:00+00:00,train,217,4,22,7,29,204,0,222,198.71428571428572,191.07142857142858,192.39285714285714,215,
resort_hotel,c31c4e41-2181-5ea7-875e-e62ec156c77b,2016-07-23,28,2016-06-26T00:00:00+00:00,train,184,5,23,7,29,205,1,182,177.57142857142858,178.21428571428572,176.57142857142858,171,
city_hotel,c7fb00b8-6205-5d73-95ad-5f774926f2cc,2016-07-23,28,2016-06-26T00:00:00+00:00,train,214,5,23,7,29,205,1,224,200.14285714285714,191.57142857142858,192.42857142857142,206,
resort_hotel,c31c4e41-2181-5ea7-875e-e62ec156c77b,2016-07-24,28,2016-06-27T00:00:00+00:00,train,176,6,24,7,29,206,1,183,179.0,179.21428571428572,177.35714285714286,168,
city_hotel,c7fb00b8-6205-5d73-95ad-5f774926f2cc,2016-07-24,28,2016-06-27T00:00:00+00:00,train,200,6,24,7,29,206,1,161,193.42857142857142,190.71428571428572,192.96428571428572,185,
resort_hotel,c31c4e41-2181-5ea7-875e-e62ec156c77b,2016-07-25,28,2016-06-28T00:00:00+00:00,train,177,0,25,7,30,207,0,181,179.85714285714286,179.14285714285714,178.71428571428572,171,
city_hotel,c7fb00b8-6205-5d73-95ad-5f774926f2cc,2016-07-25,28,2016-06-28T00:00:00+00:00,train,214,0,25,7,30,207,0,184,190.71428571428572,194.07142857142858,193.21428571428572,202,
resort_hotel,c31c4e41-2181-5ea7-875e-e62ec156c77b,2016-07-26,28,2016-06-29T00:00:00+00:00,train,180,1,26,7,30,208,0,181,180.14285714285714,179.0,179.14285714285714,168,
city_hotel,c7fb00b8-6205-5d73-95ad-5f774926f2cc,2016-07-26,28,2016-06-29T00:00:00+00:00,train,221,1,26,7,30,208,0,204,190.42857142857142,197.71428571428572,193.67857142857142,212,
resort_hotel,c31c4e41-2181-5ea7-875e-e62ec156c77b,2016-07-27,28,2016-06-30T00:00:00+00:00,train,180,2,27,7,30,209,0,178,180.0,178.64285714285714,179.10714285714286,173,
city_hotel,c7fb00b8-6205-5d73-95ad-5f774926f2cc,2016-07-27,28,2016-06-30T00:00:00+00:00,train,217,2,27,7,30,209,0,201,191.71428571428572,198.57142857142858,194.07142857142858,210,
resort_hotel,c31c4e41-2181-5ea7-875e-e62ec156c77b,2016-07-28,28,2016-07-01T00:00:00+00:00,train,177,3,28,7,30,210,0,181,180.57142857142858,179.0,179.14285714285714,156,
city_hotel,c7fb00b8-6205-5d73-95ad-5f774926f2cc,2016-07-28,28,2016-07-01T00:00:00+00:00,train,212,3,28,7,30,210,0,209,200.71428571428572,198.0,193.75,199,
resort_hotel,c31c4e41-2181-5ea7-875e-e62ec156c77b,2016-07-29,28,2016-07-02T00:00:00+00:00,train,181,4,29,7,30,211,0,180,180.85714285714286,178.85714285714286,179.39285714285714,163,
city_hotel,c7fb00b8-6205-5d73-95ad-5f774926f2cc,2016-07-29,28,2016-07-02T00:00:00+00:00,train,199,4,29,7,30,211,0,210,199.0,198.85714285714286,193.42857142857142,171,
resort_hotel,c31c4e41-2181-5ea7-875e-e62ec156c77b,2016-07-30,28,2016-07-03T00:00:00+00:00,train,175,5,30,7,30,212,1,183,181.0,179.28571428571428,179.46428571428572,142,
city_hotel,c7fb00b8-6205-5d73-95ad-5f774926f2cc,2016-07-30,28,2016-07-03T00:00:00+00:00,train,216,5,30,7,30,212,1,187,193.71428571428572,196.92857142857142,192.75,214,
resort_hotel,c31c4e41-2181-5ea7-875e-e62ec156c77b,2016-07-31,28,2016-07-04T00:00:00+00:00,train,170,6,31,7,30,213,1,164,178.28571428571428,178.64285714285714,179.17857142857142,152,
city_hotel,c7fb00b8-6205-5d73-95ad-5f774926f2cc,2016-07-31,28,2016-07-04T00:00:00+00:00,train,211,6,31,7,30,213,1,194,198.42857142857142,195.92857142857142,194.14285714285714,214,
resort_hotel,c31c4e41-2181-5ea7-875e-e62ec156c77b,2016-08-01,28,2016-07-05T00:00:00+00:00,train,180,0,1,8,31,214,0,180,178.14285714285714,179.0,179.14285714285714,174,
city_hotel,c7fb00b8-6205-5d73-95ad-5f774926f2cc,2016-08-01,28,2016-07-05T00:00:00+00:00,train,192,0,1,8,31,214,0,208,201.85714285714286,196.28571428571428,193.71428571428572,178,
resort_hotel,c31c4e41-2181-5ea7-875e-e62ec156c77b,2016-08-02,28,2016-07-06T00:00:00+00:00,train,183,1,2,8,31,215,0,182,178.28571428571428,179.21428571428572,179.10714285714286,182,
city_hotel,c7fb00b8-6205-5d73-95ad-5f774926f2cc,2016-08-02,28,2016-07-06T00:00:00+00:00,train,218,1,2,8,31,215,0,215,203.42857142857142,196.92857142857142,193.71428571428572,195,
resort_hotel,c31c4e41-2181-5ea7-875e-e62ec156c77b,2016-08-03,28,2016-07-07T00:00:00+00:00,train,182,2,3,8,31,216,0,181,178.71428571428572,179.35714285714286,179.07142857142858,174,
city_hotel,c7fb00b8-6205-5d73-95ad-5f774926f2cc,2016-08-03,28,2016-07-07T00:00:00+00:00,train,219,2,3,8,31,216,0,223,206.57142857142858,199.14285714285714,195.32142857142858,214,
resort_hotel,c31c4e41-2181-5ea7-875e-e62ec156c77b,2016-08-04,28,2016-07-08T00:00:00+00:00,train,183,3,4,8,31,217,0,179,178.42857142857142,179.5,178.96428571428572,173,
city_hotel,c7fb00b8-6205-5d73-95ad-5f774926f2cc,2016-08-04,28,2016-07-08T00:00:00+00:00,train,224,3,4,8,31,217,0,217,207.71428571428572,204.21428571428572,197.17857142857142,210,
resort_hotel,c31c4e41-2181-5ea7-875e-e62ec156c77b,2016-08-05,28,2016-07-09T00:00:00+00:00,train,183,4,5,8,31,218,0,179,178.28571428571428,179.57142857142858,178.85714285714286,172,
city_hotel,c7fb00b8-6205-5d73-95ad-5f774926f2cc,2016-08-05,28,2016-07-09T00:00:00+00:00,train,221,4,5,8,31,218,0,219,209.0,204.0,197.53571428571428,218,
resort_hotel,c31c4e41-2181-5ea7-875e-e62ec156c77b,2016-08-06,28,2016-07-10T00:00:00+00:00,train,180,5,6,8,31,219,1,183,178.28571428571428,179.64285714285714,178.92857142857142,170,
city_hotel,c7fb00b8-6205-5d73-95ad-5f774926f2cc,2016-08-06,28,2016-07-10T00:00:00+00:00,train,224,5,6,8,31,219,1,213,212.71428571428572,203.21428571428572,197.39285714285714,222,
resort_hotel,c31c4e41-2181-5ea7-875e-e62ec156c77b,2016-08-07,28,2016-07-11T00:00:00+00:00,train,178,6,7,8,31,220,1,179,180.42857142857142,179.35714285714286,179.28571428571428,166,
city_hotel,c7fb00b8-6205-5d73-95ad-5f774926f2cc,2016-08-07,28,2016-07-11T00:00:00+00:00,train,218,6,7,8,31,220,1,217,216.0,207.21428571428572,198.96428571428572,200,
resort_hotel,c31c4e41-2181-5ea7-875e-e62ec156c77b,2016-08-08,28,2016-07-12T00:00:00+00:00,train,183,0,8,8,32,221,0,182,180.71428571428572,179.42857142857142,179.28571428571428,176,
city_hotel,c7fb00b8-6205-5d73-95ad-5f774926f2cc,2016-08-08,28,2016-07-12T00:00:00+00:00,train,220,0,8,8,32,221,0,221,217.85714285714286,209.85714285714286,201.96428571428572,206,
resort_hotel,c31c4e41-2181-5ea7-875e-e62ec156c77b,2016-08-09,28,2016-07-13T00:00:00+00:00,train,183,1,9,8,32,222,0,184,181.0,179.64285714285714,179.32142857142858,182,
city_hotel,c7fb00b8-6205-5d73-95ad-5f774926f2cc,2016-08-09,28,2016-07-13T00:00:00+00:00,train,223,1,9,8,32,222,0,216,218.0,210.71428571428572,204.21428571428572,225,
resort_hotel,c31c4e41-2181-5ea7-875e-e62ec156c77b,2016-08-10,28,2016-07-14T00:00:00+00:00,train,183,2,10,8,32,223,0,182,181.14285714285714,179.92857142857142,179.28571428571428,176,
city_hotel,c7fb00b8-6205-5d73-95ad-5f774926f2cc,2016-08-10,28,2016-07-14T00:00:00+00:00,train,223,2,10,8,32,223,0,224,218.14285714285714,212.35714285714286,205.46428571428572,219,
resort_hotel,c31c4e41-2181-5ea7-875e-e62ec156c77b,2016-08-11,28,2016-07-15T00:00:00+00:00,train,179,3,11,8,32,224,0,178,181.0,179.71428571428572,179.35714285714286,162,
city_hotel,c7fb00b8-6205-5d73-95ad-5f774926f2cc,2016-08-11,28,2016-07-15T00:00:00+00:00,train,224,3,11,8,32,224,0,222,218.85714285714286,213.28571428571428,205.64285714285714,222,
resort_hotel,c31c4e41-2181-5ea7-875e-e62ec156c77b,2016-08-12,28,2016-07-16T00:00:00+00:00,train,182,4,12,8,32,225,0,182,181.42857142857142,179.85714285714286,179.35714285714286,172,
city_hotel,c7fb00b8-6205-5d73-95ad-5f774926f2cc,2016-08-12,28,2016-07-16T00:00:00+00:00,train,225,4,12,8,32,225,0,222,219.28571428571428,214.14285714285714,206.5,225,
resort_hotel,c31c4e41-2181-5ea7-875e-e62ec156c77b,2016-08-13,28,2016-07-17T00:00:00+00:00,train,183,5,13,8,32,226,1,182,181.28571428571428,179.78571428571428,179.53571428571428,176,
city_hotel,c7fb00b8-6205-5d73-95ad-5f774926f2cc,2016-08-13,28,2016-07-17T00:00:00+00:00,train,226,5,13,8,32,226,1,222,220.57142857142858,216.64285714285714,206.78571428571428,222,
resort_hotel,c31c4e41-2181-5ea7-875e-e62ec156c77b,2016-08-14,28,2016-07-18T00:00:00+00:00,train,183,6,14,8,32,227,1,175,180.71428571428572,180.57142857142858,179.60714285714286,171,
city_hotel,c7fb00b8-6205-5d73-95ad-5f774926f2cc,2016-08-14,28,2016-07-18T00:00:00+00:00,train,225,6,14,8,32,227,1,205,218.85714285714286,217.42857142857142,206.67857142857142,211,
resort_hotel,c31c4e41-2181-5ea7-875e-e62ec156c77b,2016-08-15,28,2016-07-19T00:00:00+00:00,train,179,0,15,8,33,228,0,180,180.42857142857142,180.57142857142858,179.78571428571428,169,
city_hotel,c7fb00b8-6205-5d73-95ad-5f774926f2cc,2016-08-15,28,2016-07-19T00:00:00+00:00,train,212,0,15,8,33,228,0,215,218.0,217.92857142857142,207.10714285714286,193,
resort_hotel,c31c4e41-2181-5ea7-875e-e62ec156c77b,2016-08-16,28,2016-07-20T00:00:00+00:00,train,181,1,16,8,33,229,0,175,179.14285714285714,180.07142857142858,179.64285714285714,175,
city_hotel,c7fb00b8-6205-5d73-95ad-5f774926f2cc,2016-08-16,28,2016-07-20T00:00:00+00:00,train,224,1,16,8,33,229,0,213,217.57142857142858,217.78571428571428,207.35714285714286,198,
resort_hotel,c31c4e41-2181-5ea7-875e-e62ec156c77b,2016-08-17,28,2016-07-21T00:00:00+00:00,train,183,2,17,8,33,230,0,179,178.71428571428572,179.92857142857142,179.64285714285714,174,
city_hotel,c7fb00b8-6205-5d73-95ad-5f774926f2cc,2016-08-17,28,2016-07-21T00:00:00+00:00,train,225,2,17,8,33,230,0,202,214.42857142857142,216.28571428571428,207.71428571428572,182,
resort_hotel,c31c4e41-2181-5ea7-875e-e62ec156c77b,2016-08-18,28,2016-07-22T00:00:00+00:00,train,183,3,18,8,33,231,0,181,179.14285714285714,180.07142857142858,179.78571428571428,155,
city_hotel,c7fb00b8-6205-5d73-95ad-5f774926f2cc,2016-08-18,28,2016-07-22T00:00:00+00:00,train,223,3,18,8,33,231,0,222,214.42857142857142,216.64285714285714,210.42857142857142,225,
resort_hotel,c31c4e41-2181-5ea7-875e-e62ec156c77b,2016-08-19,28,2016-07-23T00:00:00+00:00,train,182,4,19,8,33,232,0,183,179.28571428571428,180.35714285714286,179.96428571428572,159,
city_hotel,c7fb00b8-6205-5d73-95ad-5f774926f2cc,2016-08-19,28,2016-07-23T00:00:00+00:00,train,226,4,19,8,33,232,0,217,213.71428571428572,216.5,210.25,209,
resort_hotel,c31c4e41-2181-5ea7-875e-e62ec156c77b,2016-08-20,28,2016-07-24T00:00:00+00:00,train,183,5,20,8,33,233,1,184,179.57142857142858,180.42857142857142,180.03571428571428,162,
city_hotel,c7fb00b8-6205-5d73-95ad-5f774926f2cc,2016-08-20,28,2016-07-24T00:00:00+00:00,train,214,5,20,8,33,233,1,214,212.57142857142858,216.57142857142858,209.89285714285714,176,
resort_hotel,c31c4e41-2181-5ea7-875e-e62ec156c77b,2016-08-21,28,2016-07-25T00:00:00+00:00,train,180,6,21,8,33,234,1,176,179.71428571428572,180.21428571428572,179.78571428571428,170,
city_hotel,c7fb00b8-6205-5d73-95ad-5f774926f2cc,2016-08-21,28,2016-07-25T00:00:00+00:00,train,220,6,21,8,33,234,1,200,211.85714285714286,215.35714285714286,211.28571428571428,198,
resort_hotel,c31c4e41-2181-5ea7-875e-e62ec156c77b,2016-08-22,28,2016-07-26T00:00:00+00:00,train,180,0,22,8,34,235,0,177,179.28571428571428,179.85714285714286,179.64285714285714,166,
city_hotel,c7fb00b8-6205-5d73-95ad-5f774926f2cc,2016-08-22,28,2016-07-26T00:00:00+00:00,train,225,0,22,8,34,235,0,214,211.71428571428572,214.85714285714286,212.35714285714286,210,
resort_hotel,c31c4e41-2181-5ea7-875e-e62ec156c77b,2016-08-23,28,2016-07-27T00:00:00+00:00,train,182,1,23,8,34,236,0,180,180.0,179.57142857142858,179.60714285714286,165,
city_hotel,c7fb00b8-6205-5d73-95ad-5f774926f2cc,2016-08-23,28,2016-07-27T00:00:00+00:00,train,223,1,23,8,34,236,0,221,212.85714285714286,215.21428571428572,212.96428571428572,207,
resort_hotel,c31c4e41-2181-5ea7-875e-e62ec156c77b,2016-08-24,28,2016-07-28T00:00:00+00:00,train,181,2,24,8,34,237,0,180,180.14285714285714,179.42857142857142,179.67857142857142,165,
city_hotel,c7fb00b8-6205-5d73-95ad-5f774926f2cc,2016-08-24,28,2016-07-28T00:00:00+00:00,train,209,2,24,8,34,237,0,217,215.0,214.71428571428572,213.53571428571428,188,
resort_hotel,c31c4e41-2181-5ea7-875e-e62ec156c77b,2016-08-25,28,2016-07-29T00:00:00+00:00,train,183,3,25,8,34,238,0,177,179.57142857142858,179.35714285714286,179.53571428571428,166,
city_hotel,c7fb00b8-6205-5d73-95ad-5f774926f2cc,2016-08-25,28,2016-07-29T00:00:00+00:00,train,223,3,25,8,34,238,0,212,213.57142857142858,214.0,213.64285714285714,213,
resort_hotel,c31c4e41-2181-5ea7-875e-e62ec156c77b,2016-08-26,28,2016-07-30T00:00:00+00:00,train,181,4,26,8,34,239,0,181,179.28571428571428,179.28571428571428,179.57142857142858,151,
city_hotel,c7fb00b8-6205-5d73-95ad-5f774926f2cc,2016-08-26,28,2016-07-30T00:00:00+00:00,train,224,4,26,8,34,239,0,199,211.0,212.35714285714286,213.25,218,
resort_hotel,c31c4e41-2181-5ea7-875e-e62ec156c77b,2016-08-27,28,2016-07-31T00:00:00+00:00,train,183,5,27,8,34,240,1,175,178.0,178.78571428571428,179.28571428571428,160,
city_hotel,c7fb00b8-6205-5d73-95ad-5f774926f2cc,2016-08-27,28,2016-07-31T00:00:00+00:00,train,221,5,27,8,34,240,1,216,211.28571428571428,211.92857142857142,214.28571428571428,219,
resort_hotel,c31c4e41-2181-5ea7-875e-e62ec156c77b,2016-08-28,28,2016-08-01T00:00:00+00:00,train,178,6,28,8,34,241,1,170,177.14285714285714,178.42857142857142,179.5,148,
city_hotel,c7fb00b8-6205-5d73-95ad-5f774926f2cc,2016-08-28,28,2016-08-01T00:00:00+00:00,train,222,6,28,8,34,241,1,211,212.85714285714286,212.35714285714286,214.89285714285714,211,
resort_hotel,c31c4e41-2181-5ea7-875e-e62ec156c77b,2016-08-29,28,2016-08-02T00:00:00+00:00,train,179,0,29,8,35,242,0,180,177.57142857142858,178.42857142857142,179.5,152,
city_hotel,c7fb00b8-6205-5d73-95ad-5f774926f2cc,2016-08-29,28,2016-08-02T00:00:00+00:00,train,221,0,29,8,35,242,0,192,209.71428571428572,210.71428571428572,214.32142857142858,194,
resort_hotel,c31c4e41-2181-5ea7-875e-e62ec156c77b,2016-08-30,28,2016-08-03T00:00:00+00:00,train,178,1,30,8,35,243,0,183,178.0,179.0,179.53571428571428,161,
city_hotel,c7fb00b8-6205-5d73-95ad-5f774926f2cc,2016-08-30,28,2016-08-03T00:00:00+00:00,train,205,1,30,8,35,243,0,218,209.28571428571428,211.07142857142858,214.42857142857142,178,
resort_hotel,c31c4e41-2181-5ea7-875e-e62ec156c77b,2016-08-31,28,2016-08-04T00:00:00+00:00,train,171,2,31,8,35,244,0,182,178.28571428571428,179.21428571428572,179.57142857142858,151,
city_hotel,c7fb00b8-6205-5d73-95ad-5f774926f2cc,2016-08-31,28,2016-08-04T00:00:00+00:00,train,210,2,31,8,35,244,0,219,209.57142857142858,212.28571428571428,214.28571428571428,180,
resort_hotel,c31c4e41-2181-5ea7-875e-e62ec156c77b,2016-09-01,28,2016-08-05T00:00:00+00:00,train,183,3,1,9,35,245,0,183,179.14285714285714,179.35714285714286,179.71428571428572,169,
city_hotel,c7fb00b8-6205-5d73-95ad-5f774926f2cc,2016-09-01,28,2016-08-05T00:00:00+00:00,train,225,3,1,9,35,245,0,224,211.28571428571428,212.42857142857142,214.53571428571428,210,
resort_hotel,c31c4e41-2181-5ea7-875e-e62ec156c77b,2016-09-02,28,2016-08-06T00:00:00+00:00,train,183,4,2,9,35,246,0,183,179.42857142857142,179.35714285714286,179.85714285714286,172,
city_hotel,c7fb00b8-6205-5d73-95ad-5f774926f2cc,2016-09-02,28,2016-08-06T00:00:00+00:00,train,219,4,2,9,35,246,0,221,214.42857142857142,212.71428571428572,214.60714285714286,213,
resort_hotel,c31c4e41-2181-5ea7-875e-e62ec156c77b,2016-09-03,28,2016-08-07T00:00:00+00:00,train,183,5,3,9,35,247,1,180,180.14285714285714,179.07142857142858,179.75,174,
city_hotel,c7fb00b8-6205-5d73-95ad-5f774926f2cc,2016-09-03,28,2016-08-07T00:00:00+00:00,train,217,5,3,9,35,247,1,224,215.57142857142858,213.42857142857142,215.0,219,
resort_hotel,c31c4e41-2181-5ea7-875e-e62ec156c77b,2016-09-04,28,2016-08-08T00:00:00+00:00,train,182,6,4,9,35,248,1,178,181.28571428571428,179.21428571428572,179.71428571428572,176,
city_hotel,c7fb00b8-6205-5d73-95ad-5f774926f2cc,2016-09-04,28,2016-08-08T00:00:00+00:00,train,209,6,4,9,35,248,1,218,216.57142857142858,214.71428571428572,215.03571428571428,216,
resort_hotel,c31c4e41-2181-5ea7-875e-e62ec156c77b,2016-09-05,28,2016-08-09T00:00:00+00:00,train,180,0,5,9,36,249,0,183,181.71428571428572,179.64285714285714,179.75,174,
city_hotel,c7fb00b8-6205-5d73-95ad-5f774926f2cc,2016-09-05,28,2016-08-09T00:00:00+00:00,train,214,0,5,9,36,249,0,220,220.57142857142858,215.14285714285714,215.0,218,
resort_hotel,c31c4e41-2181-5ea7-875e-e62ec156c77b,2016-09-06,28,2016-08-10T00:00:00+00:00,train,183,1,6,9,36,250,0,183,181.71428571428572,179.85714285714286,179.71428571428572,180,
city_hotel,c7fb00b8-6205-5d73-95ad-5f774926f2cc,2016-09-06,28,2016-08-10T00:00:00+00:00,train,226,1,6,9,36,250,0,223,221.28571428571428,215.28571428571428,215.25,223,
resort_hotel,c31c4e41-2181-5ea7-875e-e62ec156c77b,2016-09-07,28,2016-08-11T00:00:00+00:00,train,182,2,7,9,36,251,0,183,181.85714285714286,180.07142857142858,179.75,180,
city_hotel,c7fb00b8-6205-5d73-95ad-5f774926f2cc,2016-09-07,28,2016-08-11T00:00:00+00:00,train,225,2,7,9,36,251,0,223,221.85714285714286,215.71428571428572,215.21428571428572,225,
resort_hotel,c31c4e41-2181-5ea7-875e-e62ec156c77b,2016-09-08,28,2016-08-12T00:00:00+00:00,train,182,3,8,9,36,252,0,179,181.28571428571428,180.21428571428572,179.78571428571428,176,
city_hotel,c7fb00b8-6205-5d73-95ad-5f774926f2cc,2016-09-08,28,2016-08-12T00:00:00+00:00,train,226,3,8,9,36,252,0,224,221.85714285714286,216.57142857142858,215.28571428571428,221,
resort_hotel,c31c4e41-2181-5ea7-875e-e62ec156c77b,2016-09-09,28,2016-08-13T00:00:00+00:00,train,183,4,9,9,36,253,0,182,181.14285714285714,180.28571428571428,179.78571428571428,172,
city_hotel,c7fb00b8-6205-5d73-95ad-5f774926f2cc,2016-09-09,28,2016-08-13T00:00:00+00:00,train,219,4,9,9,36,253,0,225,222.42857142857142,218.42857142857142,215.39285714285714,205,
resort_hotel,c31c4e41-2181-5ea7-875e-e62ec156c77b,2016-09-10,28,2016-08-14T00:00:00+00:00,train,182,5,10,9,36,254,1,183,181.57142857142858,180.85714285714286,179.82142857142858,174,
city_hotel,c7fb00b8-6205-5d73-95ad-5f774926f2cc,2016-09-10,28,2016-08-14T00:00:00+00:00,train,220,5,10,9,36,254,1,226,222.71428571428572,219.14285714285714,215.53571428571428,214,
resort_hotel,c31c4e41-2181-5ea7-875e-e62ec156c77b,2016-09-11,28,2016-08-15T00:00:00+00:00,train,179,6,11,9,36,255,1,183,182.28571428571428,181.78571428571428,180.10714285714286,167,
city_hotel,c7fb00b8-6205-5d73-95ad-5f774926f2cc,2016-09-11,28,2016-08-15T00:00:00+00:00,train,211,6,11,9,36,255,1,225,223.71428571428572,220.14285714285714,216.25,160,
resort_hotel,c31c4e41-2181-5ea7-875e-e62ec156c77b,2016-09-12,28,2016-08-16T00:00:00+00:00,train,181,0,12,9,37,256,0,179,181.71428571428572,181.71428571428572,180.07142857142858,165,
city_hotel,c7fb00b8-6205-5d73-95ad-5f774926f2cc,2016-09-12,28,2016-08-16T00:00:00+00:00,train,204,0,12,9,37,256,0,212,222.57142857142858,221.57142857142858,216.14285714285714,126,
resort_hotel,c31c4e41-2181-5ea7-875e-e62ec156c77b,2016-09-13,28,2016-08-17T00:00:00+00:00,train,179,1,13,9,37,257,0,181,181.42857142857142,181.57142857142858,180.28571428571428,159,
city_hotel,c7fb00b8-6205-5d73-95ad-5f774926f2cc,2016-09-13,28,2016-08-17T00:00:00+00:00,train,225,1,13,9,37,257,0,224,222.71428571428572,222.0,216.53571428571428,202,
resort_hotel,c31c4e41-2181-5ea7-875e-e62ec156c77b,2016-09-14,28,2016-08-18T00:00:00+00:00,train,172,2,14,9,37,258,0,183,181.42857142857142,181.64285714285714,180.42857142857142,154,
city_hotel,c7fb00b8-6205-5d73-95ad-5f774926f2cc,2016-09-14,28,2016-08-18T00:00:00+00:00,train,225,2,14,9,37,258,0,225,223.0,222.42857142857142,217.35714285714286,217,
resort_hotel,c31c4e41-2181-5ea7-875e-e62ec156c77b,2016-09-15,28,2016-08-19T00:00:00+00:00,train,182,3,15,9,37,259,0,183,182.0,181.64285714285714,180.5,179,
city_hotel,c7fb00b8-6205-5d73-95ad-5f774926f2cc,2016-09-15,28,2016-08-19T00:00:00+00:00,train,221,3,15,9,37,259,0,223,222.85714285714286,222.35714285714286,217.39285714285714,173,
resort_hotel,c31c4e41-2181-5ea7-875e-e62ec156c77b,2016-09-16,28,2016-08-20T00:00:00+00:00,train,181,4,16,9,37,260,0,182,182.0,181.57142857142858,180.46428571428572,176,
city_hotel,c7fb00b8-6205-5d73-95ad-5f774926f2cc,2016-09-16,28,2016-08-20T00:00:00+00:00,train,224,4,16,9,37,260,0,226,223.0,222.71428571428572,217.71428571428572,216,
resort_hotel,c31c4e41-2181-5ea7-875e-e62ec156c77b,2016-09-17,28,2016-08-21T00:00:00+00:00,train,181,5,17,9,37,261,1,183,182.0,181.78571428571428,180.42857142857142,178,
city_hotel,c7fb00b8-6205-5d73-95ad-5f774926f2cc,2016-09-17,28,2016-08-21T00:00:00+00:00,train,222,5,17,9,37,261,1,214,221.28571428571428,222.0,217.71428571428572,218,
resort_hotel,c31c4e41-2181-5ea7-875e-e62ec156c77b,2016-09-18,28,2016-08-22T00:00:00+00:00,train,182,6,18,9,37,262,1,180,181.57142857142858,181.92857142857142,180.57142857142858,169,
city_hotel,c7fb00b8-6205-5d73-95ad-5f774926f2cc,2016-09-18,28,2016-08-22T00:00:00+00:00,train,200,6,18,9,37,262,1,220,220.57142857142858,222.14285714285714,218.42857142857142,171,
resort_hotel,c31c4e41-2181-5ea7-875e-e62ec156c77b,2016-09-19,28,2016-08-23T00:00:00+00:00,train,172,0,19,9,38,263,0,180,181.71428571428572,181.71428571428572,180.67857142857142,166,
city_hotel,c7fb00b8-6205-5d73-95ad-5f774926f2cc,2016-09-19,28,2016-08-23T00:00:00+00:00,train,224,0,19,9,38,263,0,225,222.42857142857142,222.5,218.82142857142858,165,
resort_hotel,c31c4e41-2181-5ea7-875e-e62ec156c77b,2016-09-20,28,2016-08-24T00:00:00+00:00,train,183,1,20,9,38,264,0,182,181.85714285714286,181.64285714285714,180.75,172,
city_hotel,c7fb00b8-6205-5d73-95ad-5f774926f2cc,2016-09-20,28,2016-08-24T00:00:00+00:00,train,216,1,20,9,38,264,0,223,222.28571428571428,222.5,218.89285714285714,136,
resort_hotel,c31c4e41-2181-5ea7-875e-e62ec156c77b,2016-09-21,28,2016-08-25T00:00:00+00:00,train,182,2,21,9,38,265,0,181,181.57142857142858,181.5,180.78571428571428,179,
city_hotel,c7fb00b8-6205-5d73-95ad-5f774926f2cc,2016-09-21,28,2016-08-25T00:00:00+00:00,train,224,2,21,9,38,265,0,209,220.0,221.5,218.60714285714286,211,
resort_hotel,c31c4e41-2181-5ea7-875e-e62ec156c77b,2016-09-22,28,2016-08-26T00:00:00+00:00,train,183,3,22,9,38,266,0,183,181.57142857142858,181.78571428571428,181.0,178,
city_hotel,c7fb00b8-6205-5d73-95ad-5f774926f2cc,2016-09-22,28,2016-08-26T00:00:00+00:00,train,226,3,22,9,38,266,0,223,220.0,221.42857142857142,219.0,200,
resort_hotel,c31c4e41-2181-5ea7-875e-e62ec156c77b,2016-09-23,28,2016-08-27T00:00:00+00:00,train,178,4,23,9,38,267,0,181,181.42857142857142,181.71428571428572,181.0,172,
city_hotel,c7fb00b8-6205-5d73-95ad-5f774926f2cc,2016-09-23,28,2016-08-27T00:00:00+00:00,train,226,4,23,9,38,267,0,224,219.71428571428572,221.35714285714286,219.89285714285714,222,
resort_hotel,c31c4e41-2181-5ea7-875e-e62ec156c77b,2016-09-24,28,2016-08-28T00:00:00+00:00,train,183,5,24,9,38,268,1,183,181.42857142857142,181.71428571428572,181.28571428571428,165,
city_hotel,c7fb00b8-6205-5d73-95ad-5f774926f2cc,2016-09-24,28,2016-08-28T00:00:00+00:00,train,223,5,24,9,38,268,1,221,220.71428571428572,221.0,220.07142857142858,214,
resort_hotel,c31c4e41-2181-5ea7-875e-e62ec156c77b,2016-09-25,28,2016-08-29T00:00:00+00:00,train,160,6,25,9,38,269,1,178,181.14285714285714,181.35714285714286,181.57142857142858,145,
city_hotel,c7fb00b8-6205-5d73-95ad-5f774926f2cc,2016-09-25,28,2016-08-29T00:00:00+00:00,train,180,6,25,9,38,269,1,222,221.0,220.78571428571428,220.46428571428572,150,
resort_hotel,c31c4e41-2181-5ea7-875e-e62ec156c77b,2016-09-26,28,2016-08-30T00:00:00+00:00,train,182,0,26,9,39,270,0,179,181.0,181.35714285714286,181.53571428571428,177,
city_hotel,c7fb00b8-6205-5d73-95ad-5f774926f2cc,2016-09-26,28,2016-08-30T00:00:00+00:00,train,207,0,26,9,39,270,0,221,220.42857142857142,221.42857142857142,221.5,178,
resort_hotel,c31c4e41-2181-5ea7-875e-e62ec156c77b,2016-09-27,28,2016-08-31T00:00:00+00:00,train,174,1,27,9,39,271,0,178,180.42857142857142,181.14285714285714,181.35714285714286,162,
city_hotel,c7fb00b8-6205-5d73-95ad-5f774926f2cc,2016-09-27,28,2016-08-31T00:00:00+00:00,train,220,1,27,9,39,271,0,205,217.85714285714286,220.07142857142858,221.03571428571428,181,
resort_hotel,c31c4e41-2181-5ea7-875e-e62ec156c77b,2016-09-28,28,2016-09-01T00:00:00+00:00,train,182,2,28,9,39,272,0,171,179.0,180.28571428571428,180.96428571428572,174,
city_hotel,c7fb00b8-6205-5d73-95ad-5f774926f2cc,2016-09-28,28,2016-09-01T00:00:00+00:00,train,225,2,28,9,39,272,0,210,218.0,219.0,220.71428571428572,201,
resort_hotel,c31c4e41-2181-5ea7-875e-e62ec156c77b,2016-09-29,28,2016-09-02T00:00:00+00:00,train,183,3,29,9,39,273,0,183,179.0,180.28571428571428,180.96428571428572,182,
city_hotel,c7fb00b8-6205-5d73-95ad-5f774926f2cc,2016-09-29,28,2016-09-02T00:00:00+00:00,train,192,3,29,9,39,273,0,225,218.28571428571428,219.14285714285714,220.75,179,
resort_hotel,c31c4e41-2181-5ea7-875e-e62ec156c77b,2016-09-30,28,2016-09-03T00:00:00+00:00,train,183,4,30,9,39,274,0,183,179.28571428571428,180.35714285714286,180.96428571428572,170,
city_hotel,c7fb00b8-6205-5d73-95ad-5f774926f2cc,2016-09-30,28,2016-09-03T00:00:00+00:00,train,220,4,30,9,39,274,0,219,217.57142857142858,218.64285714285714,220.67857142857142,212,
resort_hotel,c31c4e41-2181-5ea7-875e-e62ec156c77b,2016-10-01,28,2016-09-04T00:00:00+00:00,train,184,5,1,10,39,275,1,183,179.28571428571428,180.35714285714286,181.07142857142858,177,
city_hotel,c7fb00b8-6205-5d73-95ad-5f774926f2cc,2016-10-01,28,2016-09-04T00:00:00+00:00,train,211,5,1,10,39,275,1,217,217.0,218.85714285714286,220.42857142857142,215,
resort_hotel,c31c4e41-2181-5ea7-875e-e62ec156c77b,2016-10-02,28,2016-09-05T00:00:00+00:00,train,179,6,2,10,39,276,1,182,179.85714285714286,180.5,181.21428571428572,169,
city_hotel,c7fb00b8-6205-5d73-95ad-5f774926f2cc,2016-10-02,28,2016-09-05T00:00:00+00:00,train,193,6,2,10,39,276,1,209,215.14285714285714,218.07142857142858,220.10714285714286,178,
resort_hotel,c31c4e41-2181-5ea7-875e-e62ec156c77b,2016-10-03,28,2016-09-06T00:00:00+00:00,train,172,0,3,10,40,277,0,180,180.0,180.5,181.10714285714286,152,
city_hotel,c7fb00b8-6205-5d73-95ad-5f774926f2cc,2016-10-03,28,2016-09-06T00:00:00+00:00,train,220,0,3,10,40,277,0,214,214.14285714285714,217.28571428571428,219.89285714285714,165,
resort_hotel,c31c4e41-2181-5ea7-875e-e62ec156c77b,2016-10-04,28,2016-09-07T00:00:00+00:00,train,184,1,4,10,40,278,0,183,180.71428571428572,180.57142857142858,181.10714285714286,156,
city_hotel,c7fb00b8-6205-5d73-95ad-5f774926f2cc,2016-10-04,28,2016-09-07T00:00:00+00:00,train,213,1,4,10,40,278,0,226,217.14285714285714,217.5,220.0,152,
resort_hotel,c31c4e41-2181-5ea7-875e-e62ec156c77b,2016-10-05,28,2016-09-08T00:00:00+00:00,train,179,2,5,10,40,279,0,182,182.28571428571428,180.64285714285714,181.07142857142858,140,
city_hotel,c7fb00b8-6205-5d73-95ad-5f774926f2cc,2016-10-05,28,2016-09-08T00:00:00+00:00,train,205,2,5,10,40,279,0,225,219.28571428571428,218.64285714285714,220.07142857142858,154,
resort_hotel,c31c4e41-2181-5ea7-875e-e62ec156c77b,2016-10-06,28,2016-09-09T00:00:00+00:00,train,178,3,6,10,40,280,0,182,182.14285714285714,180.57142857142858,181.17857142857142,151,
city_hotel,c7fb00b8-6205-5d73-95ad-5f774926f2cc,2016-10-06,28,2016-09-09T00:00:00+00:00,train,224,3,6,10,40,280,0,226,219.42857142857142,218.85714285714286,220.14285714285714,200,
resort_hotel,c31c4e41-2181-5ea7-875e-e62ec156c77b,2016-10-07,28,2016-09-10T00:00:00+00:00,train,180,4,7,10,40,281,0,183,182.14285714285714,180.71428571428572,181.21428571428572,153,
city_hotel,c7fb00b8-6205-5d73-95ad-5f774926f2cc,2016-10-07,28,2016-09-10T00:00:00+00:00,train,213,4,7,10,40,281,0,219,219.42857142857142,218.5,219.92857142857142,215,
resort_hotel,c31c4e41-2181-5ea7-875e-e62ec156c77b,2016-10-08,28,2016-09-11T00:00:00+00:00,train,179,5,8,10,40,282,1,182,182.0,180.64285714285714,181.17857142857142,144,
city_hotel,c7fb00b8-6205-5d73-95ad-5f774926f2cc,2016-10-08,28,2016-09-11T00:00:00+00:00,train,215,5,8,10,40,282,1,220,219.85714285714286,218.42857142857142,219.71428571428572,217,
resort_hotel,c31c4e41-2181-5ea7-875e-e62ec156c77b,2016-10-09,28,2016-09-12T00:00:00+00:00,train,178,6,9,10,40,283,1,179,181.57142857142858,180.71428571428572,181.03571428571428,146,
city_hotel,c7fb00b8-6205-5d73-95ad-5f774926f2cc,2016-10-09,28,2016-09-12T00:00:00+00:00,train,216,6,9,10,40,283,1,211,220.14285714285714,217.64285714285714,219.21428571428572,200,
resort_hotel,c31c4e41-2181-5ea7-875e-e62ec156c77b,2016-10-10,28,2016-09-13T00:00:00+00:00,train,159,0,10,10,41,284,0,181,181.71428571428572,180.85714285714286,181.10714285714286,139,
city_hotel,c7fb00b8-6205-5d73-95ad-5f774926f2cc,2016-10-10,28,2016-09-13T00:00:00+00:00,train,209,0,10,10,41,284,0,204,218.71428571428572,216.42857142857142,218.92857142857142,193,
resort_hotel,c31c4e41-2181-5ea7-875e-e62ec156c77b,2016-10-11,28,2016-09-14T00:00:00+00:00,train,152,1,11,10,41,285,0,179,181.14285714285714,180.92857142857142,181.03571428571428,117,
city_hotel,c7fb00b8-6205-5d73-95ad-5f774926f2cc,2016-10-11,28,2016-09-14T00:00:00+00:00,train,207,1,11,10,41,285,0,225,218.57142857142858,217.85714285714286,218.96428571428572,193,
resort_hotel,c31c4e41-2181-5ea7-875e-e62ec156c77b,2016-10-12,28,2016-09-15T00:00:00+00:00,train,177,2,12,10,41,286,0,172,179.71428571428572,181.0,180.64285714285714,164,
city_hotel,c7fb00b8-6205-5d73-95ad-5f774926f2cc,2016-10-12,28,2016-09-15T00:00:00+00:00,train,208,2,12,10,41,286,0,225,218.57142857142858,218.92857142857142,218.96428571428572,199,
resort_hotel,c31c4e41-2181-5ea7-875e-e62ec156c77b,2016-10-13,28,2016-09-16T00:00:00+00:00,train,176,3,13,10,41,287,0,182,179.71428571428572,180.92857142857142,180.60714285714286,174,
city_hotel,c7fb00b8-6205-5d73-95ad-5f774926f2cc,2016-10-13,28,2016-09-16T00:00:00+00:00,train,212,3,13,10,41,287,0,221,217.85714285714286,218.64285714285714,218.89285714285714,180,
resort_hotel,c31c4e41-2181-5ea7-875e-e62ec156c77b,2016-10-14,28,2016-09-17T00:00:00+00:00,train,181,4,14,10,41,288,0,181,179.42857142857142,180.78571428571428,180.57142857142858,187,
city_hotel,c7fb00b8-6205-5d73-95ad-5f774926f2cc,2016-10-14,28,2016-09-17T00:00:00+00:00,train,223,4,14,10,41,288,0,224,218.57142857142858,219.0,218.82142857142858,221,
resort_hotel,c31c4e41-2181-5ea7-875e-e62ec156c77b,2016-10-15,28,2016-09-18T00:00:00+00:00,train,178,5,15,10,41,289,1,181,179.28571428571428,180.64285714285714,180.5,179,
city_hotel,c7fb00b8-6205-5d73-95ad-5f774926f2cc,2016-10-15,28,2016-09-18T00:00:00+00:00,train,222,5,15,10,41,289,1,222,218.85714285714286,219.35714285714286,219.10714285714286,217,
resort_hotel,c31c4e41-2181-5ea7-875e-e62ec156c77b,2016-10-16,28,2016-09-19T00:00:00+00:00,train,183,6,16,10,41,290,1,182,179.71428571428572,180.64285714285714,180.57142857142858,174,
city_hotel,c7fb00b8-6205-5d73-95ad-5f774926f2cc,2016-10-16,28,2016-09-19T00:00:00+00:00,train,170,6,16,10,41,290,1,200,217.28571428571428,218.71428571428572,218.39285714285714,161,
resort_hotel,c31c4e41-2181-5ea7-875e-e62ec156c77b,2016-10-17,28,2016-09-20T00:00:00+00:00,train,155,0,17,10,42,291,0,172,178.42857142857142,180.07142857142858,180.28571428571428,133,
city_hotel,c7fb00b8-6205-5d73-95ad-5f774926f2cc,2016-10-17,28,2016-09-20T00:00:00+00:00,train,207,0,17,10,42,291,0,224,220.14285714285714,219.42857142857142,218.35714285714286,205,
resort_hotel,c31c4e41-2181-5ea7-875e-e62ec156c77b,2016-10-18,28,2016-09-21T00:00:00+00:00,train,174,1,18,10,42,292,0,183,179.0,180.07142857142858,180.32142857142858,134,
city_hotel,c7fb00b8-6205-5d73-95ad-5f774926f2cc,2016-10-18,28,2016-09-21T00:00:00+00:00,train,211,1,18,10,42,292,0,216,218.85714285714286,218.71428571428572,218.10714285714286,192,
resort_hotel,c31c4e41-2181-5ea7-875e-e62ec156c77b,2016-10-19,28,2016-09-22T00:00:00+00:00,train,172,2,19,10,42,293,0,182,180.42857142857142,180.07142857142858,180.35714285714286,131,
city_hotel,c7fb00b8-6205-5d73-95ad-5f774926f2cc,2016-10-19,28,2016-09-22T00:00:00+00:00,train,205,2,19,10,42,293,0,224,218.71428571428572,218.64285714285714,218.64285714285714,193,
resort_hotel,c31c4e41-2181-5ea7-875e-e62ec156c77b,2016-10-20,28,2016-09-23T00:00:00+00:00,train,179,3,20,10,42,294,0,183,180.57142857142858,180.14285714285714,180.35714285714286,160,
city_hotel,c7fb00b8-6205-5d73-95ad-5f774926f2cc,2016-10-20,28,2016-09-23T00:00:00+00:00,train,204,3,20,10,42,294,0,226,219.42857142857142,218.64285714285714,218.75,187,
resort_hotel,c31c4e41-2181-5ea7-875e-e62ec156c77b,2016-10-21,28,2016-09-24T00:00:00+00:00,train,165,4,21,10,42,295,0,178,180.14285714285714,179.78571428571428,180.25,152,
city_hotel,c7fb00b8-6205-5d73-95ad-5f774926f2cc,2016-10-21,28,2016-09-24T00:00:00+00:00,train,193,4,21,10,42,295,0,226,219.71428571428572,219.14285714285714,218.82142857142858,175,
resort_hotel,c31c4e41-2181-5ea7-875e-e62ec156c77b,2016-10-22,28,2016-09-25T00:00:00+00:00,train,176,5,22,10,42,296,1,183,180.42857142857142,179.85714285714286,180.25,169,
city_hotel,c7fb00b8-6205-5d73-95ad-5f774926f2cc,2016-10-22,28,2016-09-25T00:00:00+00:00,train,189,5,22,10,42,296,1,223,219.85714285714286,219.35714285714286,218.89285714285714,167,
resort_hotel,c31c4e41-2181-5ea7-875e-e62ec156c77b,2016-10-23,28,2016-09-26T00:00:00+00:00,train,180,6,23,10,42,297,1,160,177.28571428571428,178.5,179.60714285714286,173,
city_hotel,c7fb00b8-6205-5d73-95ad-5f774926f2cc,2016-10-23,28,2016-09-26T00:00:00+00:00,train,217,6,23,10,42,297,1,180,217.0,217.14285714285714,217.39285714285714,221,
resort_hotel,c31c4e41-2181-5ea7-875e-e62ec156c77b,2016-10-24,28,2016-09-27T00:00:00+00:00,train,160,0,24,10,43,298,0,182,178.71428571428572,178.57142857142858,179.71428571428572,128,
city_hotel,c7fb00b8-6205-5d73-95ad-5f774926f2cc,2016-10-24,28,2016-09-27T00:00:00+00:00,train,225,0,24,10,43,298,0,207,214.57142857142858,217.35714285714286,216.89285714285714,218,
resort_hotel,c31c4e41-2181-5ea7-875e-e62ec156c77b,2016-10-25,28,2016-09-28T00:00:00+00:00,train,171,1,25,10,43,299,0,174,177.42857142857142,178.21428571428572,179.57142857142858,134,
city_hotel,c7fb00b8-6205-5d73-95ad-5f774926f2cc,2016-10-25,28,2016-09-28T00:00:00+00:00,train,217,1,25,10,43,299,0,220,215.14285714285714,217.0,217.42857142857142,179,
resort_hotel,c31c4e41-2181-5ea7-875e-e62ec156c77b,2016-10-26,28,2016-09-29T00:00:00+00:00,train,179,2,26,10,43,300,0,182,177.42857142857142,178.92857142857142,179.96428571428572,124,
city_hotel,c7fb00b8-6205-5d73-95ad-5f774926f2cc,2016-10-26,28,2016-09-29T00:00:00+00:00,train,224,2,26,10,43,300,0,225,215.28571428571428,217.0,217.96428571428572,185,
resort_hotel,c31c4e41-2181-5ea7-875e-e62ec156c77b,2016-10-27,28,2016-09-30T00:00:00+00:00,train,154,3,27,10,43,301,0,183,177.42857142857142,179.0,179.96428571428572,114,
city_hotel,c7fb00b8-6205-5d73-95ad-5f774926f2cc,2016-10-27,28,2016-09-30T00:00:00+00:00,train,217,3,27,10,43,301,0,192,210.42857142857142,214.92857142857142,216.78571428571428,184,
resort_hotel,c31c4e41-2181-5ea7-875e-e62ec156c77b,2016-10-28,28,2016-10-01T00:00:00+00:00,train,161,4,28,10,43,302,0,183,178.14285714285714,179.14285714285714,179.96428571428572,123,
city_hotel,c7fb00b8-6205-5d73-95ad-5f774926f2cc,2016-10-28,28,2016-10-01T00:00:00+00:00,train,214,4,28,10,43,302,0,220,209.57142857142858,214.64285714285714,216.82142857142858,215,
resort_hotel,c31c4e41-2181-5ea7-875e-e62ec156c77b,2016-10-29,28,2016-10-02T00:00:00+00:00,train,182,5,29,10,43,303,1,184,178.28571428571428,179.35714285714286,180.0,139,
city_hotel,c7fb00b8-6205-5d73-95ad-5f774926f2cc,2016-10-29,28,2016-10-02T00:00:00+00:00,train,214,5,29,10,43,303,1,211,207.85714285714286,213.85714285714286,216.60714285714286,210,
resort_hotel,c31c4e41-2181-5ea7-875e-e62ec156c77b,2016-10-30,28,2016-10-03T00:00:00+00:00,train,168,6,30,10,43,304,1,179,181.0,179.14285714285714,179.89285714285714,135,
city_hotel,c7fb00b8-6205-5d73-95ad-5f774926f2cc,2016-10-30,28,2016-10-03T00:00:00+00:00,train,218,6,30,10,43,304,1,193,209.71428571428572,213.35714285714286,216.03571428571428,210,
resort_hotel,c31c4e41-2181-5ea7-875e-e62ec156c77b,2016-10-31,28,2016-10-04T00:00:00+00:00,train,178,0,31,10,44,305,0,172,179.57142857142858,179.14285714285714,179.60714285714286,145,
city_hotel,c7fb00b8-6205-5d73-95ad-5f774926f2cc,2016-10-31,28,2016-10-04T00:00:00+00:00,train,220,0,31,10,44,305,0,220,211.57142857142858,213.07142857142858,216.25,218,
resort_hotel,c31c4e41-2181-5ea7-875e-e62ec156c77b,2016-11-01,28,2016-10-05T00:00:00+00:00,train,168,1,1,11,44,306,0,184,181.0,179.21428571428572,179.64285714285714,157,
city_hotel,c7fb00b8-6205-5d73-95ad-5f774926f2cc,2016-11-01,28,2016-10-05T00:00:00+00:00,train,190,1,1,11,44,306,0,213,210.57142857142858,212.85714285714286,215.78571428571428,173,
resort_hotel,c31c4e41-2181-5ea7-875e-e62ec156c77b,2016-11-02,28,2016-10-06T00:00:00+00:00,train,164,2,2,11,44,307,0,179,180.57142857142858,179.0,179.53571428571428,148,
city_hotel,c7fb00b8-6205-5d73-95ad-5f774926f2cc,2016-11-02,28,2016-10-06T00:00:00+00:00,train,210,2,2,11,44,307,0,205,207.71428571428572,211.5,215.07142857142858,182,
resort_hotel,c31c4e41-2181-5ea7-875e-e62ec156c77b,2016-11-03,28,2016-10-07T00:00:00+00:00,train,176,3,3,11,44,308,0,178,179.85714285714286,178.64285714285714,179.39285714285714,140,
city_hotel,c7fb00b8-6205-5d73-95ad-5f774926f2cc,2016-11-03,28,2016-10-07T00:00:00+00:00,train,200,3,3,11,44,308,0,224,212.28571428571428,211.35714285714286,215.0,180,
resort_hotel,c31c4e41-2181-5ea7-875e-e62ec156c77b,2016-11-04,28,2016-10-08T00:00:00+00:00,train,172,4,4,11,44,309,0,180,179.42857142857142,178.78571428571428,179.28571428571428,135,
city_hotel,c7fb00b8-6205-5d73-95ad-5f774926f2cc,2016-11-04,28,2016-10-08T00:00:00+00:00,train,195,4,4,11,44,309,0,213,211.28571428571428,210.42857142857142,214.78571428571428,195,
resort_hotel,c31c4e41-2181-5ea7-875e-e62ec156c77b,2016-11-05,28,2016-10-09T00:00:00+00:00,train,170,5,5,11,44,310,1,179,178.71428571428572,178.5,179.17857142857142,130,
city_hotel,c7fb00b8-6205-5d73-95ad-5f774926f2cc,2016-11-05,28,2016-10-09T00:00:00+00:00,train,185,5,5,11,44,310,1,215,211.85714285714286,209.85714285714286,214.60714285714286,199,
resort_hotel,c31c4e41-2181-5ea7-875e-e62ec156c77b,2016-11-06,28,2016-10-10T00:00:00+00:00,train,144,6,6,11,44,311,1,178,178.57142857142858,179.78571428571428,179.14285714285714,124,
city_hotel,c7fb00b8-6205-5d73-95ad-5f774926f2cc,2016-11-06,28,2016-10-10T00:00:00+00:00,train,148,6,6,11,44,311,1,216,215.14285714285714,212.42857142857142,214.78571428571428,121,
resort_hotel,c31c4e41-2181-5ea7-875e-e62ec156c77b,2016-11-07,28,2016-10-11T00:00:00+00:00,train,147,0,7,11,45,312,0,159,176.71428571428572,178.14285714285714,178.35714285714286,109,
city_hotel,c7fb00b8-6205-5d73-95ad-5f774926f2cc,2016-11-07,28,2016-10-11T00:00:00+00:00,train,186,0,7,11,45,312,0,209,213.57142857142858,212.57142857142858,214.96428571428572,126,
resort_hotel,c31c4e41-2181-5ea7-875e-e62ec156c77b,2016-11-08,28,2016-10-12T00:00:00+00:00,train,157,1,8,11,45,313,0,152,172.14285714285714,176.57142857142858,177.39285714285714,116,
city_hotel,c7fb00b8-6205-5d73-95ad-5f774926f2cc,2016-11-08,28,2016-10-12T00:00:00+00:00,train,198,1,8,11,45,313,0,207,212.71428571428572,211.64285714285714,214.32142857142858,124,
resort_hotel,c31c4e41-2181-5ea7-875e-e62ec156c77b,2016-11-09,28,2016-10-13T00:00:00+00:00,train,155,2,9,11,45,314,0,177,171.85714285714286,176.21428571428572,177.57142857142858,119,
city_hotel,c7fb00b8-6205-5d73-95ad-5f774926f2cc,2016-11-09,28,2016-10-13T00:00:00+00:00,train,189,2,9,11,45,314,0,208,213.14285714285714,210.42857142857142,213.71428571428572,139,
resort_hotel,c31c4e41-2181-5ea7-875e-e62ec156c77b,2016-11-10,28,2016-10-14T00:00:00+00:00,validation,158,3,10,11,45,315,0,176,171.57142857142858,175.71428571428572,177.35714285714286,127,
city_hotel,c7fb00b8-6205-5d73-95ad-5f774926f2cc,2016-11-10,28,2016-10-14T00:00:00+00:00,validation,166,3,10,11,45,315,0,212,211.42857142857142,211.85714285714286,213.39285714285714,114,
resort_hotel,c31c4e41-2181-5ea7-875e-e62ec156c77b,2016-11-11,28,2016-10-15T00:00:00+00:00,validation,161,4,11,11,45,316,0,181,171.71428571428572,175.57142857142858,177.35714285714286,136,
city_hotel,c7fb00b8-6205-5d73-95ad-5f774926f2cc,2016-11-11,28,2016-10-15T00:00:00+00:00,validation,199,4,11,11,45,316,0,223,212.85714285714286,212.07142857142858,213.35714285714286,163,
resort_hotel,c31c4e41-2181-5ea7-875e-e62ec156c77b,2016-11-12,28,2016-10-16T00:00:00+00:00,validation,138,5,12,11,45,317,1,178,171.57142857142858,175.14285714285714,177.25,122,
city_hotel,c7fb00b8-6205-5d73-95ad-5f774926f2cc,2016-11-12,28,2016-10-16T00:00:00+00:00,validation,203,5,12,11,45,317,1,222,213.85714285714286,212.85714285714286,213.35714285714286,179,
resort_hotel,c31c4e41-2181-5ea7-875e-e62ec156c77b,2016-11-13,28,2016-10-17T00:00:00+00:00,validation,131,6,13,11,45,318,1,183,172.28571428571428,175.42857142857142,177.28571428571428,99,
city_hotel,c7fb00b8-6205-5d73-95ad-5f774926f2cc,2016-11-13,28,2016-10-17T00:00:00+00:00,validation,193,6,13,11,45,318,1,170,207.28571428571428,211.21428571428572,212.28571428571428,163,
resort_hotel,c31c4e41-2181-5ea7-875e-e62ec156c77b,2016-11-14,28,2016-10-18T00:00:00+00:00,validation,152,0,14,11,46,319,0,155,171.71428571428572,174.21428571428572,176.67857142857142,98,
city_hotel,c7fb00b8-6205-5d73-95ad-5f774926f2cc,2016-11-14,28,2016-10-18T00:00:00+00:00,validation,201,0,14,11,46,319,0,207,207.0,210.28571428571428,211.67857142857142,142,
resort_hotel,c31c4e41-2181-5ea7-875e-e62ec156c77b,2016-11-15,28,2016-10-19T00:00:00+00:00,validation,164,1,15,11,46,320,0,174,174.85714285714286,173.5,176.35714285714286,96,
city_hotel,c7fb00b8-6205-5d73-95ad-5f774926f2cc,2016-11-15,28,2016-10-19T00:00:00+00:00,validation,177,1,15,11,46,320,0,211,207.57142857142858,210.14285714285714,211.5,129,
resort_hotel,c31c4e41-2181-5ea7-875e-e62ec156c77b,2016-11-16,28,2016-10-20T00:00:00+00:00,validation,141,2,16,11,46,321,0,172,174.14285714285714,173.0,176.0,85,
city_hotel,c7fb00b8-6205-5d73-95ad-5f774926f2cc,2016-11-16,28,2016-10-20T00:00:00+00:00,validation,199,2,16,11,46,321,0,205,207.14285714285714,210.14285714285714,210.82142857142858,128,
resort_hotel,c31c4e41-2181-5ea7-875e-e62ec156c77b,2016-11-17,28,2016-10-21T00:00:00+00:00,validation,148,3,17,11,46,322,0,179,174.57142857142858,173.07142857142858,175.85714285714286,97,
city_hotel,c7fb00b8-6205-5d73-95ad-5f774926f2cc,2016-11-17,28,2016-10-21T00:00:00+00:00,validation,185,3,17,11,46,322,0,204,206.0,208.71428571428572,210.03571428571428,127,
resort_hotel,c31c4e41-2181-5ea7-875e-e62ec156c77b,2016-11-18,28,2016-10-22T00:00:00+00:00,validation,169,4,18,11,46,323,0,165,172.28571428571428,172.0,175.39285714285714,117,
city_hotel,c7fb00b8-6205-5d73-95ad-5f774926f2cc,2016-11-18,28,2016-10-22T00:00:00+00:00,validation,199,4,18,11,46,323,0,193,201.71428571428572,207.28571428571428,208.85714285714286,154,
resort_hotel,c31c4e41-2181-5ea7-875e-e62ec156c77b,2016-11-19,28,2016-10-23T00:00:00+00:00,validation,181,5,19,11,46,324,1,176,172.0,171.78571428571428,175.14285714285714,113,
city_hotel,c7fb00b8-6205-5d73-95ad-5f774926f2cc,2016-11-19,28,2016-10-23T00:00:00+00:00,validation,199,5,19,11,46,324,1,189,197.0,205.42857142857142,207.64285714285714,158,
resort_hotel,c31c4e41-2181-5ea7-875e-e62ec156c77b,2016-11-20,28,2016-10-24T00:00:00+00:00,validation,137,6,20,11,46,325,1,180,171.57142857142858,171.92857142857142,175.85714285714286,98,
city_hotel,c7fb00b8-6205-5d73-95ad-5f774926f2cc,2016-11-20,28,2016-10-24T00:00:00+00:00,validation,154,6,20,11,46,325,1,217,203.71428571428572,205.5,208.96428571428572,125,
resort_hotel,c31c4e41-2181-5ea7-875e-e62ec156c77b,2016-11-21,28,2016-10-25T00:00:00+00:00,validation,102,0,21,11,47,326,0,160,172.28571428571428,172.0,175.07142857142858,63,
city_hotel,c7fb00b8-6205-5d73-95ad-5f774926f2cc,2016-11-21,28,2016-10-25T00:00:00+00:00,validation,207,0,21,11,47,326,0,225,206.28571428571428,206.64285714285714,209.60714285714286,180,
resort_hotel,c31c4e41-2181-5ea7-875e-e62ec156c77b,2016-11-22,28,2016-10-26T00:00:00+00:00,validation,106,1,22,11,47,327,0,171,171.85714285714286,173.35714285714286,174.96428571428572,62,
city_hotel,c7fb00b8-6205-5d73-95ad-5f774926f2cc,2016-11-22,28,2016-10-26T00:00:00+00:00,validation,202,1,22,11,47,327,0,217,207.14285714285714,207.35714285714286,209.5,172,
resort_hotel,c31c4e41-2181-5ea7-875e-e62ec156c77b,2016-11-23,28,2016-10-27T00:00:00+00:00,validation,105,2,23,11,47,328,0,179,172.85714285714286,173.5,174.85714285714286,63,
city_hotel,c7fb00b8-6205-5d73-95ad-5f774926f2cc,2016-11-23,28,2016-10-27T00:00:00+00:00,validation,158,2,23,11,47,328,0,224,209.85714285714286,208.5,209.46428571428572,113,
resort_hotel,c31c4e41-2181-5ea7-875e-e62ec156c77b,2016-11-24,28,2016-10-28T00:00:00+00:00,validation,104,3,24,11,47,329,0,154,169.28571428571428,171.92857142857142,173.82142857142858,66,
city_hotel,c7fb00b8-6205-5d73-95ad-5f774926f2cc,2016-11-24,28,2016-10-28T00:00:00+00:00,validation,130,3,24,11,47,329,0,217,211.71428571428572,208.85714285714286,210.35714285714286,88,
resort_hotel,c31c4e41-2181-5ea7-875e-e62ec156c77b,2016-11-25,28,2016-10-29T00:00:00+00:00,validation,100,4,25,11,47,330,0,161,168.71428571428572,170.5,173.03571428571428,64,
city_hotel,c7fb00b8-6205-5d73-95ad-5f774926f2cc,2016-11-25,28,2016-10-29T00:00:00+00:00,validation,182,4,25,11,47,330,0,214,214.71428571428572,208.21428571428572,210.14285714285714,134,
resort_hotel,c31c4e41-2181-5ea7-875e-e62ec156c77b,2016-11-26,28,2016-10-30T00:00:00+00:00,validation,107,5,26,11,47,331,1,182,169.57142857142858,170.78571428571428,172.96428571428572,59,
city_hotel,c7fb00b8-6205-5d73-95ad-5f774926f2cc,2016-11-26,28,2016-10-30T00:00:00+00:00,validation,162,5,26,11,47,331,1,214,218.28571428571428,207.64285714285714,210.25,118,
resort_hotel,c31c4e41-2181-5ea7-875e-e62ec156c77b,2016-11-27,28,2016-10-31T00:00:00+00:00,validation,66,6,27,11,47,332,1,168,167.85714285714286,169.71428571428572,172.57142857142858,40,
city_hotel,c7fb00b8-6205-5d73-95ad-5f774926f2cc,2016-11-27,28,2016-10-31T00:00:00+00:00,validation,112,6,27,11,47,332,1,218,218.42857142857142,211.07142857142858,211.14285714285714,85,
resort_hotel,c31c4e41-2181-5ea7-875e-e62ec156c77b,2016-11-28,28,2016-11-01T00:00:00+00:00,validation,79,0,28,11,48,333,0,178,170.42857142857142,171.35714285714286,172.78571428571428,36,
city_hotel,c7fb00b8-6205-5d73-95ad-5f774926f2cc,2016-11-28,28,2016-11-01T00:00:00+00:00,validation,132,0,28,11,48,333,0,220,217.71428571428572,212.0,211.14285714285714,117,
resort_hotel,c31c4e41-2181-5ea7-875e-e62ec156c77b,2016-11-29,28,2016-11-02T00:00:00+00:00,validation,90,1,29,11,48,334,0,168,170.0,170.92857142857142,172.21428571428572,52,
city_hotel,c7fb00b8-6205-5d73-95ad-5f774926f2cc,2016-11-29,28,2016-11-02T00:00:00+00:00,validation,126,1,29,11,48,334,0,190,213.85714285714286,210.5,210.32142857142858,125,
resort_hotel,c31c4e41-2181-5ea7-875e-e62ec156c77b,2016-11-30,28,2016-11-03T00:00:00+00:00,validation,60,2,30,11,48,335,0,164,167.85714285714286,170.35714285714286,171.67857142857142,45,
city_hotel,c7fb00b8-6205-5d73-95ad-5f774926f2cc,2016-11-30,28,2016-11-03T00:00:00+00:00,validation,104,2,30,11,48,335,0,210,211.85714285714286,210.85714285714286,210.5,87,
resort_hotel,c31c4e41-2181-5ea7-875e-e62ec156c77b,2016-12-01,28,2016-11-04T00:00:00+00:00,validation,78,3,1,12,48,336,0,176,171.0,170.14285714285714,171.60714285714286,44,
city_hotel,c7fb00b8-6205-5d73-95ad-5f774926f2cc,2016-12-01,28,2016-11-04T00:00:00+00:00,validation,108,3,1,12,48,336,0,200,209.42857142857142,210.57142857142858,209.64285714285714,99,
resort_hotel,c31c4e41-2181-5ea7-875e-e62ec156c77b,2016-12-02,28,2016-11-05T00:00:00+00:00,validation,112,4,2,12,48,337,0,172,172.57142857142858,170.64285714285714,171.32142857142858,67,
city_hotel,c7fb00b8-6205-5d73-95ad-5f774926f2cc,2016-12-02,28,2016-11-05T00:00:00+00:00,validation,134,4,2,12,48,337,0,195,206.71428571428572,210.71428571428572,209.0,130,
resort_hotel,c31c4e41-2181-5ea7-875e-e62ec156c77b,2016-12-03,28,2016-11-06T00:00:00+00:00,validation,130,5,3,12,48,338,1,170,170.85714285714286,170.21428571428572,171.0,99,
city_hotel,c7fb00b8-6205-5d73-95ad-5f774926f2cc,2016-12-03,28,2016-11-06T00:00:00+00:00,validation,175,5,3,12,48,338,1,185,202.57142857142858,210.42857142857142,207.92857142857142,158,
resort_hotel,c31c4e41-2181-5ea7-875e-e62ec156c77b,2016-12-04,28,2016-11-07T00:00:00+00:00,validation,69,6,4,12,48,339,1,144,167.42857142857142,167.64285714285714,169.78571428571428,44,
city_hotel,c7fb00b8-6205-5d73-95ad-5f774926f2cc,2016-12-04,28,2016-11-07T00:00:00+00:00,validation,142,6,4,12,48,339,1,148,192.57142857142858,205.5,205.5,128,
resort_hotel,c31c4e41-2181-5ea7-875e-e62ec156c77b,2016-12-05,28,2016-11-08T00:00:00+00:00,validation,104,0,5,12,49,340,0,147,163.0,166.71428571428572,169.35714285714286,45,
city_hotel,c7fb00b8-6205-5d73-95ad-5f774926f2cc,2016-12-05,28,2016-11-08T00:00:00+00:00,validation,168,0,5,12,49,340,0,186,187.71428571428572,202.71428571428572,204.67857142857142,124,
resort_hotel,c31c4e41-2181-5ea7-875e-e62ec156c77b,2016-12-06,28,2016-11-09T00:00:00+00:00,validation,106,1,6,12,49,341,0,157,161.42857142857142,165.71428571428572,169.53571428571428,46,
city_hotel,c7fb00b8-6205-5d73-95ad-5f774926f2cc,2016-12-06,28,2016-11-09T00:00:00+00:00,validation,127,1,6,12,49,341,0,198,188.85714285714286,201.35714285714286,204.35714285714286,90,
resort_hotel,c31c4e41-2181-5ea7-875e-e62ec156c77b,2016-12-07,28,2016-11-10T00:00:00+00:00,validation,105,2,7,12,49,342,0,155,160.14285714285714,164.0,168.75,59,
city_hotel,c7fb00b8-6205-5d73-95ad-5f774926f2cc,2016-12-07,28,2016-11-10T00:00:00+00:00,validation,133,2,7,12,49,342,0,189,185.85714285714286,198.85714285714286,203.67857142857142,109,
resort_hotel,c31c4e41-2181-5ea7-875e-e62ec156c77b,2016-12-08,28,2016-11-11T00:00:00+00:00,validation,104,3,8,12,49,343,0,158,157.57142857142858,164.28571428571428,168.10714285714286,60,
city_hotel,c7fb00b8-6205-5d73-95ad-5f774926f2cc,2016-12-08,28,2016-11-11T00:00:00+00:00,validation,174,3,8,12,49,343,0,166,181.0,195.21428571428572,202.03571428571428,161,
resort_hotel,c31c4e41-2181-5ea7-875e-e62ec156c77b,2016-12-09,28,2016-11-12T00:00:00+00:00,validation,103,4,9,12,49,344,0,161,156.0,164.28571428571428,167.39285714285714,65,
city_hotel,c7fb00b8-6205-5d73-95ad-5f774926f2cc,2016-12-09,28,2016-11-12T00:00:00+00:00,validation,186,4,9,12,49,344,0,199,181.57142857142858,194.14285714285714,201.17857142857142,172,
resort_hotel,c31c4e41-2181-5ea7-875e-e62ec156c77b,2016-12-10,28,2016-11-13T00:00:00+00:00,validation,114,5,10,12,49,345,1,138,151.42857142857142,161.14285714285714,165.96428571428572,60,
city_hotel,c7fb00b8-6205-5d73-95ad-5f774926f2cc,2016-12-10,28,2016-11-13T00:00:00+00:00,validation,185,5,10,12,49,345,1,203,184.14285714285714,193.35714285714286,200.5,163,
resort_hotel,c31c4e41-2181-5ea7-875e-e62ec156c77b,2016-12-11,28,2016-11-14T00:00:00+00:00,validation,49,6,11,12,49,346,1,131,149.57142857142858,158.5,164.10714285714286,30,
city_hotel,c7fb00b8-6205-5d73-95ad-5f774926f2cc,2016-12-11,28,2016-11-14T00:00:00+00:00,validation,90,6,11,12,49,346,1,193,190.57142857142858,191.57142857142858,201.32142857142858,66,
resort_hotel,c31c4e41-2181-5ea7-875e-e62ec156c77b,2016-12-12,28,2016-11-15T00:00:00+00:00,validation,61,0,12,12,50,347,0,152,150.28571428571428,156.64285714285714,164.0,25,
city_hotel,c7fb00b8-6205-5d73-95ad-5f774926f2cc,2016-12-12,28,2016-11-15T00:00:00+00:00,validation,63,0,12,12,50,347,0,201,192.71428571428572,190.21428571428572,201.10714285714286,40,
resort_hotel,c31c4e41-2181-5ea7-875e-e62ec156c77b,2016-12-13,28,2016-11-16T00:00:00+00:00,validation,67,1,13,12,50,348,0,164,151.28571428571428,156.35714285714286,163.64285714285714,26,
city_hotel,c7fb00b8-6205-5d73-95ad-5f774926f2cc,2016-12-13,28,2016-11-16T00:00:00+00:00,validation,69,1,13,12,50,348,0,177,189.71428571428572,189.28571428571428,199.89285714285714,39,
resort_hotel,c31c4e41-2181-5ea7-875e-e62ec156c77b,2016-12-14,28,2016-11-17T00:00:00+00:00,validation,76,2,14,12,50,349,0,141,149.28571428571428,154.71428571428572,162.53571428571428,24,
city_hotel,c7fb00b8-6205-5d73-95ad-5f774926f2cc,2016-12-14,28,2016-11-17T00:00:00+00:00,validation,72,2,14,12,50,349,0,199,191.14285714285714,188.5,199.67857142857142,46,
resort_hotel,c31c4e41-2181-5ea7-875e-e62ec156c77b,2016-12-15,28,2016-11-18T00:00:00+00:00,validation,63,3,15,12,50,350,0,148,147.85714285714286,152.71428571428572,161.42857142857142,26,
city_hotel,c7fb00b8-6205-5d73-95ad-5f774926f2cc,2016-12-15,28,2016-11-18T00:00:00+00:00,validation,67,3,15,12,50,350,0,185,193.85714285714286,187.42857142857142,199.0,54,
resort_hotel,c31c4e41-2181-5ea7-875e-e62ec156c77b,2016-12-16,28,2016-11-19T00:00:00+00:00,validation,73,4,16,12,50,351,0,169,149.0,152.5,161.57142857142858,36,
city_hotel,c7fb00b8-6205-5d73-95ad-5f774926f2cc,2016-12-16,28,2016-11-19T00:00:00+00:00,validation,88,4,16,12,50,351,0,199,193.85714285714286,187.71428571428572,199.21428571428572,68,
resort_hotel,c31c4e41-2181-5ea7-875e-e62ec156c77b,2016-12-17,28,2016-11-20T00:00:00+00:00,validation,90,5,17,12,50,352,1,181,155.14285714285714,153.28571428571428,161.75,41,
city_hotel,c7fb00b8-6205-5d73-95ad-5f774926f2cc,2016-12-17,28,2016-11-20T00:00:00+00:00,validation,85,5,17,12,50,352,1,199,193.28571428571428,188.71428571428572,199.57142857142858,79,
resort_hotel,c31c4e41-2181-5ea7-875e-e62ec156c77b,2016-12-18,28,2016-11-21T00:00:00+00:00,validation,57,6,18,12,50,353,1,137,156.0,152.78571428571428,160.21428571428572,31,
city_hotel,c7fb00b8-6205-5d73-95ad-5f774926f2cc,2016-12-18,28,2016-11-21T00:00:00+00:00,validation,84,6,18,12,50,353,1,154,187.71428571428572,189.14285714285714,197.32142857142858,71,
resort_hotel,c31c4e41-2181-5ea7-875e-e62ec156c77b,2016-12-19,28,2016-11-22T00:00:00+00:00,validation,73,0,19,12,51,354,0,102,148.85714285714286,149.57142857142858,158.14285714285714,41,
city_hotel,c7fb00b8-6205-5d73-95ad-5f774926f2cc,2016-12-19,28,2016-11-22T00:00:00+00:00,validation,99,0,19,12,51,354,0,207,188.57142857142858,190.64285714285714,196.67857142857142,56,
resort_hotel,c31c4e41-2181-5ea7-875e-e62ec156c77b,2016-12-20,28,2016-11-23T00:00:00+00:00,validation,74,1,20,12,51,355,0,106,140.57142857142858,145.92857142857142,155.82142857142858,44,
city_hotel,c7fb00b8-6205-5d73-95ad-5f774926f2cc,2016-12-20,28,2016-11-23T00:00:00+00:00,validation,97,1,20,12,51,355,0,202,192.14285714285714,190.92857142857142,196.14285714285714,55,
resort_hotel,c31c4e41-2181-5ea7-875e-e62ec156c77b,2016-12-21,28,2016-11-24T00:00:00+00:00,validation,80,2,21,12,51,356,0,105,135.42857142857142,142.35714285714286,153.17857142857142,54,
city_hotel,c7fb00b8-6205-5d73-95ad-5f774926f2cc,2016-12-21,28,2016-11-24T00:00:00+00:00,validation,99,2,21,12,51,356,0,158,186.28571428571428,188.71428571428572,193.78571428571428,62,
resort_hotel,c31c4e41-2181-5ea7-875e-e62ec156c77b,2016-12-22,28,2016-11-25T00:00:00+00:00,validation,88,3,22,12,51,357,0,104,129.14285714285714,138.5,151.39285714285714,74,
city_hotel,c7fb00b8-6205-5d73-95ad-5f774926f2cc,2016-12-22,28,2016-11-25T00:00:00+00:00,validation,100,3,22,12,51,357,0,130,178.42857142857142,186.14285714285714,190.67857142857142,72,
resort_hotel,c31c4e41-2181-5ea7-875e-e62ec156c77b,2016-12-23,28,2016-11-26T00:00:00+00:00,validation,114,4,23,12,51,358,0,100,119.28571428571429,134.14285714285714,149.21428571428572,107,
city_hotel,c7fb00b8-6205-5d73-95ad-5f774926f2cc,2016-12-23,28,2016-11-26T00:00:00+00:00,validation,110,4,23,12,51,358,0,182,176.0,184.92857142857142,189.53571428571428,94,
resort_hotel,c31c4e41-2181-5ea7-875e-e62ec156c77b,2016-12-24,28,2016-11-27T00:00:00+00:00,validation,142,5,24,12,51,359,1,107,108.71428571428571,131.92857142857142,146.53571428571428,132,
city_hotel,c7fb00b8-6205-5d73-95ad-5f774926f2cc,2016-12-24,28,2016-11-27T00:00:00+00:00,validation,128,5,24,12,51,359,1,162,170.71428571428572,182.0,187.67857142857142,114,
resort_hotel,c31c4e41-2181-5ea7-875e-e62ec156c77b,2016-12-25,28,2016-11-28T00:00:00+00:00,validation,156,6,25,12,51,360,1,66,98.57142857142857,127.28571428571429,142.89285714285714,148,
city_hotel,c7fb00b8-6205-5d73-95ad-5f774926f2cc,2016-12-25,28,2016-11-28T00:00:00+00:00,validation,140,6,25,12,51,360,1,112,164.71428571428572,176.21428571428572,183.89285714285714,126,
resort_hotel,c31c4e41-2181-5ea7-875e-e62ec156c77b,2016-12-26,28,2016-11-29T00:00:00+00:00,validation,153,0,26,12,52,361,0,79,95.28571428571429,122.07142857142857,139.35714285714286,151,
city_hotel,c7fb00b8-6205-5d73-95ad-5f774926f2cc,2016-12-26,28,2016-11-29T00:00:00+00:00,validation,148,0,26,12,52,361,0,132,154.0,171.28571428571428,180.75,136,
resort_hotel,c31c4e41-2181-5ea7-875e-e62ec156c77b,2016-12-27,28,2016-11-30T00:00:00+00:00,validation,154,1,27,12,52,362,0,90,93.0,116.78571428571429,136.57142857142858,140,
city_hotel,c7fb00b8-6205-5d73-95ad-5f774926f2cc,2016-12-27,28,2016-11-30T00:00:00+00:00,validation,224,1,27,12,52,362,0,126,143.14285714285714,167.64285714285714,178.46428571428572,219,
resort_hotel,c31c4e41-2181-5ea7-875e-e62ec156c77b,2016-12-28,28,2016-12-01T00:00:00+00:00,validation,151,2,28,12,52,363,0,60,86.57142857142857,111.0,132.85714285714286,137,
city_hotel,c7fb00b8-6205-5d73-95ad-5f774926f2cc,2016-12-28,28,2016-12-01T00:00:00+00:00,validation,203,2,28,12,52,363,0,104,135.42857142857142,160.85714285714286,174.67857142857142,192,
resort_hotel,c31c4e41-2181-5ea7-875e-e62ec156c77b,2016-12-29,28,2016-12-02T00:00:00+00:00,validation,127,3,29,12,52,364,0,78,82.85714285714286,106.0,129.35714285714286,117,
city_hotel,c7fb00b8-6205-5d73-95ad-5f774926f2cc,2016-12-29,28,2016-12-02T00:00:00+00:00,validation,214,3,29,12,52,364,0,108,132.28571428571428,155.35714285714286,171.39285714285714,201,
resort_hotel,c31c4e41-2181-5ea7-875e-e62ec156c77b,2016-12-30,28,2016-12-03T00:00:00+00:00,validation,180,4,30,12,52,365,0,112,84.57142857142857,101.92857142857143,127.21428571428571,179,
city_hotel,c7fb00b8-6205-5d73-95ad-5f774926f2cc,2016-12-30,28,2016-12-03T00:00:00+00:00,validation,222,4,30,12,52,365,0,134,125.42857142857143,150.71428571428572,169.21428571428572,193,
resort_hotel,c31c4e41-2181-5ea7-875e-e62ec156c77b,2016-12-31,28,2016-12-04T00:00:00+00:00,validation,174,5,31,12,52,366,1,130,87.85714285714286,98.28571428571429,125.78571428571429,174,
city_hotel,c7fb00b8-6205-5d73-95ad-5f774926f2cc,2016-12-31,28,2016-12-04T00:00:00+00:00,validation,219,5,31,12,52,366,1,175,127.28571428571429,149.0,168.85714285714286,188,
resort_hotel,c31c4e41-2181-5ea7-875e-e62ec156c77b,2017-01-01,28,2016-12-05T00:00:00+00:00,validation,125,6,1,1,52,1,1,69,88.28571428571429,93.42857142857143,123.10714285714286,125,
city_hotel,c7fb00b8-6205-5d73-95ad-5f774926f2cc,2017-01-01,28,2016-12-05T00:00:00+00:00,validation,220,6,1,1,52,1,1,142,131.57142857142858,148.14285714285714,168.64285714285714,196,
resort_hotel,c31c4e41-2181-5ea7-875e-e62ec156c77b,2017-01-02,28,2016-12-06T00:00:00+00:00,validation,98,0,2,1,1,2,0,104,91.85714285714286,93.57142857142857,121.57142857142857,77,
city_hotel,c7fb00b8-6205-5d73-95ad-5f774926f2cc,2017-01-02,28,2016-12-06T00:00:00+00:00,validation,184,0,2,1,1,2,0,168,136.71428571428572,145.35714285714286,168.0,181,
resort_hotel,c31c4e41-2181-5ea7-875e-e62ec156c77b,2017-01-03,28,2016-12-07T00:00:00+00:00,validation,101,1,3,1,1,3,0,106,94.14285714285714,93.57142857142857,119.75,75,
city_hotel,c7fb00b8-6205-5d73-95ad-5f774926f2cc,2017-01-03,28,2016-12-07T00:00:00+00:00,validation,175,1,3,1,1,3,0,127,136.85714285714286,140.0,165.46428571428572,143,
resort_hotel,c31c4e41-2181-5ea7-875e-e62ec156c77b,2017-01-04,28,2016-12-08T00:00:00+00:00,validation,103,2,4,1,1,4,0,105,100.57142857142857,93.57142857142857,117.96428571428571,65,
city_hotel,c7fb00b8-6205-5d73-95ad-5f774926f2cc,2017-01-04,28,2016-12-08T00:00:00+00:00,validation,170,2,4,1,1,4,0,133,141.0,138.21428571428572,163.46428571428572,143,
resort_hotel,c31c4e41-2181-5ea7-875e-e62ec156c77b,2017-01-05,28,2016-12-09T00:00:00+00:00,validation,89,3,5,1,1,5,0,104,104.28571428571429,93.57142857142857,116.03571428571429,49,
city_hotel,c7fb00b8-6205-5d73-95ad-5f774926f2cc,2017-01-05,28,2016-12-09T00:00:00+00:00,validation,151,3,5,1,1,5,0,174,150.42857142857142,141.35714285714286,163.75,124,
resort_hotel,c31c4e41-2181-5ea7-875e-e62ec156c77b,2017-01-06,28,2016-12-10T00:00:00+00:00,validation,96,4,6,1,1,6,0,103,103.0,93.78571428571429,113.96428571428571,45,
city_hotel,c7fb00b8-6205-5d73-95ad-5f774926f2cc,2017-01-06,28,2016-12-10T00:00:00+00:00,validation,125,4,6,1,1,6,0,186,157.85714285714286,141.64285714285714,163.28571428571428,102,
resort_hotel,c31c4e41-2181-5ea7-875e-e62ec156c77b,2017-01-07,28,2016-12-11T00:00:00+00:00,validation,97,5,7,1,1,7,1,114,100.71428571428571,94.28571428571429,113.10714285714286,48,
city_hotel,c7fb00b8-6205-5d73-95ad-5f774926f2cc,2017-01-07,28,2016-12-11T00:00:00+00:00,validation,122,5,7,1,1,7,1,185,159.28571428571428,143.28571428571428,162.64285714285714,94,
resort_hotel,c31c4e41-2181-5ea7-875e-e62ec156c77b,2017-01-08,28,2016-12-12T00:00:00+00:00,validation,74,6,8,1,1,8,1,49,97.85714285714286,93.07142857142857,110.17857142857143,43,
city_hotel,c7fb00b8-6205-5d73-95ad-5f774926f2cc,2017-01-08,28,2016-12-12T00:00:00+00:00,validation,111,6,8,1,1,8,1,90,151.85714285714286,141.71428571428572,158.96428571428572,87,
resort_hotel,c31c4e41-2181-5ea7-875e-e62ec156c77b,2017-01-09,28,2016-12-13T00:00:00+00:00,validation,75,0,9,1,2,9,0,61,91.71428571428571,91.78571428571429,106.92857142857143,43,
city_hotel,c7fb00b8-6205-5d73-95ad-5f774926f2cc,2017-01-09,28,2016-12-13T00:00:00+00:00,validation,113,0,9,1,2,9,0,63,136.85714285714286,136.78571428571428,154.03571428571428,84,
resort_hotel,c31c4e41-2181-5ea7-875e-e62ec156c77b,2017-01-10,28,2016-12-14T00:00:00+00:00,validation,89,1,10,1,2,10,0,67,86.14285714285714,90.14285714285714,103.46428571428571,44,
city_hotel,c7fb00b8-6205-5d73-95ad-5f774926f2cc,2017-01-10,28,2016-12-14T00:00:00+00:00,validation,139,1,10,1,2,10,0,69,128.57142857142858,132.71428571428572,150.17857142857142,69,
resort_hotel,c31c4e41-2181-5ea7-875e-e62ec156c77b,2017-01-11,28,2016-12-15T00:00:00+00:00,validation,85,2,11,1,2,11,0,76,82.0,91.28571428571429,101.14285714285714,45,
city_hotel,c7fb00b8-6205-5d73-95ad-5f774926f2cc,2017-01-11,28,2016-12-15T00:00:00+00:00,validation,122,2,11,1,2,11,0,72,119.85714285714286,130.42857142857142,145.64285714285714,55,
resort_hotel,c31c4e41-2181-5ea7-875e-e62ec156c77b,2017-01-12,28,2016-12-16T00:00:00+00:00,validation,90,3,12,1,2,12,0,63,76.14285714285714,90.21428571428571,98.10714285714286,45,
city_hotel,c7fb00b8-6205-5d73-95ad-5f774926f2cc,2017-01-12,28,2016-12-16T00:00:00+00:00,validation,115,3,12,1,2,12,0,67,104.57142857142857,127.5,141.42857142857142,66,
resort_hotel,c31c4e41-2181-5ea7-875e-e62ec156c77b,2017-01-13,28,2016-12-17T00:00:00+00:00,validation,71,4,13,1,2,13,0,73,71.85714285714286,87.42857142857143,94.67857142857143,43,
city_hotel,c7fb00b8-6205-5d73-95ad-5f774926f2cc,2017-01-13,28,2016-12-17T00:00:00+00:00,validation,123,4,13,1,2,13,0,88,90.57142857142857,124.21428571428571,137.46428571428572,75,
resort_hotel,c31c4e41-2181-5ea7-875e-e62ec156c77b,2017-01-14,28,2016-12-18T00:00:00+00:00,validation,102,5,14,1,2,14,1,90,68.42857142857143,84.57142857142857,91.42857142857143,36,
city_hotel,c7fb00b8-6205-5d73-95ad-5f774926f2cc,2017-01-14,28,2016-12-18T00:00:00+00:00,validation,107,5,14,1,2,14,1,85,76.28571428571429,117.78571428571429,133.39285714285714,57,
resort_hotel,c31c4e41-2181-5ea7-875e-e62ec156c77b,2017-01-15,28,2016-12-19T00:00:00+00:00,validation,55,6,15,1,2,15,1,57,69.57142857142857,83.71428571428571,88.57142857142857,36,
city_hotel,c7fb00b8-6205-5d73-95ad-5f774926f2cc,2017-01-15,28,2016-12-19T00:00:00+00:00,validation,90,6,15,1,2,15,1,84,75.42857142857143,113.64285714285714,130.89285714285714,50,
resort_hotel,c31c4e41-2181-5ea7-875e-e62ec156c77b,2017-01-16,28,2016-12-20T00:00:00+00:00,validation,151,0,16,1,3,16,0,73,71.28571428571429,81.5,87.53571428571429,138,
city_hotel,c7fb00b8-6205-5d73-95ad-5f774926f2cc,2017-01-16,28,2016-12-20T00:00:00+00:00,validation,108,0,16,1,3,16,0,99,80.57142857142857,108.71428571428571,127.03571428571429,61,
resort_hotel,c31c4e41-2181-5ea7-875e-e62ec156c77b,2017-01-17,28,2016-12-21T00:00:00+00:00,validation,149,1,17,1,3,17,0,74,72.28571428571429,79.21428571428571,86.39285714285714,136,
city_hotel,c7fb00b8-6205-5d73-95ad-5f774926f2cc,2017-01-17,28,2016-12-21T00:00:00+00:00,validation,104,1,17,1,3,17,0,97,84.57142857142857,106.57142857142857,123.28571428571429,60,
resort_hotel,c31c4e41-2181-5ea7-875e-e62ec156c77b,2017-01-18,28,2016-12-22T00:00:00+00:00,validation,151,2,18,1,3,18,0,80,72.85714285714286,77.42857142857143,85.5,132,
city_hotel,c7fb00b8-6205-5d73-95ad-5f774926f2cc,2017-01-18,28,2016-12-22T00:00:00+00:00,validation,194,2,18,1,3,18,0,99,88.42857142857143,104.14285714285714,121.17857142857143,146,
resort_hotel,c31c4e41-2181-5ea7-875e-e62ec156c77b,2017-01-19,28,2016-12-23T00:00:00+00:00,validation,83,3,19,1,3,19,0,88,76.42857142857143,76.28571428571429,84.92857142857143,45,
city_hotel,c7fb00b8-6205-5d73-95ad-5f774926f2cc,2017-01-19,28,2016-12-23T00:00:00+00:00,validation,162,3,19,1,3,19,0,100,93.14285714285714,98.85714285714286,120.10714285714286,109,
resort_hotel,c31c4e41-2181-5ea7-875e-e62ec156c77b,2017-01-20,28,2016-12-24T00:00:00+00:00,validation,71,4,20,1,3,20,0,114,82.28571428571429,77.07142857142857,85.42857142857143,36,
city_hotel,c7fb00b8-6205-5d73-95ad-5f774926f2cc,2017-01-20,28,2016-12-24T00:00:00+00:00,validation,167,4,20,1,3,20,0,110,96.28571428571429,93.42857142857143,117.53571428571429,128,
resort_hotel,c31c4e41-2181-5ea7-875e-e62ec156c77b,2017-01-21,28,2016-12-25T00:00:00+00:00,validation,100,5,21,1,3,21,1,142,89.71428571428571,79.07142857142857,86.67857142857143,43,
city_hotel,c7fb00b8-6205-5d73-95ad-5f774926f2cc,2017-01-21,28,2016-12-25T00:00:00+00:00,validation,146,5,21,1,3,21,1,128,102.42857142857143,89.35714285714286,116.32142857142857,87,
resort_hotel,c31c4e41-2181-5ea7-875e-e62ec156c77b,2017-01-22,28,2016-12-26T00:00:00+00:00,validation,82,6,22,1,3,22,1,156,103.85714285714286,86.71428571428571,89.89285714285714,44,
city_hotel,c7fb00b8-6205-5d73-95ad-5f774926f2cc,2017-01-22,28,2016-12-26T00:00:00+00:00,validation,138,6,22,1,3,22,1,140,110.42857142857143,92.92857142857143,117.32142857142857,80,
resort_hotel,c31c4e41-2181-5ea7-875e-e62ec156c77b,2017-01-23,28,2016-12-27T00:00:00+00:00,validation,89,0,23,1,4,23,0,153,115.28571428571429,93.28571428571429,92.53571428571429,43,
city_hotel,c7fb00b8-6205-5d73-95ad-5f774926f2cc,2017-01-23,28,2016-12-27T00:00:00+00:00,validation,122,0,23,1,4,23,0,148,117.42857142857143,99.0,117.89285714285714,59,
resort_hotel,c31c4e41-2181-5ea7-875e-e62ec156c77b,2017-01-24,28,2016-12-28T00:00:00+00:00,validation,96,1,24,1,4,24,0,154,126.71428571428571,99.5,94.82142857142857,40,
city_hotel,c7fb00b8-6205-5d73-95ad-5f774926f2cc,2017-01-24,28,2016-12-28T00:00:00+00:00,validation,122,1,24,1,4,24,0,224,135.57142857142858,110.07142857142857,121.39285714285714,59,
resort_hotel,c31c4e41-2181-5ea7-875e-e62ec156c77b,2017-01-25,28,2016-12-29T00:00:00+00:00,validation,104,2,25,1,4,25,0,151,136.85714285714286,104.85714285714286,98.07142857142857,41,
city_hotel,c7fb00b8-6205-5d73-95ad-5f774926f2cc,2017-01-25,28,2016-12-29T00:00:00+00:00,validation,133,2,25,1,4,25,0,203,150.42857142857142,119.42857142857143,124.92857142857143,76,
resort_hotel,c31c4e41-2181-5ea7-875e-e62ec156c77b,2017-01-26,28,2016-12-30T00:00:00+00:00,validation,109,3,26,1,4,26,0,127,142.42857142857142,109.42857142857143,99.82142857142857,41,
city_hotel,c7fb00b8-6205-5d73-95ad-5f774926f2cc,2017-01-26,28,2016-12-30T00:00:00+00:00,validation,131,3,26,1,4,26,0,214,166.71428571428572,129.92857142857142,128.71428571428572,89,
resort_hotel,c31c4e41-2181-5ea7-875e-e62ec156c77b,2017-01-27,28,2016-12-31T00:00:00+00:00,validation,141,4,27,1,4,27,0,180,151.85714285714286,117.07142857142857,102.25,52,
city_hotel,c7fb00b8-6205-5d73-95ad-5f774926f2cc,2017-01-27,28,2016-12-31T00:00:00+00:00,validation,122,4,27,1,4,27,0,222,182.71428571428572,139.5,131.85714285714286,72,
resort_hotel,c31c4e41-2181-5ea7-875e-e62ec156c77b,2017-01-28,28,2017-01-01T00:00:00+00:00,validation,155,5,28,1,4,28,1,174,156.42857142857142,123.07142857142857,103.82142857142857,54,
city_hotel,c7fb00b8-6205-5d73-95ad-5f774926f2cc,2017-01-28,28,2017-01-01T00:00:00+00:00,validation,123,5,28,1,4,28,1,219,195.71428571428572,149.07142857142858,133.42857142857142,65,
resort_hotel,c31c4e41-2181-5ea7-875e-e62ec156c77b,2017-01-29,28,2017-01-02T00:00:00+00:00,validation,111,6,29,1,4,29,1,125,152.0,127.92857142857143,105.82142857142857,40,
city_hotel,c7fb00b8-6205-5d73-95ad-5f774926f2cc,2017-01-29,28,2017-01-02T00:00:00+00:00,validation,88,6,29,1,4,29,1,220,207.14285714285714,158.78571428571428,136.21428571428572,47,
resort_hotel,c31c4e41-2181-5ea7-875e-e62ec156c77b,2017-01-30,28,2017-01-03T00:00:00+00:00,validation,95,0,30,1,5,30,0,98,144.14285714285714,129.71428571428572,105.60714285714286,33,
city_hotel,c7fb00b8-6205-5d73-95ad-5f774926f2cc,2017-01-30,28,2017-01-03T00:00:00+00:00,validation,87,0,30,1,5,30,0,184,212.28571428571428,164.85714285714286,136.78571428571428,41,
resort_hotel,c31c4e41-2181-5ea7-875e-e62ec156c77b,2017-01-31,28,2017-01-04T00:00:00+00:00,validation,93,1,31,1,5,31,0,101,136.57142857142858,131.64285714285714,105.42857142857143,33,
city_hotel,c7fb00b8-6205-5d73-95ad-5f774926f2cc,2017-01-31,28,2017-01-04T00:00:00+00:00,validation,96,1,31,1,5,31,0,175,205.28571428571428,170.42857142857142,138.5,35,
resort_hotel,c31c4e41-2181-5ea7-875e-e62ec156c77b,2017-02-01,28,2017-01-05T00:00:00+00:00,validation,78,2,1,2,5,32,0,103,129.71428571428572,133.28571428571428,105.35714285714286,23,
city_hotel,c7fb00b8-6205-5d73-95ad-5f774926f2cc,2017-02-01,28,2017-01-05T00:00:00+00:00,validation,96,2,1,2,5,32,0,170,200.57142857142858,175.5,139.82142857142858,45,
resort_hotel,c31c4e41-2181-5ea7-875e-e62ec156c77b,2017-02-02,28,2017-01-06T00:00:00+00:00,validation,73,3,2,2,5,33,0,89,124.28571428571429,133.35714285714286,104.82142857142857,28,
city_hotel,c7fb00b8-6205-5d73-95ad-5f774926f2cc,2017-02-02,28,2017-01-06T00:00:00+00:00,validation,120,3,2,2,5,33,0,151,191.57142857142858,179.14285714285714,139.0,53,
resort_hotel,c31c4e41-2181-5ea7-875e-e62ec156c77b,2017-02-03,28,2017-01-07T00:00:00+00:00,validation,88,4,3,2,5,34,0,96,112.28571428571429,132.07142857142858,104.57142857142857,36,
city_hotel,c7fb00b8-6205-5d73-95ad-5f774926f2cc,2017-02-03,28,2017-01-07T00:00:00+00:00,validation,133,4,3,2,5,34,0,125,177.71428571428572,180.21428571428572,136.82142857142858,67,
resort_hotel,c31c4e41-2181-5ea7-875e-e62ec156c77b,2017-02-04,28,2017-01-08T00:00:00+00:00,validation,123,5,4,2,5,35,1,97,101.28571428571429,128.85714285714286,103.96428571428571,57,
city_hotel,c7fb00b8-6205-5d73-95ad-5f774926f2cc,2017-02-04,28,2017-01-08T00:00:00+00:00,validation,143,5,4,2,5,35,1,122,163.85714285714286,179.78571428571428,134.57142857142858,72,
resort_hotel,c31c4e41-2181-5ea7-875e-e62ec156c77b,2017-02-05,28,2017-01-09T00:00:00+00:00,validation,83,6,5,2,5,36,1,74,94.0,123.0,104.85714285714286,53,
city_hotel,c7fb00b8-6205-5d73-95ad-5f774926f2cc,2017-02-05,28,2017-01-09T00:00:00+00:00,validation,133,6,5,2,5,36,1,111,148.28571428571428,177.71428571428572,135.32142857142858,60,
resort_hotel,c31c4e41-2181-5ea7-875e-e62ec156c77b,2017-02-06,28,2017-01-10T00:00:00+00:00,validation,106,0,6,2,6,37,0,75,90.71428571428571,117.42857142857143,105.35714285714286,44,
city_hotel,c7fb00b8-6205-5d73-95ad-5f774926f2cc,2017-02-06,28,2017-01-10T00:00:00+00:00,validation,123,0,6,2,6,37,0,113,138.14285714285714,175.21428571428572,137.10714285714286,57,
resort_hotel,c31c4e41-2181-5ea7-875e-e62ec156c77b,2017-02-07,28,2017-01-11T00:00:00+00:00,validation,105,1,7,2,6,38,0,89,89.0,112.78571428571429,106.14285714285714,43,
city_hotel,c7fb00b8-6205-5d73-95ad-5f774926f2cc,2017-02-07,28,2017-01-11T00:00:00+00:00,validation,139,1,7,2,6,38,0,139,133.0,169.14285714285714,139.60714285714286,58,
resort_hotel,c31c4e41-2181-5ea7-875e-e62ec156c77b,2017-02-08,28,2017-01-12T00:00:00+00:00,validation,94,2,8,2,6,39,0,85,86.42857142857143,108.07142857142857,106.46428571428571,47,
city_hotel,c7fb00b8-6205-5d73-95ad-5f774926f2cc,2017-02-08,28,2017-01-12T00:00:00+00:00,validation,137,2,8,2,6,39,0,122,126.14285714285714,163.35714285714286,141.39285714285714,62,
resort_hotel,c31c4e41-2181-5ea7-875e-e62ec156c77b,2017-02-09,28,2017-01-13T00:00:00+00:00,validation,99,3,9,2,6,40,0,90,86.57142857142857,105.42857142857143,107.42857142857143,47,
city_hotel,c7fb00b8-6205-5d73-95ad-5f774926f2cc,2017-02-09,28,2017-01-13T00:00:00+00:00,validation,159,3,9,2,6,40,0,115,121.0,156.28571428571428,143.10714285714286,89,
resort_hotel,c31c4e41-2181-5ea7-875e-e62ec156c77b,2017-02-10,28,2017-01-14T00:00:00+00:00,validation,113,4,10,2,6,41,0,71,83.0,97.64285714285714,107.35714285714286,55,
city_hotel,c7fb00b8-6205-5d73-95ad-5f774926f2cc,2017-02-10,28,2017-01-14T00:00:00+00:00,validation,176,4,10,2,6,41,0,123,120.71428571428571,149.21428571428572,144.35714285714286,113,
resort_hotel,c31c4e41-2181-5ea7-875e-e62ec156c77b,2017-02-11,28,2017-01-15T00:00:00+00:00,validation,128,5,11,2,6,42,1,102,83.71428571428571,92.5,107.78571428571429,54,
city_hotel,c7fb00b8-6205-5d73-95ad-5f774926f2cc,2017-02-11,28,2017-01-15T00:00:00+00:00,validation,174,5,11,2,6,42,1,107,118.57142857142857,141.21428571428572,145.14285714285714,113,
resort_hotel,c31c4e41-2181-5ea7-875e-e62ec156c77b,2017-02-12,28,2017-01-16T00:00:00+00:00,validation,90,6,12,2,6,43,1,55,81.0,87.5,107.71428571428571,56,
city_hotel,c7fb00b8-6205-5d73-95ad-5f774926f2cc,2017-02-12,28,2017-01-16T00:00:00+00:00,validation,174,6,12,2,6,43,1,90,115.57142857142857,131.92857142857142,145.35714285714286,114,
resort_hotel,c31c4e41-2181-5ea7-875e-e62ec156c77b,2017-02-13,28,2017-01-17T00:00:00+00:00,validation,137,0,13,2,7,44,0,151,91.85714285714286,91.28571428571429,110.5,96,
city_hotel,c7fb00b8-6205-5d73-95ad-5f774926f2cc,2017-02-13,28,2017-01-17T00:00:00+00:00,validation,206,0,13,2,7,44,0,108,114.85714285714286,126.5,145.67857142857142,128,
resort_hotel,c31c4e41-2181-5ea7-875e-e62ec156c77b,2017-02-14,28,2017-01-18T00:00:00+00:00,validation,162,1,14,2,7,45,0,149,100.42857142857143,94.71428571428571,113.17857142857143,108,
city_hotel,c7fb00b8-6205-5d73-95ad-5f774926f2cc,2017-02-14,28,2017-01-18T00:00:00+00:00,validation,214,1,14,2,7,45,0,104,109.85714285714286,121.42857142857143,145.92857142857142,137,
resort_hotel,c31c4e41-2181-5ea7-875e-e62ec156c77b,2017-02-15,28,2017-01-19T00:00:00+00:00,validation,153,2,15,2,7,46,0,151,109.85714285714286,98.14285714285714,115.71428571428571,103,
city_hotel,c7fb00b8-6205-5d73-95ad-5f774926f2cc,2017-02-15,28,2017-01-19T00:00:00+00:00,validation,222,2,15,2,7,46,0,194,120.14285714285714,123.14285714285714,149.32142857142858,184,
resort_hotel,c31c4e41-2181-5ea7-875e-e62ec156c77b,2017-02-16,28,2017-01-20T00:00:00+00:00,validation,148,3,16,2,7,47,0,83,108.85714285714286,97.71428571428571,115.53571428571429,116,
city_hotel,c7fb00b8-6205-5d73-95ad-5f774926f2cc,2017-02-16,28,2017-01-20T00:00:00+00:00,validation,209,3,16,2,7,47,0,162,126.85714285714286,123.92857142857143,151.53571428571428,180,
resort_hotel,c31c4e41-2181-5ea7-875e-e62ec156c77b,2017-02-17,28,2017-01-21T00:00:00+00:00,validation,149,4,17,2,7,48,0,71,108.85714285714286,95.92857142857143,114.0,102,
city_hotel,c7fb00b8-6205-5d73-95ad-5f774926f2cc,2017-02-17,28,2017-01-21T00:00:00+00:00,validation,201,4,17,2,7,48,0,167,133.14285714285714,126.92857142857143,153.57142857142858,180,
resort_hotel,c31c4e41-2181-5ea7-875e-e62ec156c77b,2017-02-18,28,2017-01-22T00:00:00+00:00,validation,177,5,18,2,7,49,1,100,108.57142857142857,96.14285714285714,112.5,115,
city_hotel,c7fb00b8-6205-5d73-95ad-5f774926f2cc,2017-02-18,28,2017-01-22T00:00:00+00:00,validation,199,5,18,2,7,49,1,146,138.71428571428572,128.64285714285714,154.21428571428572,173,
resort_hotel,c31c4e41-2181-5ea7-875e-e62ec156c77b,2017-02-19,28,2017-01-23T00:00:00+00:00,validation,154,6,19,2,7,50,1,82,112.42857142857143,96.71428571428571,109.85714285714286,120,
city_hotel,c7fb00b8-6205-5d73-95ad-5f774926f2cc,2017-02-19,28,2017-01-23T00:00:00+00:00,validation,169,6,19,2,7,50,1,138,145.57142857142858,130.57142857142858,154.14285714285714,116,
resort_hotel,c31c4e41-2181-5ea7-875e-e62ec156c77b,2017-02-20,28,2017-01-24T00:00:00+00:00,validation,140,0,20,2,8,51,0,89,103.57142857142857,97.71428571428571,107.57142857142857,88,
city_hotel,c7fb00b8-6205-5d73-95ad-5f774926f2cc,2017-02-20,28,2017-01-24T00:00:00+00:00,validation,187,0,20,2,8,51,0,122,147.57142857142858,131.21428571428572,153.21428571428572,121,
resort_hotel,c31c4e41-2181-5ea7-875e-e62ec156c77b,2017-02-21,28,2017-01-25T00:00:00+00:00,validation,143,1,21,2,8,52,0,96,96.0,98.21428571428571,105.5,83,
city_hotel,c7fb00b8-6205-5d73-95ad-5f774926f2cc,2017-02-21,28,2017-01-25T00:00:00+00:00,validation,191,1,21,2,8,52,0,122,150.14285714285714,130.0,149.57142857142858,117,
resort_hotel,c31c4e41-2181-5ea7-875e-e62ec156c77b,2017-02-22,28,2017-01-26T00:00:00+00:00,validation,163,2,22,2,8,53,0,104,89.28571428571429,99.57142857142857,103.82142857142857,100,
city_hotel,c7fb00b8-6205-5d73-95ad-5f774926f2cc,2017-02-22,28,2017-01-26T00:00:00+00:00,validation,226,2,22,2,8,53,0,133,141.42857142857142,130.78571428571428,147.07142857142858,162,
resort_hotel,c31c4e41-2181-5ea7-875e-e62ec156c77b,2017-02-23,28,2017-01-27T00:00:00+00:00,validation,167,3,23,2,8,54,0,109,93.0,100.92857142857143,103.17857142857143,103,
city_hotel,c7fb00b8-6205-5d73-95ad-5f774926f2cc,2017-02-23,28,2017-01-27T00:00:00+00:00,validation,207,3,23,2,8,54,0,131,137.0,131.92857142857142,144.10714285714286,137,
resort_hotel,c31c4e41-2181-5ea7-875e-e62ec156c77b,2017-02-24,28,2017-01-28T00:00:00+00:00,validation,164,4,24,2,8,55,0,141,103.0,105.92857142857143,101.78571428571429,102,
city_hotel,c7fb00b8-6205-5d73-95ad-5f774926f2cc,2017-02-24,28,2017-01-28T00:00:00+00:00,validation,139,4,24,2,8,55,0,122,130.57142857142858,131.85714285714286,140.53571428571428,78,
resort_hotel,c31c4e41-2181-5ea7-875e-e62ec156c77b,2017-02-25,28,2017-01-29T00:00:00+00:00,validation,184,5,25,2,8,56,1,155,110.85714285714286,109.71428571428571,101.10714285714286,145,
city_hotel,c7fb00b8-6205-5d73-95ad-5f774926f2cc,2017-02-25,28,2017-01-29T00:00:00+00:00,validation,185,5,25,2,8,56,1,123,127.28571428571429,133.0,137.10714285714286,203,
resort_hotel,c31c4e41-2181-5ea7-875e-e62ec156c77b,2017-02-26,28,2017-01-30T00:00:00+00:00,validation,183,6,26,2,8,57,1,111,115.0,113.71428571428571,100.60714285714286,118,
city_hotel,c7fb00b8-6205-5d73-95ad-5f774926f2cc,2017-02-26,28,2017-01-30T00:00:00+00:00,validation,170,6,26,2,8,57,1,88,120.14285714285714,132.85714285714286,132.39285714285714,107,
resort_hotel,c31c4e41-2181-5ea7-875e-e62ec156c77b,2017-02-27,28,2017-01-31T00:00:00+00:00,validation,159,0,27,2,9,58,0,95,115.85714285714286,109.71428571428571,100.5,103,
city_hotel,c7fb00b8-6205-5d73-95ad-5f774926f2cc,2017-02-27,28,2017-01-31T00:00:00+00:00,validation,215,0,27,2,9,58,0,87,115.14285714285714,131.35714285714286,128.92857142857142,130,
resort_hotel,c31c4e41-2181-5ea7-875e-e62ec156c77b,2017-02-28,28,2017-02-01T00:00:00+00:00,validation,112,1,28,2,9,59,0,93,115.42857142857143,105.71428571428571,100.21428571428571,63,
city_hotel,c7fb00b8-6205-5d73-95ad-5f774926f2cc,2017-02-28,28,2017-02-01T00:00:00+00:00,validation,190,1,28,2,9,59,0,96,111.42857142857143,130.78571428571428,126.10714285714286,115,
resort_hotel,c31c4e41-2181-5ea7-875e-e62ec156c77b,2017-03-01,28,2017-02-02T00:00:00+00:00,validation,125,2,1,3,9,60,0,78,111.71428571428571,100.5,99.32142857142857,70,
city_hotel,c7fb00b8-6205-5d73-95ad-5f774926f2cc,2017-03-01,28,2017-02-02T00:00:00+00:00,validation,179,2,1,3,9,60,0,96,106.14285714285714,123.78571428571429,123.46428571428571,102,
resort_hotel,c31c4e41-2181-5ea7-875e-e62ec156c77b,2017-03-02,28,2017-02-03T00:00:00+00:00,validation,176,3,2,3,9,61,0,73,106.57142857142857,99.78571428571429,98.75,66,
city_hotel,c7fb00b8-6205-5d73-95ad-5f774926f2cc,2017-03-02,28,2017-02-03T00:00:00+00:00,validation,201,3,2,3,9,61,0,120,104.57142857142857,120.78571428571429,122.35714285714286,109,
resort_hotel,c31c4e41-2181-5ea7-875e-e62ec156c77b,2017-03-03,28,2017-02-04T00:00:00+00:00,validation,177,4,3,3,9,62,0,88,99.0,101.0,98.46428571428571,69,
city_hotel,c7fb00b8-6205-5d73-95ad-5f774926f2cc,2017-03-03,28,2017-02-04T00:00:00+00:00,validation,207,4,3,3,9,62,0,133,106.14285714285714,118.35714285714286,122.64285714285714,115,
resort_hotel,c31c4e41-2181-5ea7-875e-e62ec156c77b,2017-03-04,28,2017-02-05T00:00:00+00:00,validation,181,5,4,3,9,63,1,123,94.42857142857143,102.64285714285714,99.39285714285714,68,
city_hotel,c7fb00b8-6205-5d73-95ad-5f774926f2cc,2017-03-04,28,2017-02-05T00:00:00+00:00,validation,190,5,4,3,9,63,1,143,109.0,118.14285714285714,123.39285714285714,124,
resort_hotel,c31c4e41-2181-5ea7-875e-e62ec156c77b,2017-03-05,28,2017-02-06T00:00:00+00:00,validation,176,6,5,3,9,64,1,83,90.42857142857143,102.71428571428571,99.71428571428571,104,
city_hotel,c7fb00b8-6205-5d73-95ad-5f774926f2cc,2017-03-05,28,2017-02-06T00:00:00+00:00,validation,175,6,5,3,9,64,1,133,115.42857142857143,117.78571428571429,124.17857142857143,135,
resort_hotel,c31c4e41-2181-5ea7-875e-e62ec156c77b,2017-03-06,28,2017-02-07T00:00:00+00:00,validation,123,0,6,3,10,65,0,106,92.0,103.92857142857143,100.82142857142857,105,
city_hotel,c7fb00b8-6205-5d73-95ad-5f774926f2cc,2017-03-06,28,2017-02-07T00:00:00+00:00,validation,217,0,6,3,10,65,0,123,120.57142857142857,117.85714285714286,124.53571428571429,184,
resort_hotel,c31c4e41-2181-5ea7-875e-e62ec156c77b,2017-03-07,28,2017-02-08T00:00:00+00:00,validation,144,1,7,3,10,66,0,105,93.71428571428571,104.57142857142857,101.39285714285714,109,
city_hotel,c7fb00b8-6205-5d73-95ad-5f774926f2cc,2017-03-07,28,2017-02-08T00:00:00+00:00,validation,220,1,7,3,10,66,0,139,126.71428571428571,119.07142857142857,124.53571428571429,193,
resort_hotel,c31c4e41-2181-5ea7-875e-e62ec156c77b,2017-03-08,28,2017-02-09T00:00:00+00:00,validation,148,2,8,3,10,67,0,94,96.0,103.85714285714286,101.71428571428571,114,
city_hotel,c7fb00b8-6205-5d73-95ad-5f774926f2cc,2017-03-08,28,2017-02-09T00:00:00+00:00,validation,191,2,8,3,10,67,0,137,132.57142857142858,119.35714285714286,125.07142857142857,161,
resort_hotel,c31c4e41-2181-5ea7-875e-e62ec156c77b,2017-03-09,28,2017-02-10T00:00:00+00:00,validation,172,3,9,3,10,68,0,99,99.71428571428571,103.14285714285714,102.03571428571429,141,
city_hotel,c7fb00b8-6205-5d73-95ad-5f774926f2cc,2017-03-09,28,2017-02-10T00:00:00+00:00,validation,186,3,9,3,10,68,0,159,138.14285714285714,121.35714285714286,126.64285714285714,160,
resort_hotel,c31c4e41-2181-5ea7-875e-e62ec156c77b,2017-03-10,28,2017-02-11T00:00:00+00:00,validation,181,4,10,3,10,69,0,113,103.28571428571429,101.14285714285714,103.53571428571429,144,
city_hotel,c7fb00b8-6205-5d73-95ad-5f774926f2cc,2017-03-10,28,2017-02-11T00:00:00+00:00,validation,212,4,10,3,10,69,0,176,144.28571428571428,125.21428571428571,128.53571428571428,204,
resort_hotel,c31c4e41-2181-5ea7-875e-e62ec156c77b,2017-03-11,28,2017-02-12T00:00:00+00:00,validation,174,5,11,3,10,70,1,128,104.0,99.21428571428571,104.46428571428571,155,
city_hotel,c7fb00b8-6205-5d73-95ad-5f774926f2cc,2017-03-11,28,2017-02-12T00:00:00+00:00,validation,223,5,11,3,10,70,1,174,148.71428571428572,128.85714285714286,130.92857142857142,207,
resort_hotel,c31c4e41-2181-5ea7-875e-e62ec156c77b,2017-03-12,28,2017-02-13T00:00:00+00:00,validation,140,6,12,3,10,71,1,90,105.0,97.71428571428571,105.71428571428571,135,
city_hotel,c7fb00b8-6205-5d73-95ad-5f774926f2cc,2017-03-12,28,2017-02-13T00:00:00+00:00,validation,191,6,12,3,10,71,1,174,154.57142857142858,135.0,133.92857142857142,171,
resort_hotel,c31c4e41-2181-5ea7-875e-e62ec156c77b,2017-03-13,28,2017-02-14T00:00:00+00:00,validation,166,0,13,3,11,72,0,137,109.42857142857143,100.71428571428571,105.21428571428571,148,
city_hotel,c7fb00b8-6205-5d73-95ad-5f774926f2cc,2017-03-13,28,2017-02-14T00:00:00+00:00,validation,169,0,13,3,11,72,0,206,166.42857142857142,143.5,137.42857142857142,127,
resort_hotel,c31c4e41-2181-5ea7-875e-e62ec156c77b,2017-03-14,28,2017-02-15T00:00:00+00:00,validation,173,1,14,3,11,73,0,162,117.57142857142857,105.64285714285714,105.67857142857143,136,
city_hotel,c7fb00b8-6205-5d73-95ad-5f774926f2cc,2017-03-14,28,2017-02-15T00:00:00+00:00,validation,208,1,14,3,11,73,0,214,177.14285714285714,151.92857142857142,141.35714285714286,155,
resort_hotel,c31c4e41-2181-5ea7-875e-e62ec156c77b,2017-03-15,28,2017-02-16T00:00:00+00:00,validation,170,2,15,3,11,74,0,153,126.0,111.0,105.75,144,
city_hotel,c7fb00b8-6205-5d73-95ad-5f774926f2cc,2017-03-15,28,2017-02-16T00:00:00+00:00,validation,220,2,15,3,11,74,0,222,189.28571428571428,160.92857142857142,142.35714285714286,179,
resort_hotel,c31c4e41-2181-5ea7-875e-e62ec156c77b,2017-03-16,28,2017-02-17T00:00:00+00:00,validation,182,3,16,3,11,75,0,148,133.0,116.35714285714286,108.07142857142857,167,
city_hotel,c7fb00b8-6205-5d73-95ad-5f774926f2cc,2017-03-16,28,2017-02-17T00:00:00+00:00,validation,217,3,16,3,11,75,0,209,196.42857142857142,167.28571428571428,144.03571428571428,191,
resort_hotel,c31c4e41-2181-5ea7-875e-e62ec156c77b,2017-03-17,28,2017-02-18T00:00:00+00:00,validation,179,4,17,3,11,76,0,149,138.14285714285714,120.71428571428571,110.85714285714286,168,
city_hotel,c7fb00b8-6205-5d73-95ad-5f774926f2cc,2017-03-17,28,2017-02-18T00:00:00+00:00,validation,220,4,17,3,11,76,0,201,200.0,172.14285714285714,145.25,199,
resort_hotel,c31c4e41-2181-5ea7-875e-e62ec156c77b,2017-03-18,28,2017-02-19T00:00:00+00:00,validation,156,5,18,3,11,77,1,177,145.14285714285714,124.57142857142857,113.60714285714286,134,
city_hotel,c7fb00b8-6205-5d73-95ad-5f774926f2cc,2017-03-18,28,2017-02-19T00:00:00+00:00,validation,226,5,18,3,11,77,1,199,203.57142857142858,176.14285714285714,147.14285714285714,204,
resort_hotel,c31c4e41-2181-5ea7-875e-e62ec156c77b,2017-03-19,28,2017-02-20T00:00:00+00:00,validation,154,6,19,3,11,78,1,154,154.28571428571428,129.64285714285714,116.17857142857143,137,
city_hotel,c7fb00b8-6205-5d73-95ad-5f774926f2cc,2017-03-19,28,2017-02-20T00:00:00+00:00,validation,223,6,19,3,11,78,1,169,202.85714285714286,178.71428571428572,148.25,190,
resort_hotel,c31c4e41-2181-5ea7-875e-e62ec156c77b,2017-03-20,28,2017-02-21T00:00:00+00:00,validation,170,0,20,3,12,79,0,140,154.71428571428572,132.07142857142858,118.0,140,
city_hotel,c7fb00b8-6205-5d73-95ad-5f774926f2cc,2017-03-20,28,2017-02-21T00:00:00+00:00,validation,219,0,20,3,12,79,0,187,200.14285714285714,183.28571428571428,150.57142857142858,188,
resort_hotel,c31c4e41-2181-5ea7-875e-e62ec156c77b,2017-03-21,28,2017-02-22T00:00:00+00:00,validation,179,1,21,3,12,80,0,143,152.0,134.78571428571428,119.67857142857143,150,
city_hotel,c7fb00b8-6205-5d73-95ad-5f774926f2cc,2017-03-21,28,2017-02-22T00:00:00+00:00,validation,216,1,21,3,12,80,0,191,196.85714285714286,187.0,153.03571428571428,191,
resort_hotel,c31c4e41-2181-5ea7-875e-e62ec156c77b,2017-03-22,28,2017-02-23T00:00:00+00:00,validation,178,2,22,3,12,81,0,163,153.42857142857142,139.71428571428572,121.78571428571429,153,
city_hotel,c7fb00b8-6205-5d73-95ad-5f774926f2cc,2017-03-22,28,2017-02-23T00:00:00+00:00,validation,184,2,22,3,12,81,0,226,197.42857142857142,193.35714285714286,156.35714285714286,156,
resort_hotel,c31c4e41-2181-5ea7-875e-e62ec156c77b,2017-03-23,28,2017-02-24T00:00:00+00:00,validation,150,3,23,3,12,82,0,167,156.14285714285714,144.57142857142858,123.85714285714286,133,
city_hotel,c7fb00b8-6205-5d73-95ad-5f774926f2cc,2017-03-23,28,2017-02-24T00:00:00+00:00,validation,198,3,23,3,12,82,0,207,197.14285714285714,196.78571428571428,159.07142857142858,164,
resort_hotel,c31c4e41-2181-5ea7-875e-e62ec156c77b,2017-03-24,28,2017-02-25T00:00:00+00:00,validation,150,4,24,3,12,83,0,164,158.28571428571428,148.21428571428572,124.67857142857143,160,
city_hotel,c7fb00b8-6205-5d73-95ad-5f774926f2cc,2017-03-24,28,2017-02-25T00:00:00+00:00,validation,222,4,24,3,12,83,0,139,188.28571428571428,194.14285714285714,159.67857142857142,215,
resort_hotel,c31c4e41-2181-5ea7-875e-e62ec156c77b,2017-03-25,28,2017-02-26T00:00:00+00:00,validation,175,5,25,3,12,84,1,184,159.28571428571428,152.21428571428572,125.71428571428571,176,
city_hotel,c7fb00b8-6205-5d73-95ad-5f774926f2cc,2017-03-25,28,2017-02-26T00:00:00+00:00,validation,225,5,25,3,12,84,1,185,186.28571428571428,194.92857142857142,161.89285714285714,219,
resort_hotel,c31c4e41-2181-5ea7-875e-e62ec156c77b,2017-03-26,28,2017-02-27T00:00:00+00:00,validation,139,6,26,3,12,85,1,183,163.42857142857142,158.85714285714286,128.28571428571428,130,
city_hotel,c7fb00b8-6205-5d73-95ad-5f774926f2cc,2017-03-26,28,2017-02-27T00:00:00+00:00,validation,166,6,26,3,12,85,1,170,186.42857142857142,194.64285714285714,164.82142857142858,163,
resort_hotel,c31c4e41-2181-5ea7-875e-e62ec156c77b,2017-03-27,28,2017-02-28T00:00:00+00:00,validation,147,0,27,3,13,86,0,159,166.14285714285714,160.42857142857142,130.57142857142858,128,
city_hotel,c7fb00b8-6205-5d73-95ad-5f774926f2cc,2017-03-27,28,2017-02-28T00:00:00+00:00,validation,214,0,27,3,13,86,0,215,190.42857142857142,195.28571428571428,169.39285714285714,204,
resort_hotel,c31c4e41-2181-5ea7-875e-e62ec156c77b,2017-03-28,28,2017-03-01T00:00:00+00:00,validation,154,1,28,3,13,87,0,112,161.71428571428572,156.85714285714286,131.25,124,
city_hotel,c7fb00b8-6205-5d73-95ad-5f774926f2cc,2017-03-28,28,2017-03-01T00:00:00+00:00,validation,215,1,28,3,13,87,0,190,190.28571428571428,193.57142857142858,172.75,207,
resort_hotel,c31c4e41-2181-5ea7-875e-e62ec156c77b,2017-03-29,28,2017-03-02T00:00:00+00:00,validation,161,2,29,3,13,88,0,125,156.28571428571428,154.85714285714286,132.92857142857142,123,
city_hotel,c7fb00b8-6205-5d73-95ad-5f774926f2cc,2017-03-29,28,2017-03-02T00:00:00+00:00,validation,197,2,29,3,13,88,0,179,183.57142857142858,190.5,175.71428571428572,165,
resort_hotel,c31c4e41-2181-5ea7-875e-e62ec156c77b,2017-03-30,28,2017-03-03T00:00:00+00:00,validation,167,3,30,3,13,89,0,176,157.57142857142858,156.85714285714286,136.60714285714286,114,
city_hotel,c7fb00b8-6205-5d73-95ad-5f774926f2cc,2017-03-30,28,2017-03-03T00:00:00+00:00,validation,217,3,30,3,13,89,0,201,182.71428571428572,189.92857142857142,178.60714285714286,197,
resort_hotel,c31c4e41-2181-5ea7-875e-e62ec156c77b,2017-03-31,28,2017-03-04T00:00:00+00:00,validation,172,4,31,3,13,90,0,177,159.42857142857142,158.85714285714286,139.78571428571428,115,
city_hotel,c7fb00b8-6205-5d73-95ad-5f774926f2cc,2017-03-31,28,2017-03-04T00:00:00+00:00,validation,212,4,31,3,13,90,0,207,192.42857142857142,190.35714285714286,181.25,206,
resort_hotel,c31c4e41-2181-5ea7-875e-e62ec156c77b,2017-04-01,28,2017-03-05T00:00:00+00:00,validation,161,5,1,4,13,91,1,181,159.0,159.14285714285714,141.85714285714286,118,
city_hotel,c7fb00b8-6205-5d73-95ad-5f774926f2cc,2017-04-01,28,2017-03-05T00:00:00+00:00,validation,215,5,1,4,13,91,1,190,193.14285714285714,189.71428571428572,182.92857142857142,214,
resort_hotel,c31c4e41-2181-5ea7-875e-e62ec156c77b,2017-04-02,28,2017-03-06T00:00:00+00:00,validation,149,6,2,4,13,92,1,176,158.0,160.71428571428572,145.17857142857142,114,
city_hotel,c7fb00b8-6205-5d73-95ad-5f774926f2cc,2017-04-02,28,2017-03-06T00:00:00+00:00,validation,189,6,2,4,13,92,1,175,193.85714285714286,190.14285714285714,184.42857142857142,184,
resort_hotel,c31c4e41-2181-5ea7-875e-e62ec156c77b,2017-04-03,28,2017-03-07T00:00:00+00:00,validation,155,0,3,4,14,93,0,123,152.85714285714286,159.5,145.78571428571428,104,
city_hotel,c7fb00b8-6205-5d73-95ad-5f774926f2cc,2017-04-03,28,2017-03-07T00:00:00+00:00,validation,223,0,3,4,14,93,0,217,194.14285714285714,192.28571428571428,187.78571428571428,215,
resort_hotel,c31c4e41-2181-5ea7-875e-e62ec156c77b,2017-04-04,28,2017-03-08T00:00:00+00:00,validation,139,1,4,4,14,94,0,144,157.42857142857142,159.57142857142858,147.17857142857142,90,
city_hotel,c7fb00b8-6205-5d73-95ad-5f774926f2cc,2017-04-04,28,2017-03-08T00:00:00+00:00,validation,218,1,4,4,14,94,0,220,198.42857142857142,194.35714285714286,190.67857142857142,203,
resort_hotel,c31c4e41-2181-5ea7-875e-e62ec156c77b,2017-04-05,28,2017-03-09T00:00:00+00:00,validation,179,2,5,4,14,95,0,148,160.71428571428572,158.5,149.10714285714286,151,
city_hotel,c7fb00b8-6205-5d73-95ad-5f774926f2cc,2017-04-05,28,2017-03-09T00:00:00+00:00,validation,215,2,5,4,14,95,0,191,200.14285714285714,191.85714285714286,192.60714285714286,197,
resort_hotel,c31c4e41-2181-5ea7-875e-e62ec156c77b,2017-04-06,28,2017-03-10T00:00:00+00:00,test,178,3,6,4,14,96,0,172,160.14285714285714,158.85714285714286,151.71428571428572,153,
city_hotel,c7fb00b8-6205-5d73-95ad-5f774926f2cc,2017-04-06,28,2017-03-10T00:00:00+00:00,test,222,3,6,4,14,96,0,186,198.0,190.35714285714286,193.57142857142858,211,
resort_hotel,c31c4e41-2181-5ea7-875e-e62ec156c77b,2017-04-07,28,2017-03-11T00:00:00+00:00,test,157,4,7,4,14,97,0,181,160.71428571428572,160.07142857142858,154.14285714285714,140,
city_hotel,c7fb00b8-6205-5d73-95ad-5f774926f2cc,2017-04-07,28,2017-03-11T00:00:00+00:00,test,215,4,7,4,14,97,0,212,198.71428571428572,195.57142857142858,194.85714285714286,212,
resort_hotel,c31c4e41-2181-5ea7-875e-e62ec156c77b,2017-04-08,28,2017-03-12T00:00:00+00:00,test,180,5,8,4,14,98,1,174,159.71428571428572,159.35714285714286,155.78571428571428,156,
city_hotel,c7fb00b8-6205-5d73-95ad-5f774926f2cc,2017-04-08,28,2017-03-12T00:00:00+00:00,test,218,5,8,4,14,98,1,223,203.42857142857142,198.28571428571428,196.60714285714286,221,
resort_hotel,c31c4e41-2181-5ea7-875e-e62ec156c77b,2017-04-09,28,2017-03-13T00:00:00+00:00,test,159,6,9,4,14,99,1,140,154.57142857142858,156.28571428571428,157.57142857142858,140,
city_hotel,c7fb00b8-6205-5d73-95ad-5f774926f2cc,2017-04-09,28,2017-03-13T00:00:00+00:00,test,197,6,9,4,14,99,1,191,205.71428571428572,199.78571428571428,197.21428571428572,208,
resort_hotel,c31c4e41-2181-5ea7-875e-e62ec156c77b,2017-04-10,28,2017-03-14T00:00:00+00:00,test,154,0,10,4,15,100,0,166,160.71428571428572,156.78571428571428,158.60714285714286,119,
city_hotel,c7fb00b8-6205-5d73-95ad-5f774926f2cc,2017-04-10,28,2017-03-14T00:00:00+00:00,test,219,0,10,4,15,100,0,169,198.85714285714286,196.5,195.89285714285714,221,
resort_hotel,c31c4e41-2181-5ea7-875e-e62ec156c77b,2017-04-11,28,2017-03-15T00:00:00+00:00,test,178,1,11,4,15,101,0,173,164.85714285714286,161.14285714285714,159.0,129,
city_hotel,c7fb00b8-6205-5d73-95ad-5f774926f2cc,2017-04-11,28,2017-03-15T00:00:00+00:00,test,218,1,11,4,15,101,0,208,197.14285714285714,197.78571428571428,195.67857142857142,214,
resort_hotel,c31c4e41-2181-5ea7-875e-e62ec156c77b,2017-04-12,28,2017-03-16T00:00:00+00:00,test,173,2,12,4,15,102,0,170,168.0,164.35714285714286,159.60714285714286,136,
city_hotel,c7fb00b8-6205-5d73-95ad-5f774926f2cc,2017-04-12,28,2017-03-16T00:00:00+00:00,test,210,2,12,4,15,102,0,220,201.28571428571428,200.71428571428572,195.60714285714286,210,
resort_hotel,c31c4e41-2181-5ea7-875e-e62ec156c77b,2017-04-13,28,2017-03-17T00:00:00+00:00,test,179,3,13,4,15,103,0,182,169.42857142857142,164.78571428571428,160.82142857142858,168,
city_hotel,c7fb00b8-6205-5d73-95ad-5f774926f2cc,2017-04-13,28,2017-03-17T00:00:00+00:00,test,224,3,13,4,15,103,0,217,205.71428571428572,201.85714285714286,195.89285714285714,224,
resort_hotel,c31c4e41-2181-5ea7-875e-e62ec156c77b,2017-04-14,28,2017-03-18T00:00:00+00:00,test,182,4,14,4,15,104,0,179,169.14285714285714,164.92857142857142,161.89285714285714,165,
city_hotel,c7fb00b8-6205-5d73-95ad-5f774926f2cc,2017-04-14,28,2017-03-18T00:00:00+00:00,test,223,4,14,4,15,104,0,220,206.85714285714286,202.78571428571428,196.57142857142858,214,
resort_hotel,c31c4e41-2181-5ea7-875e-e62ec156c77b,2017-04-15,28,2017-03-19T00:00:00+00:00,test,166,5,15,4,15,105,1,156,166.57142857142858,163.14285714285714,161.14285714285714,152,
city_hotel,c7fb00b8-6205-5d73-95ad-5f774926f2cc,2017-04-15,28,2017-03-19T00:00:00+00:00,test,213,5,15,4,15,105,1,226,207.28571428571428,205.35714285714286,197.53571428571428,215,
resort_hotel,c31c4e41-2181-5ea7-875e-e62ec156c77b,2017-04-16,28,2017-03-20T00:00:00+00:00,test,151,6,16,4,15,106,1,154,168.57142857142858,161.57142857142858,161.14285714285714,139,
city_hotel,c7fb00b8-6205-5d73-95ad-5f774926f2cc,2017-04-16,28,2017-03-20T00:00:00+00:00,test,217,6,16,4,15,106,1,223,211.85714285714286,208.78571428571428,199.46428571428572,215,
resort_hotel,c31c4e41-2181-5ea7-875e-e62ec156c77b,2017-04-17,28,2017-03-21T00:00:00+00:00,test,147,0,17,4,16,107,0,170,169.14285714285714,164.92857142857142,162.21428571428572,137,
city_hotel,c7fb00b8-6205-5d73-95ad-5f774926f2cc,2017-04-17,28,2017-03-21T00:00:00+00:00,test,208,0,17,4,16,107,0,219,219.0,208.92857142857142,200.60714285714286,191,
resort_hotel,c31c4e41-2181-5ea7-875e-e62ec156c77b,2017-04-18,28,2017-03-22T00:00:00+00:00,test,145,1,18,4,16,108,0,179,170.0,167.42857142857142,163.5,128,
city_hotel,c7fb00b8-6205-5d73-95ad-5f774926f2cc,2017-04-18,28,2017-03-22T00:00:00+00:00,test,195,1,18,4,16,108,0,216,220.14285714285714,208.64285714285714,201.5,154,
resort_hotel,c31c4e41-2181-5ea7-875e-e62ec156c77b,2017-04-19,28,2017-03-23T00:00:00+00:00,test,138,2,19,4,16,109,0,178,171.14285714285714,169.57142857142858,164.03571428571428,135,
city_hotel,c7fb00b8-6205-5d73-95ad-5f774926f2cc,2017-04-19,28,2017-03-23T00:00:00+00:00,test,217,2,19,4,16,109,0,184,215.0,208.14285714285714,200.0,182,
resort_hotel,c31c4e41-2181-5ea7-875e-e62ec156c77b,2017-04-20,28,2017-03-24T00:00:00+00:00,test,144,3,20,4,16,110,0,150,166.57142857142858,168.0,163.42857142857142,135,
city_hotel,c7fb00b8-6205-5d73-95ad-5f774926f2cc,2017-04-20,28,2017-03-24T00:00:00+00:00,test,223,3,20,4,16,110,0,198,212.28571428571428,209.0,199.67857142857142,208,
resort_hotel,c31c4e41-2181-5ea7-875e-e62ec156c77b,2017-04-21,28,2017-03-25T00:00:00+00:00,test,138,4,21,4,16,111,0,150,162.42857142857142,165.78571428571428,162.92857142857142,123,
city_hotel,c7fb00b8-6205-5d73-95ad-5f774926f2cc,2017-04-21,28,2017-03-25T00:00:00+00:00,test,218,4,21,4,16,111,0,222,212.57142857142858,209.71428571428572,202.64285714285714,222,
resort_hotel,c31c4e41-2181-5ea7-875e-e62ec156c77b,2017-04-22,28,2017-03-26T00:00:00+00:00,test,177,5,22,4,16,112,1,175,165.14285714285714,165.85714285714286,162.60714285714286,173,
city_hotel,c7fb00b8-6205-5d73-95ad-5f774926f2cc,2017-04-22,28,2017-03-26T00:00:00+00:00,test,220,5,22,4,16,112,1,225,212.42857142857142,209.85714285714286,204.07142857142858,219,
resort_hotel,c31c4e41-2181-5ea7-875e-e62ec156c77b,2017-04-23,28,2017-03-27T00:00:00+00:00,test,176,6,23,4,16,113,1,139,163.0,165.78571428571428,161.03571428571428,180,
city_hotel,c7fb00b8-6205-5d73-95ad-5f774926f2cc,2017-04-23,28,2017-03-27T00:00:00+00:00,test,189,6,23,4,16,113,1,166,204.28571428571428,208.07142857142858,203.92857142857142,180,
resort_hotel,c31c4e41-2181-5ea7-875e-e62ec156c77b,2017-04-24,28,2017-03-28T00:00:00+00:00,test,158,0,24,4,17,114,0,147,159.71428571428572,164.42857142857142,160.60714285714286,155,
city_hotel,c7fb00b8-6205-5d73-95ad-5f774926f2cc,2017-04-24,28,2017-03-28T00:00:00+00:00,test,222,0,24,4,17,114,0,214,203.57142857142858,211.28571428571428,203.89285714285714,216,
resort_hotel,c31c4e41-2181-5ea7-875e-e62ec156c77b,2017-04-25,28,2017-03-29T00:00:00+00:00,test,173,1,25,4,17,115,0,154,156.14285714285714,163.07142857142858,162.10714285714286,165,
city_hotel,c7fb00b8-6205-5d73-95ad-5f774926f2cc,2017-04-25,28,2017-03-29T00:00:00+00:00,test,217,1,25,4,17,115,0,215,203.42857142857142,211.78571428571428,204.78571428571428,218,
resort_hotel,c31c4e41-2181-5ea7-875e-e62ec156c77b,2017-04-26,28,2017-03-30T00:00:00+00:00,test,181,2,26,4,17,116,0,161,153.71428571428572,162.42857142857142,163.39285714285714,163,
city_hotel,c7fb00b8-6205-5d73-95ad-5f774926f2cc,2017-04-26,28,2017-03-30T00:00:00+00:00,test,222,2,26,4,17,116,0,197,205.28571428571428,210.14285714285714,205.42857142857142,196,
resort_hotel,c31c4e41-2181-5ea7-875e-e62ec156c77b,2017-04-27,28,2017-03-31T00:00:00+00:00,test,170,3,27,4,17,117,0,167,156.14285714285714,161.35714285714286,163.07142857142858,139,
city_hotel,c7fb00b8-6205-5d73-95ad-5f774926f2cc,2017-04-27,28,2017-03-31T00:00:00+00:00,test,221,3,27,4,17,117,0,217,208.0,210.14285714285714,206.0,182,
resort_hotel,c31c4e41-2181-5ea7-875e-e62ec156c77b,2017-04-28,28,2017-04-01T00:00:00+00:00,test,183,4,28,4,17,118,0,172,159.28571428571428,160.85714285714286,162.89285714285714,153,
city_hotel,c7fb00b8-6205-5d73-95ad-5f774926f2cc,2017-04-28,28,2017-04-01T00:00:00+00:00,test,224,4,28,4,17,118,0,212,206.57142857142858,209.57142857142858,206.17857142857142,203,
resort_hotel,c31c4e41-2181-5ea7-875e-e62ec156c77b,2017-04-29,28,2017-04-02T00:00:00+00:00,test,183,5,29,4,17,119,1,161,157.28571428571428,161.21428571428572,162.17857142857142,143,
city_hotel,c7fb00b8-6205-5d73-95ad-5f774926f2cc,2017-04-29,28,2017-04-02T00:00:00+00:00,test,224,5,29,4,17,119,1,215,205.14285714285714,208.78571428571428,207.07142857142858,202,
resort_hotel,c31c4e41-2181-5ea7-875e-e62ec156c77b,2017-04-30,28,2017-04-03T00:00:00+00:00,test,183,6,30,4,17,120,1,149,158.71428571428572,160.85714285714286,161.21428571428572,147,
city_hotel,c7fb00b8-6205-5d73-95ad-5f774926f2cc,2017-04-30,28,2017-04-03T00:00:00+00:00,test,217,6,30,4,17,120,1,189,208.42857142857142,206.35714285714286,207.57142857142858,208,
resort_hotel,c31c4e41-2181-5ea7-875e-e62ec156c77b,2017-05-01,28,2017-04-04T00:00:00+00:00,test,172,0,1,5,18,121,0,155,159.85714285714286,159.78571428571428,162.35714285714286,151,
city_hotel,c7fb00b8-6205-5d73-95ad-5f774926f2cc,2017-05-01,28,2017-04-04T00:00:00+00:00,test,202,0,1,5,18,121,0,223,209.71428571428572,206.64285714285714,207.78571428571428,175,
resort_hotel,c31c4e41-2181-5ea7-875e-e62ec156c77b,2017-05-02,28,2017-04-05T00:00:00+00:00,test,157,1,2,5,18,122,0,139,157.71428571428572,156.92857142857142,162.17857142857142,133,
city_hotel,c7fb00b8-6205-5d73-95ad-5f774926f2cc,2017-05-02,28,2017-04-05T00:00:00+00:00,test,198,1,2,5,18,122,0,218,210.14285714285714,206.78571428571428,207.71428571428572,162,
resort_hotel,c31c4e41-2181-5ea7-875e-e62ec156c77b,2017-05-03,28,2017-04-06T00:00:00+00:00,test,177,2,3,5,18,123,0,179,160.28571428571428,157.0,163.28571428571428,149,
city_hotel,c7fb00b8-6205-5d73-95ad-5f774926f2cc,2017-05-03,28,2017-04-06T00:00:00+00:00,test,213,2,3,5,18,123,0,215,212.71428571428572,209.0,208.57142857142858,171,
resort_hotel,c31c4e41-2181-5ea7-875e-e62ec156c77b,2017-05-04,28,2017-04-07T00:00:00+00:00,test,177,3,4,5,18,124,0,178,161.85714285714286,159.0,163.5,163,
city_hotel,c7fb00b8-6205-5d73-95ad-5f774926f2cc,2017-05-04,28,2017-04-07T00:00:00+00:00,test,216,3,4,5,18,124,0,222,213.42857142857142,210.71428571428572,209.85714285714286,185,
resort_hotel,c31c4e41-2181-5ea7-875e-e62ec156c77b,2017-05-05,28,2017-04-08T00:00:00+00:00,test,171,4,5,5,18,125,0,157,159.71428571428572,159.5,162.64285714285714,154,
city_hotel,c7fb00b8-6205-5d73-95ad-5f774926f2cc,2017-05-05,28,2017-04-08T00:00:00+00:00,test,221,4,5,5,18,125,0,215,213.85714285714286,210.21428571428572,209.96428571428572,207,
resort_hotel,c31c4e41-2181-5ea7-875e-e62ec156c77b,2017-05-06,28,2017-04-09T00:00:00+00:00,test,154,5,6,5,18,126,1,180,162.42857142857142,159.85714285714286,162.85714285714286,128,
city_hotel,c7fb00b8-6205-5d73-95ad-5f774926f2cc,2017-05-06,28,2017-04-09T00:00:00+00:00,test,221,5,6,5,18,126,1,218,214.28571428571428,209.71428571428572,209.78571428571428,217,
resort_hotel,c31c4e41-2181-5ea7-875e-e62ec156c77b,2017-05-07,28,2017-04-10T00:00:00+00:00,test,133,6,7,5,18,127,1,159,163.85714285714286,161.28571428571428,163.53571428571428,110,
city_hotel,c7fb00b8-6205-5d73-95ad-5f774926f2cc,2017-05-07,28,2017-04-10T00:00:00+00:00,test,213,6,7,5,18,127,1,197,215.42857142857142,211.92857142857142,210.0,205,
resort_hotel,c31c4e41-2181-5ea7-875e-e62ec156c77b,2017-05-08,28,2017-04-11T00:00:00+00:00,test,158,0,8,5,19,128,0,154,163.71428571428572,161.78571428571428,163.10714285714286,140,
city_hotel,c7fb00b8-6205-5d73-95ad-5f774926f2cc,2017-05-08,28,2017-04-11T00:00:00+00:00,test,197,0,8,5,19,128,0,219,214.85714285714286,212.28571428571428,211.78571428571428,179,
resort_hotel,c31c4e41-2181-5ea7-875e-e62ec156c77b,2017-05-09,28,2017-04-12T00:00:00+00:00,test,179,1,9,5,19,129,0,178,169.28571428571428,163.5,163.28571428571428,161,
city_hotel,c7fb00b8-6205-5d73-95ad-5f774926f2cc,2017-05-09,28,2017-04-12T00:00:00+00:00,test,211,1,9,5,19,129,0,218,214.85714285714286,212.5,212.14285714285714,163,
resort_hotel,c31c4e41-2181-5ea7-875e-e62ec156c77b,2017-05-10,28,2017-04-13T00:00:00+00:00,test,169,2,10,5,19,130,0,173,168.42857142857142,164.35714285714286,163.39285714285714,161,
city_hotel,c7fb00b8-6205-5d73-95ad-5f774926f2cc,2017-05-10,28,2017-04-13T00:00:00+00:00,test,218,2,10,5,19,130,0,210,214.14285714285714,213.42857142857142,211.78571428571428,193,
resort_hotel,c31c4e41-2181-5ea7-875e-e62ec156c77b,2017-05-11,28,2017-04-14T00:00:00+00:00,test,174,3,11,5,19,131,0,179,168.57142857142858,165.21428571428572,163.28571428571428,162,
city_hotel,c7fb00b8-6205-5d73-95ad-5f774926f2cc,2017-05-11,28,2017-04-14T00:00:00+00:00,test,216,3,11,5,19,131,0,224,214.42857142857142,213.92857142857142,212.03571428571428,204,
resort_hotel,c31c4e41-2181-5ea7-875e-e62ec156c77b,2017-05-12,28,2017-04-15T00:00:00+00:00,test,179,4,12,5,19,132,0,182,172.14285714285714,165.92857142857142,163.39285714285714,166,
city_hotel,c7fb00b8-6205-5d73-95ad-5f774926f2cc,2017-05-12,28,2017-04-15T00:00:00+00:00,test,209,4,12,5,19,132,0,223,215.57142857142858,214.71428571428572,212.14285714285714,206,
resort_hotel,c31c4e41-2181-5ea7-875e-e62ec156c77b,2017-05-13,28,2017-04-16T00:00:00+00:00,test,175,5,13,5,19,133,1,166,170.14285714285714,166.28571428571428,163.75,159,
city_hotel,c7fb00b8-6205-5d73-95ad-5f774926f2cc,2017-05-13,28,2017-04-16T00:00:00+00:00,test,213,5,13,5,19,133,1,213,214.85714285714286,214.57142857142858,211.67857142857142,208,
resort_hotel,c31c4e41-2181-5ea7-875e-e62ec156c77b,2017-05-14,28,2017-04-17T00:00:00+00:00,test,170,6,14,5,19,134,1,151,169.0,166.42857142857142,163.64285714285714,148,
city_hotel,c7fb00b8-6205-5d73-95ad-5f774926f2cc,2017-05-14,28,2017-04-17T00:00:00+00:00,test,221,6,14,5,19,134,1,217,217.71428571428572,216.57142857142858,211.46428571428572,192,
resort_hotel,c31c4e41-2181-5ea7-875e-e62ec156c77b,2017-05-15,28,2017-04-18T00:00:00+00:00,test,174,0,15,5,20,135,0,147,168.0,165.85714285714286,162.82142857142858,127,
city_hotel,c7fb00b8-6205-5d73-95ad-5f774926f2cc,2017-05-15,28,2017-04-18T00:00:00+00:00,test,206,0,15,5,20,135,0,208,216.14285714285714,215.5,211.07142857142858,148,
resort_hotel,c31c4e41-2181-5ea7-875e-e62ec156c77b,2017-05-16,28,2017-04-19T00:00:00+00:00,test,182,1,16,5,20,136,0,145,163.28571428571428,166.28571428571428,161.60714285714286,154,
city_hotel,c7fb00b8-6205-5d73-95ad-5f774926f2cc,2017-05-16,28,2017-04-19T00:00:00+00:00,test,222,1,16,5,20,136,0,195,212.85714285714286,213.85714285714286,210.32142857142858,172,
resort_hotel,c31c4e41-2181-5ea7-875e-e62ec156c77b,2017-05-17,28,2017-04-20T00:00:00+00:00,test,183,2,17,5,20,137,0,138,158.28571428571428,163.35714285714286,160.17857142857142,160,
city_hotel,c7fb00b8-6205-5d73-95ad-5f774926f2cc,2017-05-17,28,2017-04-20T00:00:00+00:00,test,219,2,17,5,20,137,0,217,213.85714285714286,214.0,211.5,171,
resort_hotel,c31c4e41-2181-5ea7-875e-e62ec156c77b,2017-05-18,28,2017-04-21T00:00:00+00:00,test,183,3,18,5,20,138,0,144,153.28571428571428,160.92857142857142,159.96428571428572,169,
city_hotel,c7fb00b8-6205-5d73-95ad-5f774926f2cc,2017-05-18,28,2017-04-21T00:00:00+00:00,test,219,3,18,5,20,138,0,223,213.71428571428572,214.07142857142858,212.39285714285714,191,
resort_hotel,c31c4e41-2181-5ea7-875e-e62ec156c77b,2017-05-19,28,2017-04-22T00:00:00+00:00,test,181,4,19,5,20,139,0,138,147.0,159.57142857142858,159.53571428571428,175,
city_hotel,c7fb00b8-6205-5d73-95ad-5f774926f2cc,2017-05-19,28,2017-04-22T00:00:00+00:00,test,222,4,19,5,20,139,0,218,213.0,214.28571428571428,212.25,221,
resort_hotel,c31c4e41-2181-5ea7-875e-e62ec156c77b,2017-05-20,28,2017-04-23T00:00:00+00:00,test,174,5,20,5,20,140,1,177,148.57142857142858,159.35714285714286,159.60714285714286,167,
city_hotel,c7fb00b8-6205-5d73-95ad-5f774926f2cc,2017-05-20,28,2017-04-23T00:00:00+00:00,test,224,5,20,5,20,140,1,220,214.0,214.42857142857142,212.07142857142858,212,
resort_hotel,c31c4e41-2181-5ea7-875e-e62ec156c77b,2017-05-21,28,2017-04-24T00:00:00+00:00,test,176,6,21,5,20,141,1,176,152.14285714285714,160.57142857142858,160.92857142857142,170,
city_hotel,c7fb00b8-6205-5d73-95ad-5f774926f2cc,2017-05-21,28,2017-04-24T00:00:00+00:00,test,217,6,21,5,20,141,1,189,210.0,213.85714285714286,212.89285714285714,170,
resort_hotel,c31c4e41-2181-5ea7-875e-e62ec156c77b,2017-05-22,28,2017-04-25T00:00:00+00:00,test,182,0,22,5,21,142,0,158,153.71428571428572,160.85714285714286,161.32142857142858,172,
city_hotel,c7fb00b8-6205-5d73-95ad-5f774926f2cc,2017-05-22,28,2017-04-25T00:00:00+00:00,test,223,0,22,5,21,142,0,222,212.0,214.07142857142858,213.17857142857142,155,
resort_hotel,c31c4e41-2181-5ea7-875e-e62ec156c77b,2017-05-23,28,2017-04-26T00:00:00+00:00,test,178,1,23,5,21,143,0,173,157.71428571428572,160.5,162.0,135,
city_hotel,c7fb00b8-6205-5d73-95ad-5f774926f2cc,2017-05-23,28,2017-04-26T00:00:00+00:00,test,221,1,23,5,21,143,0,217,215.14285714285714,214.0,213.25,144,
resort_hotel,c31c4e41-2181-5ea7-875e-e62ec156c77b,2017-05-24,28,2017-04-27T00:00:00+00:00,test,179,2,24,5,21,144,0,181,163.85714285714286,161.07142857142858,162.71428571428572,128,
city_hotel,c7fb00b8-6205-5d73-95ad-5f774926f2cc,2017-05-24,28,2017-04-27T00:00:00+00:00,test,220,2,24,5,21,144,0,222,215.85714285714286,214.85714285714286,214.14285714285714,188,
resort_hotel,c31c4e41-2181-5ea7-875e-e62ec156c77b,2017-05-25,28,2017-04-28T00:00:00+00:00,test,180,3,25,5,21,145,0,170,167.57142857142858,160.42857142857142,162.82142857142858,172,
city_hotel,c7fb00b8-6205-5d73-95ad-5f774926f2cc,2017-05-25,28,2017-04-28T00:00:00+00:00,test,224,3,25,5,21,145,0,221,215.57142857142858,214.64285714285714,214.28571428571428,225,
resort_hotel,c31c4e41-2181-5ea7-875e-e62ec156c77b,2017-05-26,28,2017-04-29T00:00:00+00:00,test,179,4,26,5,21,146,0,183,174.0,160.5,163.21428571428572,175,
city_hotel,c7fb00b8-6205-5d73-95ad-5f774926f2cc,2017-05-26,28,2017-04-29T00:00:00+00:00,test,222,4,26,5,21,146,0,224,216.42857142857142,214.71428571428572,214.71428571428572,211,
resort_hotel,c31c4e41-2181-5ea7-875e-e62ec156c77b,2017-05-27,28,2017-04-30T00:00:00+00:00,test,174,5,27,5,21,147,1,183,174.85714285714286,161.71428571428572,164.0,164,
city_hotel,c7fb00b8-6205-5d73-95ad-5f774926f2cc,2017-05-27,28,2017-04-30T00:00:00+00:00,test,220,5,27,5,21,147,1,224,217.0,215.5,215.03571428571428,222,
resort_hotel,c31c4e41-2181-5ea7-875e-e62ec156c77b,2017-05-28,28,2017-05-01T00:00:00+00:00,test,172,6,28,5,21,148,1,183,175.85714285714286,164.0,165.21428571428572,157,
city_hotel,c7fb00b8-6205-5d73-95ad-5f774926f2cc,2017-05-28,28,2017-05-01T00:00:00+00:00,test,191,6,28,5,21,148,1,217,221.0,215.5,216.03571428571428,195,
resort_hotel,c31c4e41-2181-5ea7-875e-e62ec156c77b,2017-05-29,28,2017-05-02T00:00:00+00:00,test,180,0,29,5,22,149,0,172,177.85714285714286,165.78571428571428,165.82142857142858,161,
city_hotel,c7fb00b8-6205-5d73-95ad-5f774926f2cc,2017-05-29,28,2017-05-02T00:00:00+00:00,test,182,0,29,5,22,149,0,202,218.14285714285714,215.07142857142858,215.28571428571428,166,
resort_hotel,c31c4e41-2181-5ea7-875e-e62ec156c77b,2017-05-30,28,2017-05-03T00:00:00+00:00,test,180,1,30,5,22,150,0,157,175.57142857142858,166.64285714285714,166.46428571428572,158,
city_hotel,c7fb00b8-6205-5d73-95ad-5f774926f2cc,2017-05-30,28,2017-05-03T00:00:00+00:00,test,180,1,30,5,22,150,0,198,215.42857142857142,215.28571428571428,214.57142857142858,174,
resort_hotel,c31c4e41-2181-5ea7-875e-e62ec156c77b,2017-05-31,28,2017-05-04T00:00:00+00:00,test,179,2,31,5,22,151,0,177,175.0,169.42857142857142,166.39285714285714,153,
city_hotel,c7fb00b8-6205-5d73-95ad-5f774926f2cc,2017-05-31,28,2017-05-04T00:00:00+00:00,test,199,2,31,5,22,151,0,213,214.14285714285714,215.0,214.5,201,
resort_hotel,c31c4e41-2181-5ea7-875e-e62ec156c77b,2017-06-01,28,2017-05-05T00:00:00+00:00,test,164,3,1,6,22,152,0,177,176.0,171.78571428571428,166.35714285714286,115,
city_hotel,c7fb00b8-6205-5d73-95ad-5f774926f2cc,2017-06-01,28,2017-05-05T00:00:00+00:00,test,199,3,1,6,22,152,0,216,213.42857142857142,214.5,214.28571428571428,181,
resort_hotel,c31c4e41-2181-5ea7-875e-e62ec156c77b,2017-06-02,28,2017-05-06T00:00:00+00:00,test,173,4,2,6,22,153,0,171,174.28571428571428,174.14285714285714,166.85714285714286,133,
city_hotel,c7fb00b8-6205-5d73-95ad-5f774926f2cc,2017-06-02,28,2017-05-06T00:00:00+00:00,test,221,4,2,6,22,153,0,221,213.0,214.71428571428572,214.5,204,
resort_hotel,c31c4e41-2181-5ea7-875e-e62ec156c77b,2017-06-03,28,2017-05-07T00:00:00+00:00,test,173,5,3,6,22,154,1,154,170.14285714285714,172.5,165.92857142857142,164,
city_hotel,c7fb00b8-6205-5d73-95ad-5f774926f2cc,2017-06-03,28,2017-05-07T00:00:00+00:00,test,214,5,3,6,22,154,1,221,212.57142857142858,214.78571428571428,214.60714285714286,217,
resort_hotel,c31c4e41-2181-5ea7-875e-e62ec156c77b,2017-06-04,28,2017-05-08T00:00:00+00:00,test,169,6,4,6,22,155,1,133,163.0,169.42857142857142,165.0,170,
city_hotel,c7fb00b8-6205-5d73-95ad-5f774926f2cc,2017-06-04,28,2017-05-08T00:00:00+00:00,test,199,6,4,6,22,155,1,213,212.0,216.5,215.17857142857142,204,
resort_hotel,c31c4e41-2181-5ea7-875e-e62ec156c77b,2017-06-05,28,2017-05-09T00:00:00+00:00,test,163,0,5,6,23,156,0,158,161.0,169.42857142857142,165.14285714285714,164,
city_hotel,c7fb00b8-6205-5d73-95ad-5f774926f2cc,2017-06-05,28,2017-05-09T00:00:00+00:00,test,216,0,5,6,23,156,0,197,211.28571428571428,214.71428571428572,214.39285714285714,195,
resort_hotel,c31c4e41-2181-5ea7-875e-e62ec156c77b,2017-06-06,28,2017-05-10T00:00:00+00:00,test,175,1,6,6,23,157,0,179,164.14285714285714,169.85714285714286,165.17857142857142,170,
city_hotel,c7fb00b8-6205-5d73-95ad-5f774926f2cc,2017-06-06,28,2017-05-10T00:00:00+00:00,test,219,1,6,6,23,157,0,211,213.14285714285714,214.28571428571428,214.14285714285714,169,
resort_hotel,c31c4e41-2181-5ea7-875e-e62ec156c77b,2017-06-07,28,2017-05-11T00:00:00+00:00,test,166,2,7,6,23,158,0,169,163.0,169.0,165.03571428571428,164,
city_hotel,c7fb00b8-6205-5d73-95ad-5f774926f2cc,2017-06-07,28,2017-05-11T00:00:00+00:00,test,219,2,7,6,23,158,0,218,213.85714285714286,214.0,214.42857142857142,173,
resort_hotel,c31c4e41-2181-5ea7-875e-e62ec156c77b,2017-06-08,28,2017-05-12T00:00:00+00:00,test,165,3,8,6,23,159,0,174,162.57142857142858,169.28571428571428,164.85714285714286,148,
city_hotel,c7fb00b8-6205-5d73-95ad-5f774926f2cc,2017-06-08,28,2017-05-12T00:00:00+00:00,test,217,3,8,6,23,159,0,216,213.85714285714286,213.64285714285714,214.14285714285714,181,
resort_hotel,c31c4e41-2181-5ea7-875e-e62ec156c77b,2017-06-09,28,2017-05-13T00:00:00+00:00,test,164,4,9,6,23,160,0,179,163.71428571428572,169.0,164.75,149,
city_hotel,c7fb00b8-6205-5d73-95ad-5f774926f2cc,2017-06-09,28,2017-05-13T00:00:00+00:00,test,217,4,9,6,23,160,0,209,212.14285714285714,212.57142857142858,213.64285714285714,219,
resort_hotel,c31c4e41-2181-5ea7-875e-e62ec156c77b,2017-06-10,28,2017-05-14T00:00:00+00:00,test,178,5,10,6,23,161,1,175,166.71428571428572,168.42857142857142,165.07142857142858,150,
city_hotel,c7fb00b8-6205-5d73-95ad-5f774926f2cc,2017-06-10,28,2017-05-14T00:00:00+00:00,test,212,5,10,6,23,161,1,213,211.0,211.78571428571428,213.64285714285714,215,
resort_hotel,c31c4e41-2181-5ea7-875e-e62ec156c77b,2017-06-11,28,2017-05-15T00:00:00+00:00,test,175,6,11,6,23,162,1,170,172.0,167.5,165.75,163,
city_hotel,c7fb00b8-6205-5d73-95ad-5f774926f2cc,2017-06-11,28,2017-05-15T00:00:00+00:00,test,188,6,11,6,23,162,1,221,212.14285714285714,212.07142857142858,213.78571428571428,159,
resort_hotel,c31c4e41-2181-5ea7-875e-e62ec156c77b,2017-06-12,28,2017-05-16T00:00:00+00:00,test,172,0,12,6,24,163,0,174,174.28571428571428,167.64285714285714,166.71428571428572,165,
city_hotel,c7fb00b8-6205-5d73-95ad-5f774926f2cc,2017-06-12,28,2017-05-16T00:00:00+00:00,test,200,0,12,6,24,163,0,206,213.42857142857142,212.35714285714286,213.71428571428572,149,
resort_hotel,c31c4e41-2181-5ea7-875e-e62ec156c77b,2017-06-13,28,2017-05-17T00:00:00+00:00,test,175,1,13,6,24,164,0,182,174.71428571428572,169.42857142857142,168.03571428571428,173,
city_hotel,c7fb00b8-6205-5d73-95ad-5f774926f2cc,2017-06-13,28,2017-05-17T00:00:00+00:00,test,203,1,13,6,24,164,0,222,215.0,214.07142857142858,214.67857142857142,170,
resort_hotel,c31c4e41-2181-5ea7-875e-e62ec156c77b,2017-06-14,28,2017-05-18T00:00:00+00:00,test,176,2,14,6,24,165,0,183,176.71428571428572,169.85714285714286,169.64285714285714,176,
city_hotel,c7fb00b8-6205-5d73-95ad-5f774926f2cc,2017-06-14,28,2017-05-18T00:00:00+00:00,test,216,2,14,6,24,165,0,219,215.14285714285714,214.5,214.75,198,
resort_hotel,c31c4e41-2181-5ea7-875e-e62ec156c77b,2017-06-15,28,2017-05-19T00:00:00+00:00,test,180,3,15,6,24,166,0,183,178.0,170.28571428571428,171.03571428571428,180,
city_hotel,c7fb00b8-6205-5d73-95ad-5f774926f2cc,2017-06-15,28,2017-05-19T00:00:00+00:00,test,217,3,15,6,24,166,0,219,215.57142857142858,214.71428571428572,214.60714285714286,221,
resort_hotel,c31c4e41-2181-5ea7-875e-e62ec156c77b,2017-06-16,28,2017-05-20T00:00:00+00:00,test,179,4,16,6,24,167,0,181,178.28571428571428,171.0,172.57142857142858,171,
city_hotel,c7fb00b8-6205-5d73-95ad-5f774926f2cc,2017-06-16,28,2017-05-20T00:00:00+00:00,test,214,4,16,6,24,167,0,222,217.42857142857142,214.78571428571428,214.75,219,
resort_hotel,c31c4e41-2181-5ea7-875e-e62ec156c77b,2017-06-17,28,2017-05-21T00:00:00+00:00,test,183,5,17,6,24,168,1,174,178.14285714285714,172.42857142857142,172.46428571428572,174,
city_hotel,c7fb00b8-6205-5d73-95ad-5f774926f2cc,2017-06-17,28,2017-05-21T00:00:00+00:00,test,212,5,17,6,24,168,1,224,219.0,215.0,214.89285714285714,218,
resort_hotel,c31c4e41-2181-5ea7-875e-e62ec156c77b,2017-06-18,28,2017-05-22T00:00:00+00:00,test,170,6,18,6,24,169,1,176,179.0,175.5,172.46428571428572,163,
city_hotel,c7fb00b8-6205-5d73-95ad-5f774926f2cc,2017-06-18,28,2017-05-22T00:00:00+00:00,test,192,6,18,6,24,169,1,217,218.42857142857142,215.28571428571428,215.89285714285714,195,
resort_hotel,c31c4e41-2181-5ea7-875e-e62ec156c77b,2017-06-19,28,2017-05-23T00:00:00+00:00,test,178,0,19,6,25,170,0,182,180.14285714285714,177.21428571428572,173.32142857142858,171,
city_hotel,c7fb00b8-6205-5d73-95ad-5f774926f2cc,2017-06-19,28,2017-05-23T00:00:00+00:00,test,205,0,19,6,25,170,0,223,220.85714285714286,217.14285714285714,215.92857142857142,187,
resort_hotel,c31c4e41-2181-5ea7-875e-e62ec156c77b,2017-06-20,28,2017-05-24T00:00:00+00:00,test,178,1,20,6,25,171,0,178,179.57142857142858,177.14285714285714,173.5,174,
city_hotel,c7fb00b8-6205-5d73-95ad-5f774926f2cc,2017-06-20,28,2017-05-24T00:00:00+00:00,test,219,1,20,6,25,171,0,221,220.71428571428572,217.85714285714286,216.07142857142858,202,
resort_hotel,c31c4e41-2181-5ea7-875e-e62ec156c77b,2017-06-21,28,2017-05-25T00:00:00+00:00,test,180,2,21,6,25,172,0,179,179.0,177.85714285714286,173.42857142857142,173,
city_hotel,c7fb00b8-6205-5d73-95ad-5f774926f2cc,2017-06-21,28,2017-05-25T00:00:00+00:00,test,223,2,21,6,25,172,0,220,220.85714285714286,218.0,216.0,197,
resort_hotel,c31c4e41-2181-5ea7-875e-e62ec156c77b,2017-06-22,28,2017-05-26T00:00:00+00:00,test,181,3,22,6,25,173,0,180,178.57142857142858,178.28571428571428,173.78571428571428,168,
city_hotel,c7fb00b8-6205-5d73-95ad-5f774926f2cc,2017-06-22,28,2017-05-26T00:00:00+00:00,test,213,3,22,6,25,173,0,224,221.57142857142858,218.57142857142858,216.10714285714286,207,
resort_hotel,c31c4e41-2181-5ea7-875e-e62ec156c77b,2017-06-23,28,2017-05-27T00:00:00+00:00,test,180,4,23,6,25,174,0,179,178.28571428571428,178.28571428571428,173.64285714285714,161,
city_hotel,c7fb00b8-6205-5d73-95ad-5f774926f2cc,2017-06-23,28,2017-05-27T00:00:00+00:00,test,206,4,23,6,25,174,0,222,221.57142857142858,219.5,216.03571428571428,211,
resort_hotel,c31c4e41-2181-5ea7-875e-e62ec156c77b,2017-06-24,28,2017-05-28T00:00:00+00:00,test,183,5,24,6,25,175,1,174,178.28571428571428,178.21428571428572,173.32142857142858,164,
city_hotel,c7fb00b8-6205-5d73-95ad-5f774926f2cc,2017-06-24,28,2017-05-28T00:00:00+00:00,test,205,5,24,6,25,175,1,220,221.0,220.0,215.89285714285714,217,
resort_hotel,c31c4e41-2181-5ea7-875e-e62ec156c77b,2017-06-25,28,2017-05-29T00:00:00+00:00,test,172,6,25,6,25,176,1,172,177.71428571428572,178.35714285714286,172.92857142857142,159,
city_hotel,c7fb00b8-6205-5d73-95ad-5f774926f2cc,2017-06-25,28,2017-05-29T00:00:00+00:00,test,211,6,25,6,25,176,1,191,217.28571428571428,217.85714285714286,214.96428571428572,207,
resort_hotel,c31c4e41-2181-5ea7-875e-e62ec156c77b,2017-06-26,28,2017-05-30T00:00:00+00:00,test,182,0,26,6,26,177,0,180,177.42857142857142,178.78571428571428,173.21428571428572,181,
city_hotel,c7fb00b8-6205-5d73-95ad-5f774926f2cc,2017-06-26,28,2017-05-30T00:00:00+00:00,test,224,0,26,6,26,177,0,182,211.42857142857142,216.14285714285714,214.25,210,
resort_hotel,c31c4e41-2181-5ea7-875e-e62ec156c77b,2017-06-27,28,2017-05-31T00:00:00+00:00,test,181,1,27,6,26,178,0,180,177.71428571428572,178.64285714285714,174.03571428571428,180,
city_hotel,c7fb00b8-6205-5d73-95ad-5f774926f2cc,2017-06-27,28,2017-05-31T00:00:00+00:00,test,199,1,27,6,26,178,0,180,205.57142857142858,213.14285714285714,213.60714285714286,155,
resort_hotel,c31c4e41-2181-5ea7-875e-e62ec156c77b,2017-06-28,28,2017-06-01T00:00:00+00:00,test,174,2,28,6,26,179,0,179,177.71428571428572,178.35714285714286,174.10714285714286,173,
city_hotel,c7fb00b8-6205-5d73-95ad-5f774926f2cc,2017-06-28,28,2017-06-01T00:00:00+00:00,test,215,2,28,6,26,179,0,199,202.57142857142858,211.71428571428572,213.10714285714286,203,
resort_hotel,c31c4e41-2181-5ea7-875e-e62ec156c77b,2017-06-29,28,2017-06-02T00:00:00+00:00,test,180,3,29,6,26,180,0,164,175.42857142857142,177.0,173.64285714285714,168,
city_hotel,c7fb00b8-6205-5d73-95ad-5f774926f2cc,2017-06-29,28,2017-06-02T00:00:00+00:00,test,214,3,29,6,26,180,0,199,199.0,210.28571428571428,212.5,225,
resort_hotel,c31c4e41-2181-5ea7-875e-e62ec156c77b,2017-06-30,28,2017-06-03T00:00:00+00:00,test,175,4,30,6,26,181,0,173,174.57142857142858,176.42857142857142,173.71428571428572,161,
city_hotel,c7fb00b8-6205-5d73-95ad-5f774926f2cc,2017-06-30,28,2017-06-03T00:00:00+00:00,test,213,4,30,6,26,181,0,221,198.85714285714286,210.21428571428572,212.5,224,
resort_hotel,c31c4e41-2181-5ea7-875e-e62ec156c77b,2017-07-01,28,2017-06-04T00:00:00+00:00,test,176,5,1,7,26,182,1,173,174.42857142857142,176.35714285714286,174.39285714285714,164,
city_hotel,c7fb00b8-6205-5d73-95ad-5f774926f2cc,2017-07-01,28,2017-06-04T00:00:00+00:00,test,216,5,1,7,26,182,1,214,198.0,209.5,212.25,214,
resort_hotel,c31c4e41-2181-5ea7-875e-e62ec156c77b,2017-07-02,28,2017-06-05T00:00:00+00:00,test,170,6,2,7,26,183,1,169,174.0,175.85714285714286,175.67857142857142,166,
city_hotel,c7fb00b8-6205-5d73-95ad-5f774926f2cc,2017-07-02,28,2017-06-05T00:00:00+00:00,test,201,6,2,7,26,183,1,199,199.14285714285714,208.21428571428572,211.75,185,
resort_hotel,c31c4e41-2181-5ea7-875e-e62ec156c77b,2017-07-03,28,2017-06-06T00:00:00+00:00,test,172,0,3,7,27,184,0,163,171.57142857142858,174.5,175.85714285714286,169,
city_hotel,c7fb00b8-6205-5d73-95ad-5f774926f2cc,2017-07-03,28,2017-06-06T00:00:00+00:00,test,208,0,3,7,27,184,0,216,204.0,207.71428571428572,212.42857142857142,186,
resort_hotel,c31c4e41-2181-5ea7-875e-e62ec156c77b,2017-07-04,28,2017-06-07T00:00:00+00:00,test,182,1,4,7,27,185,0,175,170.85714285714286,174.28571428571428,175.71428571428572,182,
city_hotel,c7fb00b8-6205-5d73-95ad-5f774926f2cc,2017-07-04,28,2017-06-07T00:00:00+00:00,test,220,1,4,7,27,185,0,219,209.57142857142858,207.57142857142858,212.71428571428572,220,
resort_hotel,c31c4e41-2181-5ea7-875e-e62ec156c77b,2017-07-05,28,2017-06-08T00:00:00+00:00,test,184,2,5,7,27,186,0,166,169.0,173.35714285714286,175.60714285714286,175,
city_hotel,c7fb00b8-6205-5d73-95ad-5f774926f2cc,2017-07-05,28,2017-06-08T00:00:00+00:00,test,224,2,5,7,27,186,0,219,212.42857142857142,207.5,212.75,221,
resort_hotel,c31c4e41-2181-5ea7-875e-e62ec156c77b,2017-07-06,28,2017-06-09T00:00:00+00:00,test,183,3,6,7,27,187,0,165,169.14285714285714,172.28571428571428,175.28571428571428,173,
city_hotel,c7fb00b8-6205-5d73-95ad-5f774926f2cc,2017-07-06,28,2017-06-09T00:00:00+00:00,test,217,3,6,7,27,187,0,217,215.0,207.0,212.78571428571428,181,
resort_hotel,c31c4e41-2181-5ea7-875e-e62ec156c77b,2017-07-07,28,2017-06-10T00:00:00+00:00,test,183,4,7,7,27,188,0,164,167.85714285714286,171.21428571428572,174.75,169,
city_hotel,c7fb00b8-6205-5d73-95ad-5f774926f2cc,2017-07-07,28,2017-06-10T00:00:00+00:00,test,220,4,7,7,27,188,0,217,214.42857142857142,206.64285714285714,213.07142857142858,213,
resort_hotel,c31c4e41-2181-5ea7-875e-e62ec156c77b,2017-07-08,28,2017-06-11T00:00:00+00:00,test,184,5,8,7,27,189,1,178,168.57142857142858,171.5,174.85714285714286,162,
city_hotel,c7fb00b8-6205-5d73-95ad-5f774926f2cc,2017-07-08,28,2017-06-11T00:00:00+00:00,test,221,5,8,7,27,189,1,212,214.14285714285714,206.07142857142858,213.03571428571428,218,
resort_hotel,c31c4e41-2181-5ea7-875e-e62ec156c77b,2017-07-09,28,2017-06-12T00:00:00+00:00,test,181,6,9,7,27,190,1,175,169.42857142857142,171.71428571428572,175.03571428571428,168,
city_hotel,c7fb00b8-6205-5d73-95ad-5f774926f2cc,2017-07-09,28,2017-06-12T00:00:00+00:00,test,219,6,9,7,27,190,1,188,212.57142857142858,205.85714285714286,211.85714285714286,204,
resort_hotel,c31c4e41-2181-5ea7-875e-e62ec156c77b,2017-07-10,28,2017-06-13T00:00:00+00:00,test,182,0,10,7,28,191,0,172,170.71428571428572,171.14285714285714,174.96428571428572,170,
city_hotel,c7fb00b8-6205-5d73-95ad-5f774926f2cc,2017-07-10,28,2017-06-13T00:00:00+00:00,test,221,0,10,7,28,191,0,200,210.28571428571428,207.14285714285714,211.64285714285714,204,
resort_hotel,c31c4e41-2181-5ea7-875e-e62ec156c77b,2017-07-11,28,2017-06-14T00:00:00+00:00,test,184,1,11,7,28,192,0,175,170.71428571428572,170.78571428571428,174.71428571428572,160,
city_hotel,c7fb00b8-6205-5d73-95ad-5f774926f2cc,2017-07-11,28,2017-06-14T00:00:00+00:00,test,219,1,11,7,28,192,0,203,208.0,208.78571428571428,210.96428571428572,191,
resort_hotel,c31c4e41-2181-5ea7-875e-e62ec156c77b,2017-07-12,28,2017-06-15T00:00:00+00:00,test,182,2,12,7,28,193,0,176,172.14285714285714,170.57142857142858,174.46428571428572,165,
city_hotel,c7fb00b8-6205-5d73-95ad-5f774926f2cc,2017-07-12,28,2017-06-15T00:00:00+00:00,test,225,2,12,7,28,193,0,216,207.57142857142858,210.0,210.85714285714286,176,
resort_hotel,c31c4e41-2181-5ea7-875e-e62ec156c77b,2017-07-13,28,2017-06-16T00:00:00+00:00,test,184,3,13,7,28,194,0,180,174.28571428571428,171.71428571428572,174.35714285714286,156,
city_hotel,c7fb00b8-6205-5d73-95ad-5f774926f2cc,2017-07-13,28,2017-06-16T00:00:00+00:00,test,224,3,13,7,28,194,0,217,207.57142857142858,211.28571428571428,210.78571428571428,206,
resort_hotel,c31c4e41-2181-5ea7-875e-e62ec156c77b,2017-07-14,28,2017-06-17T00:00:00+00:00,test,179,4,14,7,28,195,0,179,176.42857142857142,172.14285714285714,174.28571428571428,151,
city_hotel,c7fb00b8-6205-5d73-95ad-5f774926f2cc,2017-07-14,28,2017-06-17T00:00:00+00:00,test,222,4,14,7,28,195,0,214,207.14285714285714,210.78571428571428,210.5,206,
resort_hotel,c31c4e41-2181-5ea7-875e-e62ec156c77b,2017-07-15,28,2017-06-18T00:00:00+00:00,test,177,5,15,7,28,196,1,183,177.14285714285714,172.85714285714286,174.60714285714286,144,
city_hotel,c7fb00b8-6205-5d73-95ad-5f774926f2cc,2017-07-15,28,2017-06-18T00:00:00+00:00,test,215,5,15,7,28,196,1,212,207.14285714285714,210.64285714285714,210.07142857142858,175,
resort_hotel,c31c4e41-2181-5ea7-875e-e62ec156c77b,2017-07-16,28,2017-06-19T00:00:00+00:00,test,165,6,16,7,28,197,1,170,176.42857142857142,172.92857142857142,174.39285714285714,149,
city_hotel,c7fb00b8-6205-5d73-95ad-5f774926f2cc,2017-07-16,28,2017-06-19T00:00:00+00:00,test,217,6,16,7,28,197,1,192,207.71428571428572,210.14285714285714,209.17857142857142,184,
resort_hotel,c31c4e41-2181-5ea7-875e-e62ec156c77b,2017-07-17,28,2017-06-20T00:00:00+00:00,test,178,0,17,7,29,198,0,178,177.28571428571428,174.0,174.25,161,
city_hotel,c7fb00b8-6205-5d73-95ad-5f774926f2cc,2017-07-17,28,2017-06-20T00:00:00+00:00,test,224,0,17,7,29,198,0,205,208.42857142857142,209.35714285714286,208.53571428571428,217,
resort_hotel,c31c4e41-2181-5ea7-875e-e62ec156c77b,2017-07-18,28,2017-06-21T00:00:00+00:00,test,181,1,18,7,29,199,0,178,177.71428571428572,174.21428571428572,174.25,168,
city_hotel,c7fb00b8-6205-5d73-95ad-5f774926f2cc,2017-07-18,28,2017-06-21T00:00:00+00:00,test,224,1,18,7,29,199,0,219,210.71428571428572,209.35714285714286,208.46428571428572,221,
resort_hotel,c31c4e41-2181-5ea7-875e-e62ec156c77b,2017-07-19,28,2017-06-22T00:00:00+00:00,test,178,2,19,7,29,200,0,180,178.28571428571428,175.21428571428572,174.28571428571428,161,
city_hotel,c7fb00b8-6205-5d73-95ad-5f774926f2cc,2017-07-19,28,2017-06-22T00:00:00+00:00,test,224,2,19,7,29,200,0,223,211.71428571428572,209.64285714285714,208.57142857142858,224,
resort_hotel,c31c4e41-2181-5ea7-875e-e62ec156c77b,2017-07-20,28,2017-06-23T00:00:00+00:00,test,176,3,20,7,29,201,0,181,178.42857142857142,176.35714285714286,174.32142857142858,161,
city_hotel,c7fb00b8-6205-5d73-95ad-5f774926f2cc,2017-07-20,28,2017-06-23T00:00:00+00:00,test,224,3,20,7,29,201,0,213,211.14285714285714,209.35714285714286,208.17857142857142,219,
resort_hotel,c31c4e41-2181-5ea7-875e-e62ec156c77b,2017-07-21,28,2017-06-24T00:00:00+00:00,test,178,4,21,7,29,202,0,180,178.57142857142858,177.5,174.35714285714286,161,
city_hotel,c7fb00b8-6205-5d73-95ad-5f774926f2cc,2017-07-21,28,2017-06-24T00:00:00+00:00,test,215,4,21,7,29,202,0,206,210.0,208.57142857142858,207.60714285714286,185,
resort_hotel,c31c4e41-2181-5ea7-875e-e62ec156c77b,2017-07-22,28,2017-06-25T00:00:00+00:00,test,177,5,22,7,29,203,1,183,178.57142857142858,177.85714285714286,174.67857142857142,160,
city_hotel,c7fb00b8-6205-5d73-95ad-5f774926f2cc,2017-07-22,28,2017-06-25T00:00:00+00:00,test,220,5,22,7,29,203,1,205,209.0,208.07142857142858,207.07142857142858,219,
resort_hotel,c31c4e41-2181-5ea7-875e-e62ec156c77b,2017-07-23,28,2017-06-26T00:00:00+00:00,test,172,6,23,7,29,204,1,172,178.85714285714286,177.64285714285714,174.67857142857142,160,
city_hotel,c7fb00b8-6205-5d73-95ad-5f774926f2cc,2017-07-23,28,2017-06-26T00:00:00+00:00,test,220,6,23,7,29,204,1,211,211.71428571428572,209.71428571428572,207.78571428571428,220,
resort_hotel,c31c4e41-2181-5ea7-875e-e62ec156c77b,2017-07-24,28,2017-06-27T00:00:00+00:00,test,185,0,24,7,30,205,0,182,179.42857142857142,178.35714285714286,174.75,170,
city_hotel,c7fb00b8-6205-5d73-95ad-5f774926f2cc,2017-07-24,28,2017-06-27T00:00:00+00:00,test,211,0,24,7,30,205,0,224,214.42857142857142,211.42857142857142,209.28571428571428,190,
resort_hotel,c31c4e41-2181-5ea7-875e-e62ec156c77b,2017-07-25,28,2017-06-28T00:00:00+00:00,test,183,1,25,7,30,206,0,181,179.85714285714286,178.78571428571428,174.78571428571428,166,
city_hotel,c7fb00b8-6205-5d73-95ad-5f774926f2cc,2017-07-25,28,2017-06-28T00:00:00+00:00,test,223,1,25,7,30,206,0,199,211.57142857142858,211.14285714285714,209.96428571428572,216,
resort_hotel,c31c4e41-2181-5ea7-875e-e62ec156c77b,2017-07-26,28,2017-06-29T00:00:00+00:00,test,178,2,26,7,30,207,0,174,179.0,178.64285714285714,174.60714285714286,163,
city_hotel,c7fb00b8-6205-5d73-95ad-5f774926f2cc,2017-07-26,28,2017-06-29T00:00:00+00:00,test,218,2,26,7,30,207,0,215,210.42857142857142,211.07142857142858,210.53571428571428,219,
resort_hotel,c31c4e41-2181-5ea7-875e-e62ec156c77b,2017-07-27,28,2017-06-30T00:00:00+00:00,test,178,3,27,7,30,208,0,180,178.85714285714286,178.64285714285714,175.17857142857142,161,
city_hotel,c7fb00b8-6205-5d73-95ad-5f774926f2cc,2017-07-27,28,2017-06-30T00:00:00+00:00,test,223,3,27,7,30,208,0,214,210.57142857142858,210.85714285714286,211.07142857142858,221,
resort_hotel,c31c4e41-2181-5ea7-875e-e62ec156c77b,2017-07-28,28,2017-07-01T00:00:00+00:00,test,182,4,28,7,30,209,0,175,178.14285714285714,178.35714285714286,175.25,157,
city_hotel,c7fb00b8-6205-5d73-95ad-5f774926f2cc,2017-07-28,28,2017-07-01T00:00:00+00:00,test,220,4,28,7,30,209,0,213,211.57142857142858,210.78571428571428,210.78571428571428,217,
resort_hotel,c31c4e41-2181-5ea7-875e-e62ec156c77b,2017-07-29,28,2017-07-02T00:00:00+00:00,test,177,5,29,7,30,210,1,176,177.14285714285714,177.85714285714286,175.35714285714286,144,
city_hotel,c7fb00b8-6205-5d73-95ad-5f774926f2cc,2017-07-29,28,2017-07-02T00:00:00+00:00,test,210,5,29,7,30,210,1,216,213.14285714285714,211.07142857142858,210.85714285714286,213,
resort_hotel,c31c4e41-2181-5ea7-875e-e62ec156c77b,2017-07-30,28,2017-07-03T00:00:00+00:00,test,177,6,30,7,30,211,1,170,176.85714285714286,177.85714285714286,175.39285714285714,156,
city_hotel,c7fb00b8-6205-5d73-95ad-5f774926f2cc,2017-07-30,28,2017-07-03T00:00:00+00:00,test,191,6,30,7,30,211,1,201,211.71428571428572,211.71428571428572,210.92857142857142,192,
resort_hotel,c31c4e41-2181-5ea7-875e-e62ec156c77b,2017-07-31,28,2017-07-04T00:00:00+00:00,test,166,0,31,7,31,212,0,172,175.42857142857142,177.42857142857142,175.71428571428572,150,
city_hotel,c7fb00b8-6205-5d73-95ad-5f774926f2cc,2017-07-31,28,2017-07-04T00:00:00+00:00,test,215,0,31,7,31,212,0,208,209.42857142857142,211.92857142857142,210.64285714285714,212,
resort_hotel,c31c4e41-2181-5ea7-875e-e62ec156c77b,2017-08-01,28,2017-07-05T00:00:00+00:00,test,184,1,1,8,31,213,0,182,175.57142857142858,177.71428571428572,175.96428571428572,171,
city_hotel,c7fb00b8-6205-5d73-95ad-5f774926f2cc,2017-08-01,28,2017-07-05T00:00:00+00:00,test,210,1,1,8,31,213,0,220,212.42857142857142,212.0,210.67857142857142,189,
resort_hotel,c31c4e41-2181-5ea7-875e-e62ec156c77b,2017-08-02,28,2017-07-06T00:00:00+00:00,test,185,2,2,8,31,214,0,184,177.0,178.0,176.60714285714286,178,
city_hotel,c7fb00b8-6205-5d73-95ad-5f774926f2cc,2017-08-02,28,2017-07-06T00:00:00+00:00,test,223,2,2,8,31,214,0,224,213.71428571428572,212.07142857142858,210.85714285714286,215,
resort_hotel,c31c4e41-2181-5ea7-875e-e62ec156c77b,2017-08-03,28,2017-07-07T00:00:00+00:00,test,178,3,3,8,31,215,0,183,177.42857142857142,178.14285714285714,177.25,174,
city_hotel,c7fb00b8-6205-5d73-95ad-5f774926f2cc,2017-08-03,28,2017-07-07T00:00:00+00:00,test,221,3,3,8,31,215,0,217,214.14285714285714,212.35714285714286,210.85714285714286,193,
resort_hotel,c31c4e41-2181-5ea7-875e-e62ec156c77b,2017-08-04,28,2017-07-08T00:00:00+00:00,test,183,4,4,8,31,216,0,183,178.57142857142858,178.35714285714286,177.92857142857142,169,
city_hotel,c7fb00b8-6205-5d73-95ad-5f774926f2cc,2017-08-04,28,2017-07-08T00:00:00+00:00,test,223,4,4,8,31,216,0,220,215.14285714285714,213.35714285714286,210.96428571428572,221,
resort_hotel,c31c4e41-2181-5ea7-875e-e62ec156c77b,2017-08-05,28,2017-07-09T00:00:00+00:00,test,181,5,5,8,31,217,1,184,179.71428571428572,178.42857142857142,178.14285714285714,156,
city_hotel,c7fb00b8-6205-5d73-95ad-5f774926f2cc,2017-08-05,28,2017-07-09T00:00:00+00:00,test,212,5,5,8,31,217,1,221,215.85714285714286,214.5,211.28571428571428,220,
resort_hotel,c31c4e41-2181-5ea7-875e-e62ec156c77b,2017-08-06,28,2017-07-10T00:00:00+00:00,test,178,6,6,8,31,218,1,181,181.28571428571428,179.07142857142858,178.35714285714286,150,
city_hotel,c7fb00b8-6205-5d73-95ad-5f774926f2cc,2017-08-06,28,2017-07-10T00:00:00+00:00,test,216,6,6,8,31,218,1,219,218.42857142857142,215.07142857142858,212.39285714285714,221,
resort_hotel,c31c4e41-2181-5ea7-875e-e62ec156c77b,2017-08-07,28,2017-07-11T00:00:00+00:00,test,184,0,7,8,32,219,0,182,182.71428571428572,179.07142857142858,178.71428571428572,174,
city_hotel,c7fb00b8-6205-5d73-95ad-5f774926f2cc,2017-08-07,28,2017-07-11T00:00:00+00:00,test,223,0,7,8,32,219,0,221,220.28571428571428,214.85714285714286,213.14285714285714,213,
resort_hotel,c31c4e41-2181-5ea7-875e-e62ec156c77b,2017-08-08,28,2017-07-12T00:00:00+00:00,test,184,1,8,8,32,220,0,184,183.0,179.28571428571428,179.03571428571428,175,
city_hotel,c7fb00b8-6205-5d73-95ad-5f774926f2cc,2017-08-08,28,2017-07-12T00:00:00+00:00,test,225,1,8,8,32,220,0,219,220.14285714285714,216.28571428571428,213.71428571428572,210,
resort_hotel,c31c4e41-2181-5ea7-875e-e62ec156c77b,2017-08-09,28,2017-07-13T00:00:00+00:00,test,183,2,9,8,32,221,0,182,182.71428571428572,179.85714285714286,179.25,187,
city_hotel,c7fb00b8-6205-5d73-95ad-5f774926f2cc,2017-08-09,28,2017-07-13T00:00:00+00:00,test,222,2,9,8,32,221,0,225,220.28571428571428,217.0,214.03571428571428,208,
resort_hotel,c31c4e41-2181-5ea7-875e-e62ec156c77b,2017-08-10,28,2017-07-14T00:00:00+00:00,test,178,3,10,8,32,222,0,184,182.85714285714286,180.14285714285714,179.39285714285714,179,
city_hotel,c7fb00b8-6205-5d73-95ad-5f774926f2cc,2017-08-10,28,2017-07-14T00:00:00+00:00,test,222,3,10,8,32,222,0,224,221.28571428571428,217.71428571428572,214.28571428571428,219,
resort_hotel,c31c4e41-2181-5ea7-875e-e62ec156c77b,2017-08-11,28,2017-07-15T00:00:00+00:00,test,183,4,11,8,32,223,0,179,182.28571428571428,180.42857142857142,179.39285714285714,184,
city_hotel,c7fb00b8-6205-5d73-95ad-5f774926f2cc,2017-08-11,28,2017-07-15T00:00:00+00:00,test,222,4,11,8,32,223,0,222,221.57142857142858,218.35714285714286,214.57142857142858,212,
resort_hotel,c31c4e41-2181-5ea7-875e-e62ec156c77b,2017-08-12,28,2017-07-16T00:00:00+00:00,test,184,5,12,8,32,224,1,177,181.28571428571428,180.5,179.17857142857142,185,
city_hotel,c7fb00b8-6205-5d73-95ad-5f774926f2cc,2017-08-12,28,2017-07-16T00:00:00+00:00,test,225,5,12,8,32,224,1,215,220.71428571428572,218.28571428571428,214.67857142857142,216,
resort_hotel,c31c4e41-2181-5ea7-875e-e62ec156c77b,2017-08-13,28,2017-07-17T00:00:00+00:00,test,177,6,13,8,32,225,1,165,179.0,180.14285714285714,179.0,174,
city_hotel,c7fb00b8-6205-5d73-95ad-5f774926f2cc,2017-08-13,28,2017-07-17T00:00:00+00:00,test,208,6,13,8,32,225,1,217,220.42857142857142,219.42857142857142,215.57142857142858,207,
resort_hotel,c31c4e41-2181-5ea7-875e-e62ec156c77b,2017-08-14,28,2017-07-18T00:00:00+00:00,test,184,0,14,8,33,226,0,178,178.42857142857142,180.57142857142858,179.0,182,
city_hotel,c7fb00b8-6205-5d73-95ad-5f774926f2cc,2017-08-14,28,2017-07-18T00:00:00+00:00,test,223,0,14,8,33,226,0,224,220.85714285714286,220.57142857142858,216.25,217,
resort_hotel,c31c4e41-2181-5ea7-875e-e62ec156c77b,2017-08-15,28,2017-07-19T00:00:00+00:00,test,179,1,15,8,33,227,0,181,178.0,180.5,179.10714285714286,166,
city_hotel,c7fb00b8-6205-5d73-95ad-5f774926f2cc,2017-08-15,28,2017-07-19T00:00:00+00:00,test,218,1,15,8,33,227,0,224,221.57142857142858,220.85714285714286,216.42857142857142,223,
resort_hotel,c31c4e41-2181-5ea7-875e-e62ec156c77b,2017-08-16,28,2017-07-20T00:00:00+00:00,test,184,2,16,8,33,228,0,178,177.42857142857142,180.07142857142858,179.03571428571428,181,
city_hotel,c7fb00b8-6205-5d73-95ad-5f774926f2cc,2017-08-16,28,2017-07-20T00:00:00+00:00,test,220,2,16,8,33,228,0,224,221.42857142857142,220.85714285714286,216.46428571428572,218,
resort_hotel,c31c4e41-2181-5ea7-875e-e62ec156c77b,2017-08-17,28,2017-07-21T00:00:00+00:00,test,182,3,17,8,33,229,0,176,176.28571428571428,179.57142857142858,178.85714285714286,169,
city_hotel,c7fb00b8-6205-5d73-95ad-5f774926f2cc,2017-08-17,28,2017-07-21T00:00:00+00:00,test,221,3,17,8,33,229,0,224,221.42857142857142,221.35714285714286,216.85714285714286,219,
resort_hotel,c31c4e41-2181-5ea7-875e-e62ec156c77b,2017-08-18,28,2017-07-22T00:00:00+00:00,test,184,4,18,8,33,230,0,178,176.14285714285714,179.21428571428572,178.78571428571428,171,
city_hotel,c7fb00b8-6205-5d73-95ad-5f774926f2cc,2017-08-18,28,2017-07-22T00:00:00+00:00,test,222,4,18,8,33,230,0,215,220.42857142857142,221.0,217.17857142857142,219,
resort_hotel,c31c4e41-2181-5ea7-875e-e62ec156c77b,2017-08-19,28,2017-07-23T00:00:00+00:00,test,184,5,19,8,33,231,1,177,176.14285714285714,178.71428571428572,178.57142857142858,170,
city_hotel,c7fb00b8-6205-5d73-95ad-5f774926f2cc,2017-08-19,28,2017-07-23T00:00:00+00:00,test,217,5,19,8,33,231,1,220,221.14285714285714,220.92857142857142,217.71428571428572,201,
resort_hotel,c31c4e41-2181-5ea7-875e-e62ec156c77b,2017-08-20,28,2017-07-24T00:00:00+00:00,test,180,6,20,8,33,232,1,172,177.14285714285714,178.07142857142858,178.57142857142858,166,
city_hotel,c7fb00b8-6205-5d73-95ad-5f774926f2cc,2017-08-20,28,2017-07-24T00:00:00+00:00,test,220,6,20,8,33,232,1,220,221.57142857142858,221.0,218.03571428571428,210,
resort_hotel,c31c4e41-2181-5ea7-875e-e62ec156c77b,2017-08-21,28,2017-07-25T00:00:00+00:00,test,184,0,21,8,34,233,0,185,178.14285714285714,178.28571428571428,178.67857142857142,171,
city_hotel,c7fb00b8-6205-5d73-95ad-5f774926f2cc,2017-08-21,28,2017-07-25T00:00:00+00:00,test,222,0,21,8,34,233,0,211,219.71428571428572,220.28571428571428,217.57142857142858,219,
resort_hotel,c31c4e41-2181-5ea7-875e-e62ec156c77b,2017-08-22,28,2017-07-26T00:00:00+00:00,test,184,1,22,8,34,234,0,183,178.42857142857142,178.21428571428572,178.75,166,
city_hotel,c7fb00b8-6205-5d73-95ad-5f774926f2cc,2017-08-22,28,2017-07-26T00:00:00+00:00,test,222,1,22,8,34,234,0,223,219.57142857142858,220.57142857142858,218.42857142857142,213,
resort_hotel,c31c4e41-2181-5ea7-875e-e62ec156c77b,2017-08-23,28,2017-07-27T00:00:00+00:00,test,183,2,23,8,34,235,0,178,178.42857142857142,177.92857142857142,178.89285714285714,168,
city_hotel,c7fb00b8-6205-5d73-95ad-5f774926f2cc,2017-08-23,28,2017-07-27T00:00:00+00:00,test,223,2,23,8,34,235,0,218,218.71428571428572,220.07142857142858,218.53571428571428,214,
resort_hotel,c31c4e41-2181-5ea7-875e-e62ec156c77b,2017-08-24,28,2017-07-28T00:00:00+00:00,test,182,3,24,8,34,236,0,178,178.71428571428572,177.5,178.82142857142858,170,
city_hotel,c7fb00b8-6205-5d73-95ad-5f774926f2cc,2017-08-24,28,2017-07-28T00:00:00+00:00,test,222,3,24,8,34,236,0,223,218.57142857142858,220.0,218.85714285714286,190,
resort_hotel,c31c4e41-2181-5ea7-875e-e62ec156c77b,2017-08-25,28,2017-07-29T00:00:00+00:00,test,182,4,25,8,34,237,0,182,179.28571428571428,177.71428571428572,179.07142857142858,156,
city_hotel,c7fb00b8-6205-5d73-95ad-5f774926f2cc,2017-08-25,28,2017-07-29T00:00:00+00:00,test,221,4,25,8,34,237,0,220,219.28571428571428,219.85714285714286,219.10714285714286,211,
resort_hotel,c31c4e41-2181-5ea7-875e-e62ec156c77b,2017-08-26,28,2017-07-30T00:00:00+00:00,test,180,5,26,8,34,238,1,177,179.28571428571428,177.71428571428572,179.10714285714286,154,
city_hotel,c7fb00b8-6205-5d73-95ad-5f774926f2cc,2017-08-26,28,2017-07-30T00:00:00+00:00,test,223,5,26,8,34,238,1,210,217.85714285714286,219.5,218.89285714285714,216,
resort_hotel,c31c4e41-2181-5ea7-875e-e62ec156c77b,2017-08-27,28,2017-07-31T00:00:00+00:00,test,179,6,27,8,34,239,1,177,180.0,178.57142857142858,179.35714285714286,160,
city_hotel,c7fb00b8-6205-5d73-95ad-5f774926f2cc,2017-08-27,28,2017-07-31T00:00:00+00:00,test,193,6,27,8,34,239,1,191,213.71428571428572,217.64285714285714,218.53571428571428,168,
resort_hotel,c31c4e41-2181-5ea7-875e-e62ec156c77b,2017-08-28,28,2017-08-01T00:00:00+00:00,test,174,0,28,8,35,240,0,166,177.28571428571428,177.71428571428572,179.14285714285714,165,
city_hotel,c7fb00b8-6205-5d73-95ad-5f774926f2cc,2017-08-28,28,2017-08-01T00:00:00+00:00,test,213,0,28,8,35,240,0,215,214.28571428571428,217.0,218.78571428571428,207,
resort_hotel,c31c4e41-2181-5ea7-875e-e62ec156c77b,2017-08-29,28,2017-08-02T00:00:00+00:00,test,173,1,29,8,35,241,0,184,177.42857142857142,177.92857142857142,179.21428571428572,169,
city_hotel,c7fb00b8-6205-5d73-95ad-5f774926f2cc,2017-08-29,28,2017-08-02T00:00:00+00:00,test,212,1,29,8,35,241,0,210,212.42857142857142,216.0,218.42857142857142,209,
resort_hotel,c31c4e41-2181-5ea7-875e-e62ec156c77b,2017-08-30,28,2017-08-03T00:00:00+00:00,test,174,2,30,8,35,242,0,185,178.42857142857142,178.42857142857142,179.25,159,
city_hotel,c7fb00b8-6205-5d73-95ad-5f774926f2cc,2017-08-30,28,2017-08-03T00:00:00+00:00,test,202,2,30,8,35,242,0,223,213.14285714285714,215.92857142857142,218.39285714285714,195,
resort_hotel,c31c4e41-2181-5ea7-875e-e62ec156c77b,2017-08-31,28,2017-08-04T00:00:00+00:00,test,170,3,31,8,35,243,0,178,178.42857142857142,178.57142857142858,179.07142857142858,148,
city_hotel,c7fb00b8-6205-5d73-95ad-5f774926f2cc,2017-08-31,28,2017-08-04T00:00:00+00:00,test,223,3,31,8,35,243,0,221,212.85714285714286,215.71428571428572,218.53571428571428,214,
