hotel_key,hotel_public_id,target_date,horizon_days,prediction_cutoff,partition,target_room_nights,day_of_week,day_of_month,month,week_of_year,day_of_year,is_weekend,demand_lag_14,demand_lag_28,demand_rolling_mean_7,demand_rolling_mean_14,demand_rolling_mean_28,on_books_room_nights_at_cutoff,rooms_existing_at_cutoff
city_hotel,c7fb00b8-6205-5d73-95ad-5f774926f2cc,2015-08-26,14,2015-08-13T00:00:00+00:00,train,132,2,26,8,35,238,0,,,,,,73,
city_hotel,c7fb00b8-6205-5d73-95ad-5f774926f2cc,2015-08-27,14,2015-08-14T00:00:00+00:00,train,113,3,27,8,35,239,0,,,,,,75,
city_hotel,c7fb00b8-6205-5d73-95ad-5f774926f2cc,2015-08-28,14,2015-08-15T00:00:00+00:00,train,82,4,28,8,35,240,0,,,,,,43,
city_hotel,c7fb00b8-6205-5d73-95ad-5f774926f2cc,2015-08-29,14,2015-08-16T00:00:00+00:00,train,81,5,29,8,35,241,1,,,,,,54,
city_hotel,c7fb00b8-6205-5d73-95ad-5f774926f2cc,2015-08-30,14,2015-08-17T00:00:00+00:00,train,63,6,30,8,35,242,1,,,,,,47,
city_hotel,c7fb00b8-6205-5d73-95ad-5f774926f2cc,2015-08-31,14,2015-08-18T00:00:00+00:00,train,99,0,31,8,36,243,0,,,,,,66,
city_hotel,c7fb00b8-6205-5d73-95ad-5f774926f2cc,2015-09-01,14,2015-08-19T00:00:00+00:00,train,97,1,1,9,36,244,0,,,,,,50,
city_hotel,c7fb00b8-6205-5d73-95ad-5f774926f2cc,2015-09-02,14,2015-08-20T00:00:00+00:00,train,127,2,2,9,36,245,0,,,,,,72,
city_hotel,c7fb00b8-6205-5d73-95ad-5f774926f2cc,2015-09-03,14,2015-08-21T00:00:00+00:00,train,130,3,3,9,36,246,0,,,,,,70,
city_hotel,c7fb00b8-6205-5d73-95ad-5f774926f2cc,2015-09-04,14,2015-08-22T00:00:00+00:00,train,207,4,4,9,36,247,0,,,,,,161,
city_hotel,c7fb00b8-6205-5d73-95ad-5f774926f2cc,2015-09-05,14,2015-08-23T00:00:00+00:00,train,199,5,5,9,36,248,1,,,,,,164,
city_hotel,c7fb00b8-6205-5d73-95ad-5f774926f2cc,2015-09-06,14,2015-08-24T00:00:00+00:00,train,217,6,6,9,36,249,1,,,,,,210,
resort_hotel,c31c4e41-2181-5ea7-875e-e62ec156c77b,2015-09-07,14,2015-08-25T00:00:00+00:00,train,181,0,7,9,37,250,0,,,,,,181,
city_hotel,c7fb00b8-6205-5d73-95ad-5f774926f2cc,2015-09-07,14,2015-08-25T00:00:00+00:00,train,212,0,7,9,37,250,0,,,,,,168,
resort_hotel,c31c4e41-2181-5ea7-875e-e62ec156c77b,2015-09-08,14,2015-08-26T00:00:00+00:00,train,183,1,8,9,37,251,0,,,,,,181,
city_hotel,c7fb00b8-6205-5d73-95ad-5f774926f2cc,2015-09-08,14,2015-08-26T00:00:00+00:00,train,165,1,8,9,37,251,0,,,,,,93,
resort_hotel,c31c4e41-2181-5ea7-875e-e62ec156c77b,2015-09-09,14,2015-08-27T00:00:00+00:00,train,179,2,9,9,37,252,0,,,,,,169,
city_hotel,c7fb00b8-6205-5d73-95ad-5f774926f2cc,2015-09-09,14,2015-08-27T00:00:00+00:00,train,199,2,9,9,37,252,0,132,,,,,134,
resort_hotel,c31c4e41-2181-5ea7-875e-e62ec156c77b,2015-09-10,14,2015-08-28T00:00:00+00:00,train,183,3,10,9,37,253,0,,,,,,180,
city_hotel,c7fb00b8-6205-5d73-95ad-5f774926f2cc,2015-09-10,14,2015-08-28T00:00:00+00:00,train,187,3,10,9,37,253,0,113,,,,,134,
resort_hotel,c31c4e41-2181-5ea7-875e-e62ec156c77b,2015-09-11,14,2015-08-29T00:00:00+00:00,train,182,4,11,9,37,254,0,,,,,,166,
city_hotel,c7fb00b8-6205-5d73-95ad-5f774926f2cc,2015-09-11,14,2015-08-29T00:00:00+00:00,train,187,4,11,9,37,254,0,82,,,,,161,
resort_hotel,c31c4e41-2181-5ea7-875e-e62ec156c77b,2015-09-12,14,2015-08-30T00:00:00+00:00,train,185,5,12,9,37,255,1,,,,,,181,
city_hotel,c7fb00b8-6205-5d73-95ad-5f774926f2cc,2015-09-12,14,2015-08-30T00:00:00+00:00,train,194,5,12,9,37,255,1,81,,,,,180,
resort_hotel,c31c4e41-2181-5ea7-875e-e62ec156c77b,2015-09-13,14,2015-08-31T00:00:00+00:00,train,174,6,13,9,37,256,1,,,,,,168,
city_hotel,c7fb00b8-6205-5d73-95ad-5f774926f2cc,2015-09-13,14,2015-08-31T00:00:00+00:00,train,129,6,13,9,37,256,1,63,,,,,112,
resort_hotel,c31c4e41-2181-5ea7-875e-e62ec156c77b,2015-09-14,14,2015-09-01T00:00:00+00:00,train,184,0,14,9,38,257,0,,,,,,180,
city_hotel,c7fb00b8-6205-5d73-95ad-5f774926f2cc,2015-09-14,14,2015-09-01T00:00:00+00:00,train,171,0,14,9,38,257,0,99,,,,,143,
resort_hotel,c31c4e41-2181-5ea7-875e-e62ec156c77b,2015-09-15,14,2015-09-02T00:00:00+00:00,train,184,1,15,9,38,258,0,,,,,,180,
city_hotel,c7fb00b8-6205-5d73-95ad-5f774926f2cc,2015-09-15,14,2015-09-02T00:00:00+00:00,train,195,1,15,9,38,258,0,97,,95.28571428571429,,,156,
resort_hotel,c31c4e41-2181-5ea7-875e-e62ec156c77b,2015-09-16,14,2015-09-03T00:00:00+00:00,train,174,2,16,9,38,259,0,,,,,,147,
city_hotel,c7fb00b8-6205-5d73-95ad-5f774926f2cc,2015-09-16,14,2015-09-03T00:00:00+00:00,train,210,2,16,9,38,259,0,127,,94.57142857142857,,,181,
resort_hotel,c31c4e41-2181-5ea7-875e-e62ec156c77b,2015-09-17,14,2015-09-04T00:00:00+00:00,train,184,3,17,9,38,260,0,,,,,,175,
city_hotel,c7fb00b8-6205-5d73-95ad-5f774926f2cc,2015-09-17,14,2015-09-04T00:00:00+00:00,train,216,3,17,9,38,260,0,130,,97.0,,,195,
resort_hotel,c31c4e41-2181-5ea7-875e-e62ec156c77b,2015-09-18,14,2015-09-05T00:00:00+00:00,train,181,4,18,9,38,261,0,,,,,,175,
city_hotel,c7fb00b8-6205-5d73-95ad-5f774926f2cc,2015-09-18,14,2015-09-05T00:00:00+00:00,train,220,4,18,9,38,261,0,207,,114.85714285714286,,,220,
resort_hotel,c31c4e41-2181-5ea7-875e-e62ec156c77b,2015-09-19,14,2015-09-06T00:00:00+00:00,train,183,5,19,9,38,262,1,,,,,,180,
city_hotel,c7fb00b8-6205-5d73-95ad-5f774926f2cc,2015-09-19,14,2015-09-06T00:00:00+00:00,train,218,5,19,9,38,262,1,199,,131.71428571428572,,,202,
resort_hotel,c31c4e41-2181-5ea7-875e-e62ec156c77b,2015-09-20,14,2015-09-07T00:00:00+00:00,train,179,6,20,9,38,263,1,,,,,,179,
city_hotel,c7fb00b8-6205-5d73-95ad-5f774926f2cc,2015-09-20,14,2015-09-07T00:00:00+00:00,train,174,6,20,9,38,263,1,217,,153.71428571428572,,,121,
resort_hotel,c31c4e41-2181-5ea7-875e-e62ec156c77b,2015-09-21,14,2015-09-08T00:00:00+00:00,train,183,0,21,9,39,264,0,181,,,,,184,
city_hotel,c7fb00b8-6205-5d73-95ad-5f774926f2cc,2015-09-21,14,2015-09-08T00:00:00+00:00,train,211,0,21,9,39,264,0,212,,169.85714285714286,,,146,
resort_hotel,c31c4e41-2181-5ea7-875e-e62ec156c77b,2015-09-22,14,2015-09-09T00:00:00+00:00,train,183,1,22,9,39,265,0,183,,,,,182,
city_hotel,c7fb00b8-6205-5d73-95ad-5f774926f2cc,2015-09-22,14,2015-09-09T00:00:00+00:00,train,219,1,22,9,39,265,0,165,,179.57142857142858,137.42857142857142,,134,
resort_hotel,c31c4e41-2181-5ea7-875e-e62ec156c77b,2015-09-23,14,2015-09-10T00:00:00+00:00,train,180,2,23,9,39,266,0,179,,,,,178,
city_hotel,c7fb00b8-6205-5d73-95ad-5f774926f2cc,2015-09-23,14,2015-09-10T00:00:00+00:00,train,209,2,23,9,39,266,0,199,132,189.85714285714286,142.21428571428572,,123,
resort_hotel,c31c4e41-2181-5ea7-875e-e62ec156c77b,2015-09-24,14,2015-09-11T00:00:00+00:00,train,182,3,24,9,39,267,0,183,,,,,179,
city_hotel,c7fb00b8-6205-5d73-95ad-5f774926f2cc,2015-09-24,14,2015-09-11T00:00:00+00:00,train,197,3,24,9,39,267,0,187,113,198.0,147.5,,146,
resort_hotel,c31c4e41-2181-5ea7-875e-e62ec156c77b,2015-09-25,14,2015-09-12T00:00:00+00:00,train,174,4,25,9,39,268,0,182,,,,,162,
city_hotel,c7fb00b8-6205-5d73-95ad-5f774926f2cc,2015-09-25,14,2015-09-12T00:00:00+00:00,train,216,4,25,9,39,268,0,187,82,195.14285714285714,155.0,,200,
resort_hotel,c31c4e41-2181-5ea7-875e-e62ec156c77b,2015-09-26,14,2015-09-13T00:00:00+00:00,train,183,5,26,9,39,269,1,185,,,,,174,
city_hotel,c7fb00b8-6205-5d73-95ad-5f774926f2cc,2015-09-26,14,2015-09-13T00:00:00+00:00,train,188,5,26,9,39,269,1,194,81,194.42857142857142,163.07142857142858,,169,
resort_hotel,c31c4e41-2181-5ea7-875e-e62ec156c77b,2015-09-27,14,2015-09-14T00:00:00+00:00,train,183,6,27,9,39,270,1,174,,181.0,,,176,
city_hotel,c7fb00b8-6205-5d73-95ad-5f774926f2cc,2015-09-27,14,2015-09-14T00:00:00+00:00,train,194,6,27,9,39,270,1,129,63,181.85714285714286,167.78571428571428,,175,
resort_hotel,c31c4e41-2181-5ea7-875e-e62ec156c77b,2015-09-28,14,2015-09-15T00:00:00+00:00,train,180,0,28,9,40,271,0,184,,181.42857142857142,,,169,
city_hotel,c7fb00b8-6205-5d73-95ad-5f774926f2cc,2015-09-28,14,2015-09-15T00:00:00+00:00,train,197,0,28,9,40,271,0,171,99,176.0,172.92857142857142,,172,
resort_hotel,c31c4e41-2181-5ea7-875e-e62ec156c77b,2015-09-29,14,2015-09-16T00:00:00+00:00,train,183,1,29,9,40,272,0,184,,181.57142857142858,,,176,
city_hotel,c7fb00b8-6205-5d73-95ad-5f774926f2cc,2015-09-29,14,2015-09-16T00:00:00+00:00,train,164,1,29,9,40,272,0,195,97,180.28571428571428,179.92857142857142,,135,
resort_hotel,c31c4e41-2181-5ea7-875e-e62ec156c77b,2015-09-30,14,2015-09-17T00:00:00+00:00,train,184,2,30,9,40,273,0,174,,180.85714285714286,,,182,
city_hotel,c7fb00b8-6205-5d73-95ad-5f774926f2cc,2015-09-30,14,2015-09-17T00:00:00+00:00,train,113,2,30,9,40,273,0,210,127,181.85714285714286,185.85714285714286,,102,
resort_hotel,c31c4e41-2181-5ea7-875e-e62ec156c77b,2015-10-01,14,2015-09-18T00:00:00+00:00,train,182,3,1,10,40,274,0,184,,181.0,,,176,
city_hotel,c7fb00b8-6205-5d73-95ad-5f774926f2cc,2015-10-01,14,2015-09-18T00:00:00+00:00,train,92,3,1,10,40,274,0,216,130,186.0,192.0,,81,
resort_hotel,c31c4e41-2181-5ea7-875e-e62ec156c77b,2015-10-02,14,2015-09-19T00:00:00+00:00,train,183,4,2,10,40,275,0,181,,180.85714285714286,,,184,
city_hotel,c7fb00b8-6205-5d73-95ad-5f774926f2cc,2015-10-02,14,2015-09-19T00:00:00+00:00,train,211,4,2,10,40,275,0,220,207,190.71428571428572,192.92857142857142,,191,
resort_hotel,c31c4e41-2181-5ea7-875e-e62ec156c77b,2015-10-03,14,2015-09-20T00:00:00+00:00,train,178,5,3,10,40,276,1,183,,180.57142857142858,,,172,
city_hotel,c7fb00b8-6205-5d73-95ad-5f774926f2cc,2015-10-03,14,2015-09-20T00:00:00+00:00,train,200,5,3,10,40,276,1,218,199,194.14285714285714,194.28571428571428,,196,
resort_hotel,c31c4e41-2181-5ea7-875e-e62ec156c77b,2015-10-04,14,2015-09-21T00:00:00+00:00,train,175,6,4,10,40,277,1,179,,181.28571428571428,181.14285714285714,,163,
city_hotel,c7fb00b8-6205-5d73-95ad-5f774926f2cc,2015-10-04,14,2015-09-21T00:00:00+00:00,train,161,6,4,10,40,277,1,174,217,200.57142857142858,191.21428571428572,,141,
resort_hotel,c31c4e41-2181-5ea7-875e-e62ec156c77b,2015-10-05,14,2015-09-22T00:00:00+00:00,train,179,0,5,10,41,278,0,183,181,181.14285714285714,181.28571428571428,,176,
city_hotel,c7fb00b8-6205-5d73-95ad-5f774926f2cc,2015-10-05,14,2015-09-22T00:00:00+00:00,train,174,0,5,10,41,278,0,211,212,206.28571428571428,191.14285714285714,,159,
resort_hotel,c31c4e41-2181-5ea7-875e-e62ec156c77b,2015-10-06,14,2015-09-23T00:00:00+00:00,train,185,1,6,10,41,279,0,183,183,181.0,181.28571428571428,,182,
city_hotel,c7fb00b8-6205-5d73-95ad-5f774926f2cc,2015-10-06,14,2015-09-23T00:00:00+00:00,train,180,1,6,10,41,279,0,219,165,209.71428571428572,195.0,166.21428571428572,160,
resort_hotel,c31c4e41-2181-5ea7-875e-e62ec156c77b,2015-10-07,14,2015-09-24T00:00:00+00:00,train,182,2,7,10,41,280,0,180,179,181.85714285714286,181.35714285714286,,171,
city_hotel,c7fb00b8-6205-5d73-95ad-5f774926f2cc,2015-10-07,14,2015-09-24T00:00:00+00:00,train,222,2,7,10,41,280,0,209,199,209.57142857142858,195.71428571428572,168.96428571428572,181,
resort_hotel,c31c4e41-2181-5ea7-875e-e62ec156c77b,2015-10-08,14,2015-09-25T00:00:00+00:00,train,182,3,8,10,41,281,0,182,183,181.57142857142858,181.28571428571428,,173,
city_hotel,c7fb00b8-6205-5d73-95ad-5f774926f2cc,2015-10-08,14,2015-09-25T00:00:00+00:00,train,223,3,8,10,41,281,0,197,187,206.85714285714286,196.42857142857142,171.96428571428572,200,
resort_hotel,c31c4e41-2181-5ea7-875e-e62ec156c77b,2015-10-09,14,2015-09-26T00:00:00+00:00,train,167,4,9,10,41,282,0,174,182,180.57142857142858,180.71428571428572,,154,
city_hotel,c7fb00b8-6205-5d73-95ad-5f774926f2cc,2015-10-09,14,2015-09-26T00:00:00+00:00,train,205,4,9,10,41,282,0,216,187,206.28571428571428,198.5,176.75,183,
resort_hotel,c31c4e41-2181-5ea7-875e-e62ec156c77b,2015-10-10,14,2015-09-27T00:00:00+00:00,train,183,5,10,10,41,283,1,183,185,180.57142857142858,180.57142857142858,,156,
city_hotel,c7fb00b8-6205-5d73-95ad-5f774926f2cc,2015-10-10,14,2015-09-27T00:00:00+00:00,train,222,5,10,10,41,283,1,188,194,202.0,198.07142857142858,180.57142857142858,206,
resort_hotel,c31c4e41-2181-5ea7-875e-e62ec156c77b,2015-10-11,14,2015-09-28T00:00:00+00:00,train,168,6,11,10,41,284,1,183,174,181.14285714285714,181.21428571428572,,126,
city_hotel,c7fb00b8-6205-5d73-95ad-5f774926f2cc,2015-10-11,14,2015-09-28T00:00:00+00:00,train,173,6,11,10,41,284,1,194,129,204.85714285714286,202.71428571428572,185.25,144,
resort_hotel,c31c4e41-2181-5ea7-875e-e62ec156c77b,2015-10-12,14,2015-09-29T00:00:00+00:00,train,155,0,12,10,42,285,0,180,184,180.71428571428572,180.92857142857142,,125,
city_hotel,c7fb00b8-6205-5d73-95ad-5f774926f2cc,2015-10-12,14,2015-09-29T00:00:00+00:00,train,175,0,12,10,42,285,0,197,171,202.85714285714286,204.57142857142858,188.75,116,
resort_hotel,c31c4e41-2181-5ea7-875e-e62ec156c77b,2015-10-13,14,2015-09-30T00:00:00+00:00,train,131,1,13,10,42,286,0,183,184,180.71428571428572,180.85714285714286,,101,
city_hotel,c7fb00b8-6205-5d73-95ad-5f774926f2cc,2015-10-13,14,2015-09-30T00:00:00+00:00,train,156,1,13,10,42,286,0,164,195,195.0,202.35714285714286,191.14285714285714,109,
resort_hotel,c31c4e41-2181-5ea7-875e-e62ec156c77b,2015-10-14,14,2015-10-01T00:00:00+00:00,train,134,2,14,10,42,287,0,184,174,181.28571428571428,181.57142857142858,,110,
city_hotel,c7fb00b8-6205-5d73-95ad-5f774926f2cc,2015-10-14,14,2015-10-01T00:00:00+00:00,train,133,2,14,10,42,287,0,113,210,181.28571428571428,195.42857142857142,190.64285714285714,114,
resort_hotel,c31c4e41-2181-5ea7-875e-e62ec156c77b,2015-10-15,14,2015-10-02T00:00:00+00:00,train,180,3,15,10,42,288,0,182,184,181.28571428571428,181.42857142857142,,175,
city_hotel,c7fb00b8-6205-5d73-95ad-5f774926f2cc,2015-10-15,14,2015-10-02T00:00:00+00:00,train,190,3,15,10,42,288,0,92,216,166.28571428571428,186.57142857142858,189.28571428571428,195,
resort_hotel,c31c4e41-2181-5ea7-875e-e62ec156c77b,2015-10-16,14,2015-10-03T00:00:00+00:00,train,178,4,16,10,42,289,0,183,181,182.57142857142858,181.57142857142858,,156,
city_hotel,c7fb00b8-6205-5d73-95ad-5f774926f2cc,2015-10-16,14,2015-10-03T00:00:00+00:00,train,216,4,16,10,42,289,0,211,220,165.57142857142858,185.92857142857142,189.42857142857142,216,
resort_hotel,c31c4e41-2181-5ea7-875e-e62ec156c77b,2015-10-17,14,2015-10-04T00:00:00+00:00,train,179,5,17,10,42,290,1,178,183,181.85714285714286,181.21428571428572,,162,
city_hotel,c7fb00b8-6205-5d73-95ad-5f774926f2cc,2015-10-17,14,2015-10-04T00:00:00+00:00,train,217,5,17,10,42,290,1,200,218,167.28571428571428,184.64285714285714,189.46428571428572,225,
resort_hotel,c31c4e41-2181-5ea7-875e-e62ec156c77b,2015-10-18,14,2015-10-05T00:00:00+00:00,train,181,6,18,10,42,291,1,175,179,180.71428571428572,180.92857142857142,181.03571428571428,165,
city_hotel,c7fb00b8-6205-5d73-95ad-5f774926f2cc,2015-10-18,14,2015-10-05T00:00:00+00:00,train,155,6,18,10,42,291,1,161,174,162.57142857142858,183.71428571428572,187.46428571428572,132,
resort_hotel,c31c4e41-2181-5ea7-875e-e62ec156c77b,2015-10-19,14,2015-10-06T00:00:00+00:00,train,152,0,19,10,43,292,0,179,183,180.57142857142858,180.64285714285714,180.96428571428572,129,
city_hotel,c7fb00b8-6205-5d73-95ad-5f774926f2cc,2015-10-19,14,2015-10-06T00:00:00+00:00,train,196,0,19,10,43,292,0,174,211,159.28571428571428,181.07142857142858,186.10714285714286,142,
resort_hotel,c31c4e41-2181-5ea7-875e-e62ec156c77b,2015-10-20,14,2015-10-07T00:00:00+00:00,train,157,1,20,10,43,293,0,185,183,180.85714285714286,180.78571428571428,181.03571428571428,127,
city_hotel,c7fb00b8-6205-5d73-95ad-5f774926f2cc,2015-10-20,14,2015-10-07T00:00:00+00:00,train,215,1,20,10,43,293,0,180,219,161.57142857142858,178.28571428571428,186.64285714285714,137,
resort_hotel,c31c4e41-2181-5ea7-875e-e62ec156c77b,2015-10-21,14,2015-10-08T00:00:00+00:00,train,172,2,21,10,43,294,0,182,180,180.57142857142858,180.92857142857142,181.14285714285714,151,
city_hotel,c7fb00b8-6205-5d73-95ad-5f774926f2cc,2015-10-21,14,2015-10-08T00:00:00+00:00,train,215,2,21,10,43,294,0,222,209,177.14285714285714,179.21428571428572,187.46428571428572,144,
resort_hotel,c31c4e41-2181-5ea7-875e-e62ec156c77b,2015-10-22,14,2015-10-09T00:00:00+00:00,train,181,3,22,10,43,295,0,182,182,180.57142857142858,180.92857142857142,181.10714285714286,177,
city_hotel,c7fb00b8-6205-5d73-95ad-5f774926f2cc,2015-10-22,14,2015-10-09T00:00:00+00:00,train,145,3,22,10,43,295,0,223,197,195.85714285714286,181.07142857142858,188.75,113,
resort_hotel,c31c4e41-2181-5ea7-875e-e62ec156c77b,2015-10-23,14,2015-10-10T00:00:00+00:00,train,177,4,23,10,43,296,0,167,174,178.28571428571428,180.42857142857142,180.57142857142858,159,
city_hotel,c7fb00b8-6205-5d73-95ad-5f774926f2cc,2015-10-23,14,2015-10-10T00:00:00+00:00,train,127,4,23,10,43,296,0,205,216,195.0,180.28571428571428,189.39285714285714,96,
resort_hotel,c31c4e41-2181-5ea7-875e-e62ec156c77b,2015-10-24,14,2015-10-11T00:00:00+00:00,train,159,5,24,10,43,297,1,183,183,179.0,180.42857142857142,180.5,135,
city_hotel,c7fb00b8-6205-5d73-95ad-5f774926f2cc,2015-10-24,14,2015-10-11T00:00:00+00:00,train,107,5,24,10,43,297,1,222,188,198.14285714285714,182.71428571428572,190.39285714285714,102,
resort_hotel,c31c4e41-2181-5ea7-875e-e62ec156c77b,2015-10-25,14,2015-10-12T00:00:00+00:00,train,124,6,25,10,43,298,1,168,183,178.0,179.35714285714286,180.28571428571428,113,
city_hotel,c7fb00b8-6205-5d73-95ad-5f774926f2cc,2015-10-25,14,2015-10-12T00:00:00+00:00,train,195,6,25,10,43,298,1,173,194,199.85714285714286,181.21428571428572,191.96428571428572,148,
resort_hotel,c31c4e41-2181-5ea7-875e-e62ec156c77b,2015-10-26,14,2015-10-13T00:00:00+00:00,train,106,0,26,10,44,299,0,155,180,174.57142857142858,177.57142857142858,179.25,87,
city_hotel,c7fb00b8-6205-5d73-95ad-5f774926f2cc,2015-10-26,14,2015-10-13T00:00:00+00:00,train,199,0,26,10,44,299,0,175,197,200.0,179.64285714285714,192.10714285714286,170,
resort_hotel,c31c4e41-2181-5ea7-875e-e62ec156c77b,2015-10-27,14,2015-10-14T00:00:00+00:00,train,115,1,27,10,44,300,0,131,183,166.85714285714286,173.85714285714286,177.35714285714286,83,
city_hotel,c7fb00b8-6205-5d73-95ad-5f774926f2cc,2015-10-27,14,2015-10-14T00:00:00+00:00,train,186,1,27,10,44,300,0,156,164,196.57142857142858,179.07142857142858,190.71428571428572,175,
resort_hotel,c31c4e41-2181-5ea7-875e-e62ec156c77b,2015-10-28,14,2015-10-15T00:00:00+00:00,train,102,2,28,10,44,301,0,134,184,160.0,170.28571428571428,175.92857142857142,68,
city_hotel,c7fb00b8-6205-5d73-95ad-5f774926f2cc,2015-10-28,14,2015-10-15T00:00:00+00:00,train,173,2,28,10,44,301,0,133,113,183.85714285714286,180.5,187.96428571428572,141,
resort_hotel,c31c4e41-2181-5ea7-875e-e62ec156c77b,2015-10-29,14,2015-10-16T00:00:00+00:00,train,89,3,29,10,44,302,0,180,182,159.71428571428572,170.14285714285714,175.78571428571428,59,
city_hotel,c7fb00b8-6205-5d73-95ad-5f774926f2cc,2015-10-29,14,2015-10-16T00:00:00+00:00,train,201,3,29,10,44,302,0,190,92,179.14285714285714,187.5,187.03571428571428,174,
resort_hotel,c31c4e41-2181-5ea7-875e-e62ec156c77b,2015-10-30,14,2015-10-17T00:00:00+00:00,train,100,4,30,10,44,303,0,178,183,161.28571428571428,169.78571428571428,175.67857142857142,63,
city_hotel,c7fb00b8-6205-5d73-95ad-5f774926f2cc,2015-10-30,14,2015-10-17T00:00:00+00:00,train,177,4,30,10,44,303,0,216,211,180.71428571428572,187.85714285714286,186.89285714285714,156,
resort_hotel,c31c4e41-2181-5ea7-875e-e62ec156c77b,2015-10-31,14,2015-10-18T00:00:00+00:00,train,119,5,31,10,44,304,1,179,178,160.71428571428572,169.85714285714286,175.53571428571428,90,
city_hotel,c7fb00b8-6205-5d73-95ad-5f774926f2cc,2015-10-31,14,2015-10-18T00:00:00+00:00,train,99,5,31,10,44,304,1,217,200,180.0,189.07142857142858,186.85714285714286,95,
resort_hotel,c31c4e41-2181-5ea7-875e-e62ec156c77b,2015-11-01,14,2015-10-19T00:00:00+00:00,train,73,6,1,11,44,305,1,181,175,162.57142857142858,170.28571428571428,175.60714285714286,49,
city_hotel,c7fb00b8-6205-5d73-95ad-5f774926f2cc,2015-11-01,14,2015-10-19T00:00:00+00:00,train,94,6,1,11,44,305,1,155,161,177.42857142857142,188.64285714285714,186.17857142857142,89,
resort_hotel,c31c4e41-2181-5ea7-875e-e62ec156c77b,2015-11-02,14,2015-10-20T00:00:00+00:00,train,78,0,2,11,45,306,0,152,179,162.14285714285714,168.35714285714286,174.5,61,
city_hotel,c7fb00b8-6205-5d73-95ad-5f774926f2cc,2015-11-02,14,2015-10-20T00:00:00+00:00,train,68,0,2,11,45,306,0,196,174,180.42857142857142,190.21428571428572,185.64285714285714,44,
resort_hotel,c31c4e41-2181-5ea7-875e-e62ec156c77b,2015-11-03,14,2015-10-21T00:00:00+00:00,train,113,1,3,11,45,307,0,157,185,165.85714285714286,166.35714285714286,173.57142857142858,79,
city_hotel,c7fb00b8-6205-5d73-95ad-5f774926f2cc,2015-11-03,14,2015-10-21T00:00:00+00:00,train,72,1,3,11,45,307,0,215,180,188.85714285714286,192.71428571428572,185.5,43,
resort_hotel,c31c4e41-2181-5ea7-875e-e62ec156c77b,2015-11-04,14,2015-10-22T00:00:00+00:00,train,108,2,4,11,45,308,0,172,182,171.28571428571428,165.64285714285714,173.28571428571428,80,
city_hotel,c7fb00b8-6205-5d73-95ad-5f774926f2cc,2015-11-04,14,2015-10-22T00:00:00+00:00,train,80,2,4,11,45,308,0,215,222,200.57142857142858,192.21428571428572,185.71428571428572,70,
resort_hotel,c31c4e41-2181-5ea7-875e-e62ec156c77b,2015-11-05,14,2015-10-23T00:00:00+00:00,train,109,3,5,11,45,309,0,181,182,171.42857142857142,165.57142857142858,173.25,87,
city_hotel,c7fb00b8-6205-5d73-95ad-5f774926f2cc,2015-11-05,14,2015-10-23T00:00:00+00:00,train,89,3,5,11,45,309,0,145,223,194.14285714285714,186.64285714285714,183.85714285714286,79,
resort_hotel,c31c4e41-2181-5ea7-875e-e62ec156c77b,2015-11-06,14,2015-10-24T00:00:00+00:00,train,116,4,6,11,45,310,0,177,167,171.28571428571428,166.28571428571428,173.35714285714286,96,
city_hotel,c7fb00b8-6205-5d73-95ad-5f774926f2cc,2015-11-06,14,2015-10-24T00:00:00+00:00,train,112,4,6,11,45,310,0,127,205,181.42857142857142,181.07142857142858,180.67857142857142,86,
resort_hotel,c31c4e41-2181-5ea7-875e-e62ec156c77b,2015-11-07,14,2015-10-25T00:00:00+00:00,train,143,5,7,11,45,311,1,159,183,168.42857142857142,164.57142857142858,172.5,122,
city_hotel,c7fb00b8-6205-5d73-95ad-5f774926f2cc,2015-11-07,14,2015-10-25T00:00:00+00:00,train,98,5,7,11,45,311,1,107,222,165.71428571428572,172.85714285714286,177.78571428571428,81,
resort_hotel,c31c4e41-2181-5ea7-875e-e62ec156c77b,2015-11-08,14,2015-10-26T00:00:00+00:00,train,143,6,8,11,45,312,1,124,168,160.28571428571428,161.42857142857142,170.39285714285714,129,
city_hotel,c7fb00b8-6205-5d73-95ad-5f774926f2cc,2015-11-08,14,2015-10-26T00:00:00+00:00,train,90,6,8,11,45,312,1,195,173,171.42857142857142,174.42857142857142,177.82142857142858,77,
resort_hotel,c31c4e41-2181-5ea7-875e-e62ec156c77b,2015-11-09,14,2015-10-27T00:00:00+00:00,train,149,0,9,11,46,313,0,106,155,153.71428571428572,157.92857142857142,167.75,128,
city_hotel,c7fb00b8-6205-5d73-95ad-5f774926f2cc,2015-11-09,14,2015-10-27T00:00:00+00:00,train,56,0,9,11,46,313,0,199,175,171.85714285714286,176.14285714285714,177.89285714285714,41,
resort_hotel,c31c4e41-2181-5ea7-875e-e62ec156c77b,2015-11-10,14,2015-10-28T00:00:00+00:00,train,155,1,10,11,46,314,0,115,131,147.71428571428572,156.78571428571428,165.32142857142858,134,
city_hotel,c7fb00b8-6205-5d73-95ad-5f774926f2cc,2015-11-10,14,2015-10-28T00:00:00+00:00,train,59,1,10,11,46,314,0,186,156,167.71428571428572,178.28571428571428,178.67857142857142,38,
resort_hotel,c31c4e41-2181-5ea7-875e-e62ec156c77b,2015-11-11,14,2015-10-29T00:00:00+00:00,train,164,2,11,11,46,315,0,102,134,137.71428571428572,154.5,162.39285714285714,149,
city_hotel,c7fb00b8-6205-5d73-95ad-5f774926f2cc,2015-11-11,14,2015-10-29T00:00:00+00:00,train,70,2,11,11,46,315,0,173,133,161.71428571428572,181.14285714285714,180.82142857142858,43,
resort_hotel,c31c4e41-2181-5ea7-875e-e62ec156c77b,2015-11-12,14,2015-10-30T00:00:00+00:00,train,179,3,12,11,46,316,0,89,180,124.57142857142857,148.0,159.07142857142858,172,
city_hotel,c7fb00b8-6205-5d73-95ad-5f774926f2cc,2015-11-12,14,2015-10-30T00:00:00+00:00,train,65,3,12,11,46,316,0,201,190,169.71428571428572,181.92857142857142,184.71428571428572,44,
resort_hotel,c31c4e41-2181-5ea7-875e-e62ec156c77b,2015-11-13,14,2015-10-31T00:00:00+00:00,train,179,4,13,11,46,317,0,100,178,113.57142857142857,142.42857142857142,156.10714285714286,177,
city_hotel,c7fb00b8-6205-5d73-95ad-5f774926f2cc,2015-11-13,14,2015-10-31T00:00:00+00:00,train,58,4,13,11,46,317,0,177,216,176.85714285714286,179.14285714285714,183.5,71,
resort_hotel,c31c4e41-2181-5ea7-875e-e62ec156c77b,2015-11-14,14,2015-11-01T00:00:00+00:00,train,166,5,14,11,46,318,1,119,179,107.85714285714286,138.14285714285714,154.0,167,
city_hotel,c7fb00b8-6205-5d73-95ad-5f774926f2cc,2015-11-14,14,2015-11-01T00:00:00+00:00,train,58,5,14,11,46,318,1,99,217,175.71428571428572,170.71428571428572,179.89285714285714,63,
resort_hotel,c31c4e41-2181-5ea7-875e-e62ec156c77b,2015-11-15,14,2015-11-02T00:00:00+00:00,train,54,6,15,11,46,319,1,73,181,100.57142857142857,130.42857142857142,150.35714285714286,49,
city_hotel,c7fb00b8-6205-5d73-95ad-5f774926f2cc,2015-11-15,14,2015-11-02T00:00:00+00:00,train,46,6,15,11,46,319,1,94,155,161.28571428571428,166.35714285714286,177.5,36,
resort_hotel,c31c4e41-2181-5ea7-875e-e62ec156c77b,2015-11-16,14,2015-11-03T00:00:00+00:00,train,73,0,16,11,47,320,0,78,152,96.57142857142857,125.14285714285714,146.75,34,
city_hotel,c7fb00b8-6205-5d73-95ad-5f774926f2cc,2015-11-16,14,2015-11-03T00:00:00+00:00,train,42,0,16,11,47,320,0,68,196,142.57142857142858,157.21428571428572,173.71428571428572,26,
resort_hotel,c31c4e41-2181-5ea7-875e-e62ec156c77b,2015-11-17,14,2015-11-04T00:00:00+00:00,train,76,1,17,11,47,321,0,113,157,96.28571428571429,122.0,144.17857142857142,24,
city_hotel,c7fb00b8-6205-5d73-95ad-5f774926f2cc,2015-11-17,14,2015-11-04T00:00:00+00:00,train,59,1,17,11,47,321,0,72,215,126.28571428571429,147.0,169.85714285714286,41,
resort_hotel,c31c4e41-2181-5ea7-875e-e62ec156c77b,2015-11-18,14,2015-11-05T00:00:00+00:00,train,122,2,18,11,47,322,0,108,172,97.14285714285714,117.42857142857143,141.53571428571428,62,
city_hotel,c7fb00b8-6205-5d73-95ad-5f774926f2cc,2015-11-18,14,2015-11-05T00:00:00+00:00,train,126,2,18,11,47,322,0,80,215,113.0,137.35714285714286,164.78571428571428,117,
resort_hotel,c31c4e41-2181-5ea7-875e-e62ec156c77b,2015-11-19,14,2015-11-06T00:00:00+00:00,train,113,3,19,11,47,323,0,109,181,100.0,112.28571428571429,138.92857142857142,72,
city_hotel,c7fb00b8-6205-5d73-95ad-5f774926f2cc,2015-11-19,14,2015-11-06T00:00:00+00:00,train,127,3,19,11,47,323,0,89,145,97.0,133.35714285714286,160.0,121,
resort_hotel,c31c4e41-2181-5ea7-875e-e62ec156c77b,2015-11-20,14,2015-11-07T00:00:00+00:00,train,138,4,20,11,47,324,0,116,177,102.28571428571429,107.92857142857143,137.10714285714286,123,
city_hotel,c7fb00b8-6205-5d73-95ad-5f774926f2cc,2015-11-20,14,2015-11-07T00:00:00+00:00,train,191,4,20,11,47,324,0,112,127,87.71428571428571,132.28571428571428,156.67857142857142,189,
resort_hotel,c31c4e41-2181-5ea7-875e-e62ec156c77b,2015-11-21,14,2015-11-08T00:00:00+00:00,train,179,5,21,11,47,325,1,143,159,105.71428571428571,106.78571428571429,135.67857142857142,169,
city_hotel,c7fb00b8-6205-5d73-95ad-5f774926f2cc,2015-11-21,14,2015-11-08T00:00:00+00:00,train,125,5,21,11,47,325,1,98,107,87.57142857142857,131.64285714285714,152.25,117,
resort_hotel,c31c4e41-2181-5ea7-875e-e62ec156c77b,2015-11-22,14,2015-11-09T00:00:00+00:00,train,94,6,22,11,47,326,1,143,124,115.71428571428571,108.14285714285714,134.78571428571428,81,
city_hotel,c7fb00b8-6205-5d73-95ad-5f774926f2cc,2015-11-22,14,2015-11-09T00:00:00+00:00,train,44,6,22,11,47,326,1,90,195,87.0,124.14285714285714,149.28571428571428,27,
resort_hotel,c31c4e41-2181-5ea7-875e-e62ec156c77b,2015-11-23,14,2015-11-10T00:00:00+00:00,train,92,0,23,11,48,327,0,149,106,125.85714285714286,111.21428571428571,134.57142857142858,62,
city_hotel,c7fb00b8-6205-5d73-95ad-5f774926f2cc,2015-11-23,14,2015-11-10T00:00:00+00:00,train,147,0,23,11,48,327,0,56,199,85.28571428571429,113.92857142857143,145.03571428571428,153,
resort_hotel,c31c4e41-2181-5ea7-875e-e62ec156c77b,2015-11-24,14,2015-11-11T00:00:00+00:00,train,72,1,24,11,48,328,0,155,115,131.85714285714286,114.07142857142857,135.42857142857142,36,
city_hotel,c7fb00b8-6205-5d73-95ad-5f774926f2cc,2015-11-24,14,2015-11-11T00:00:00+00:00,train,166,1,24,11,48,328,0,59,186,83.42857142857143,104.85714285714286,141.57142857142858,175,
resort_hotel,c31c4e41-2181-5ea7-875e-e62ec156c77b,2015-11-25,14,2015-11-12T00:00:00+00:00,train,71,2,25,11,48,329,0,164,102,139.85714285714286,118.5,136.5,30,
city_hotel,c7fb00b8-6205-5d73-95ad-5f774926f2cc,2015-11-25,14,2015-11-12T00:00:00+00:00,train,166,2,25,11,48,329,0,70,173,82.0,97.5,139.32142857142858,178,
resort_hotel,c31c4e41-2181-5ea7-875e-e62ec156c77b,2015-11-26,14,2015-11-13T00:00:00+00:00,train,64,3,26,11,48,330,0,179,89,149.85714285714286,124.92857142857143,136.46428571428572,39,
city_hotel,c7fb00b8-6205-5d73-95ad-5f774926f2cc,2015-11-26,14,2015-11-13T00:00:00+00:00,train,110,3,26,11,48,330,0,65,201,78.57142857142857,87.78571428571429,134.85714285714286,105,
resort_hotel,c31c4e41-2181-5ea7-875e-e62ec156c77b,2015-11-27,14,2015-11-14T00:00:00+00:00,train,85,4,27,11,48,331,0,179,100,158.85714285714286,130.57142857142858,136.5,48,
city_hotel,c7fb00b8-6205-5d73-95ad-5f774926f2cc,2015-11-27,14,2015-11-14T00:00:00+00:00,train,103,4,27,11,48,331,0,58,177,70.85714285714286,79.28571428571429,129.21428571428572,85,
resort_hotel,c31c4e41-2181-5ea7-875e-e62ec156c77b,2015-11-28,14,2015-11-15T00:00:00+00:00,train,96,5,28,11,48,332,1,166,119,162.14285714285714,133.92857142857142,136.03571428571428,49,
city_hotel,c7fb00b8-6205-5d73-95ad-5f774926f2cc,2015-11-28,14,2015-11-15T00:00:00+00:00,train,98,5,28,11,48,332,1,58,99,65.14285714285714,76.35714285714286,123.53571428571429,79,
resort_hotel,c31c4e41-2181-5ea7-875e-e62ec156c77b,2015-11-29,14,2015-11-16T00:00:00+00:00,train,35,6,29,11,48,333,1,54,73,149.42857142857142,132.57142857142858,131.5,21,
city_hotel,c7fb00b8-6205-5d73-95ad-5f774926f2cc,2015-11-29,14,2015-11-16T00:00:00+00:00,train,77,6,29,11,48,333,1,46,94,58.857142857142854,72.92857142857143,119.64285714285714,66,
resort_hotel,c31c4e41-2181-5ea7-875e-e62ec156c77b,2015-11-30,14,2015-11-17T00:00:00+00:00,train,56,0,30,11,49,334,0,73,78,138.57142857142858,132.21428571428572,128.67857142857142,35,
city_hotel,c7fb00b8-6205-5d73-95ad-5f774926f2cc,2015-11-30,14,2015-11-17T00:00:00+00:00,train,29,0,30,11,49,334,0,42,68,56.857142857142854,71.07142857142857,114.14285714285714,17,
resort_hotel,c31c4e41-2181-5ea7-875e-e62ec156c77b,2015-12-01,14,2015-11-18T00:00:00+00:00,train,69,1,1,12,49,335,0,76,113,127.28571428571429,129.57142857142858,125.78571428571429,32,
city_hotel,c7fb00b8-6205-5d73-95ad-5f774926f2cc,2015-12-01,14,2015-11-18T00:00:00+00:00,train,34,1,1,12,49,335,0,59,72,56.857142857142854,70.14285714285714,108.57142857142857,26,
resort_hotel,c31c4e41-2181-5ea7-875e-e62ec156c77b,2015-12-02,14,2015-11-19T00:00:00+00:00,train,80,2,2,12,49,336,0,122,108,121.28571428571429,130.57142857142858,124.0,43,
city_hotel,c7fb00b8-6205-5d73-95ad-5f774926f2cc,2015-12-02,14,2015-11-19T00:00:00+00:00,train,44,2,2,12,49,336,0,126,80,64.85714285714286,73.42857142857143,105.39285714285714,25,
resort_hotel,c31c4e41-2181-5ea7-875e-e62ec156c77b,2015-12-03,14,2015-11-20T00:00:00+00:00,train,85,3,3,12,49,337,0,113,109,111.85714285714286,130.85714285714286,121.57142857142857,53,
city_hotel,c7fb00b8-6205-5d73-95ad-5f774926f2cc,2015-12-03,14,2015-11-20T00:00:00+00:00,train,47,3,3,12,49,337,0,127,89,73.71428571428571,76.14285714285714,104.75,29,
resort_hotel,c31c4e41-2181-5ea7-875e-e62ec156c77b,2015-12-04,14,2015-11-21T00:00:00+00:00,train,51,4,4,12,49,338,0,138,116,106.0,132.42857142857142,120.17857142857143,33,
city_hotel,c7fb00b8-6205-5d73-95ad-5f774926f2cc,2015-12-04,14,2015-11-21T00:00:00+00:00,train,80,4,4,12,49,338,0,191,112,92.71428571428571,81.78571428571429,107.03571428571429,63,
resort_hotel,c31c4e41-2181-5ea7-875e-e62ec156c77b,2015-12-05,14,2015-11-22T00:00:00+00:00,train,154,5,5,12,49,339,1,179,143,107.85714285714286,135.0,120.89285714285714,138,
city_hotel,c7fb00b8-6205-5d73-95ad-5f774926f2cc,2015-12-05,14,2015-11-22T00:00:00+00:00,train,207,5,5,12,49,339,1,125,98,102.28571428571429,83.71428571428571,107.67857142857143,168,
resort_hotel,c31c4e41-2181-5ea7-875e-e62ec156c77b,2015-12-06,14,2015-11-23T00:00:00+00:00,train,154,6,6,12,49,340,1,94,143,113.57142857142857,131.5,119.82142857142857,141,
city_hotel,c7fb00b8-6205-5d73-95ad-5f774926f2cc,2015-12-06,14,2015-11-23T00:00:00+00:00,train,212,6,6,12,49,340,1,44,90,102.0,80.42857142857143,102.28571428571429,164,
resort_hotel,c31c4e41-2181-5ea7-875e-e62ec156c77b,2015-12-07,14,2015-11-24T00:00:00+00:00,train,131,0,7,12,50,341,0,92,149,116.28571428571429,127.42857142857143,119.32142857142857,107,
city_hotel,c7fb00b8-6205-5d73-95ad-5f774926f2cc,2015-12-07,14,2015-11-24T00:00:00+00:00,train,179,0,7,12,50,341,0,147,56,117.0,86.92857142857143,100.42857142857143,143,
resort_hotel,c31c4e41-2181-5ea7-875e-e62ec156c77b,2015-12-08,14,2015-11-25T00:00:00+00:00,train,36,1,8,12,50,342,0,72,155,115.71428571428571,121.5,117.78571428571429,19,
city_hotel,c7fb00b8-6205-5d73-95ad-5f774926f2cc,2015-12-08,14,2015-11-25T00:00:00+00:00,train,55,1,8,12,50,342,0,166,59,132.28571428571428,94.57142857142857,99.71428571428571,35,
resort_hotel,c31c4e41-2181-5ea7-875e-e62ec156c77b,2015-12-09,14,2015-11-26T00:00:00+00:00,train,58,2,9,12,50,343,0,71,164,108.42857142857143,114.85714285714286,116.67857142857143,18,
city_hotel,c7fb00b8-6205-5d73-95ad-5f774926f2cc,2015-12-09,14,2015-11-26T00:00:00+00:00,train,55,2,9,12,50,343,0,166,70,138.0,101.42857142857143,99.46428571428571,36,
resort_hotel,c31c4e41-2181-5ea7-875e-e62ec156c77b,2015-12-10,14,2015-11-27T00:00:00+00:00,train,46,3,10,12,50,344,0,64,179,101.42857142857143,106.64285714285714,115.78571428571429,19,
city_hotel,c7fb00b8-6205-5d73-95ad-5f774926f2cc,2015-12-10,14,2015-11-27T00:00:00+00:00,train,91,3,10,12,50,344,0,110,65,135.57142857142858,104.64285714285714,96.21428571428571,36,
resort_hotel,c31c4e41-2181-5ea7-875e-e62ec156c77b,2015-12-11,14,2015-11-28T00:00:00+00:00,train,43,4,11,12,50,345,0,85,179,93.85714285714286,99.92857142857143,115.25,24,
city_hotel,c7fb00b8-6205-5d73-95ad-5f774926f2cc,2015-12-11,14,2015-11-28T00:00:00+00:00,train,93,4,11,12,50,345,0,103,58,123.0,107.85714285714286,93.57142857142857,41,
resort_hotel,c31c4e41-2181-5ea7-875e-e62ec156c77b,2015-12-12,14,2015-11-29T00:00:00+00:00,train,57,5,12,12,50,346,1,96,166,82.0,94.92857142857143,114.42857142857143,27,
city_hotel,c7fb00b8-6205-5d73-95ad-5f774926f2cc,2015-12-12,14,2015-11-29T00:00:00+00:00,train,55,5,12,12,50,346,1,98,58,119.14285714285714,110.71428571428571,93.53571428571429,42,
resort_hotel,c31c4e41-2181-5ea7-875e-e62ec156c77b,2015-12-13,14,2015-11-30T00:00:00+00:00,train,29,6,13,12,50,347,1,35,54,73.57142857142857,93.57142857142857,113.07142857142857,17,
city_hotel,c7fb00b8-6205-5d73-95ad-5f774926f2cc,2015-12-13,14,2015-11-30T00:00:00+00:00,train,30,6,13,12,50,347,1,77,46,123.85714285714286,112.92857142857143,92.92857142857143,23,
resort_hotel,c31c4e41-2181-5ea7-875e-e62ec156c77b,2015-12-14,14,2015-12-01T00:00:00+00:00,train,43,0,14,12,51,348,0,56,73,68.42857142857143,92.35714285714286,112.28571428571429,28,
city_hotel,c7fb00b8-6205-5d73-95ad-5f774926f2cc,2015-12-14,14,2015-12-01T00:00:00+00:00,train,27,0,14,12,51,348,0,29,42,107.0,112.0,91.53571428571429,17,
resort_hotel,c31c4e41-2181-5ea7-875e-e62ec156c77b,2015-12-15,14,2015-12-02T00:00:00+00:00,train,49,1,15,12,51,349,0,69,76,68.0,91.85714285714286,110.71428571428571,28,
city_hotel,c7fb00b8-6205-5d73-95ad-5f774926f2cc,2015-12-15,14,2015-12-02T00:00:00+00:00,train,21,1,15,12,51,349,0,34,59,88.14285714285714,110.21428571428571,90.17857142857143,9,
resort_hotel,c31c4e41-2181-5ea7-875e-e62ec156c77b,2015-12-16,14,2015-12-03T00:00:00+00:00,train,52,2,16,12,51,350,0,80,122,69.28571428571429,88.85714285714286,109.71428571428571,29,
city_hotel,c7fb00b8-6205-5d73-95ad-5f774926f2cc,2015-12-16,14,2015-12-03T00:00:00+00:00,train,29,2,16,12,51,350,0,44,126,70.71428571428571,104.35714285714286,88.89285714285714,14,
resort_hotel,c31c4e41-2181-5ea7-875e-e62ec156c77b,2015-12-17,14,2015-12-04T00:00:00+00:00,train,52,3,17,12,51,351,0,85,113,72.28571428571429,86.85714285714286,108.85714285714286,30,
city_hotel,c7fb00b8-6205-5d73-95ad-5f774926f2cc,2015-12-17,14,2015-12-04T00:00:00+00:00,train,34,3,17,12,51,351,0,47,127,61.714285714285715,98.64285714285714,87.39285714285714,17,
resort_hotel,c31c4e41-2181-5ea7-875e-e62ec156c77b,2015-12-18,14,2015-12-05T00:00:00+00:00,train,47,4,18,12,51,352,0,51,138,67.42857142857143,80.64285714285714,106.53571428571429,32,
city_hotel,c7fb00b8-6205-5d73-95ad-5f774926f2cc,2015-12-18,14,2015-12-05T00:00:00+00:00,train,51,4,18,12,51,352,0,80,191,58.42857142857143,90.71428571428571,86.25,34,
resort_hotel,c31c4e41-2181-5ea7-875e-e62ec156c77b,2015-12-19,14,2015-12-06T00:00:00+00:00,train,59,5,19,12,51,353,1,154,179,75.71428571428571,78.85714285714286,106.92857142857143,38,
city_hotel,c7fb00b8-6205-5d73-95ad-5f774926f2cc,2015-12-19,14,2015-12-06T00:00:00+00:00,train,42,5,19,12,51,353,1,207,125,74.0,96.57142857142857,90.14285714285714,25,
resort_hotel,c31c4e41-2181-5ea7-875e-e62ec156c77b,2015-12-20,14,2015-12-07T00:00:00+00:00,train,48,6,20,12,51,354,1,154,94,92.71428571428571,83.14285714285714,107.32142857142857,38,
city_hotel,c7fb00b8-6205-5d73-95ad-5f774926f2cc,2015-12-20,14,2015-12-07T00:00:00+00:00,train,36,6,20,12,51,354,1,212,44,93.28571428571429,108.57142857142857,94.5,20,
resort_hotel,c31c4e41-2181-5ea7-875e-e62ec156c77b,2015-12-21,14,2015-12-08T00:00:00+00:00,train,60,0,21,12,52,355,0,131,92,103.42857142857143,85.92857142857143,106.67857142857143,48,
city_hotel,c7fb00b8-6205-5d73-95ad-5f774926f2cc,2015-12-21,14,2015-12-08T00:00:00+00:00,train,39,0,21,12,52,355,0,179,147,114.71428571428571,110.85714285714286,98.89285714285714,24,
resort_hotel,c31c4e41-2181-5ea7-875e-e62ec156c77b,2015-12-22,14,2015-12-09T00:00:00+00:00,train,83,1,22,12,52,356,0,36,72,98.71428571428571,83.35714285714286,102.42857142857143,68,
city_hotel,c7fb00b8-6205-5d73-95ad-5f774926f2cc,2015-12-22,14,2015-12-09T00:00:00+00:00,train,35,1,22,12,52,356,0,55,166,117.71428571428571,102.92857142857143,98.75,23,
resort_hotel,c31c4e41-2181-5ea7-875e-e62ec156c77b,2015-12-23,14,2015-12-10T00:00:00+00:00,train,96,2,23,12,52,357,0,58,71,95.57142857142857,82.42857142857143,98.64285714285714,91,
city_hotel,c7fb00b8-6205-5d73-95ad-5f774926f2cc,2015-12-23,14,2015-12-10T00:00:00+00:00,train,36,2,23,12,52,357,0,55,166,119.28571428571429,95.0,98.21428571428571,26,
resort_hotel,c31c4e41-2181-5ea7-875e-e62ec156c77b,2015-12-24,14,2015-12-11T00:00:00+00:00,train,129,3,24,12,52,358,0,46,64,90.0,81.14285714285714,93.89285714285714,117,
city_hotel,c7fb00b8-6205-5d73-95ad-5f774926f2cc,2015-12-24,14,2015-12-11T00:00:00+00:00,train,51,3,24,12,52,358,0,91,110,125.57142857142857,93.64285714285714,99.14285714285714,43,
resort_hotel,c31c4e41-2181-5ea7-875e-e62ec156c77b,2015-12-25,14,2015-12-12T00:00:00+00:00,train,137,4,25,12,52,359,0,43,85,88.85714285714286,78.14285714285714,89.03571428571429,121,
city_hotel,c7fb00b8-6205-5d73-95ad-5f774926f2cc,2015-12-25,14,2015-12-12T00:00:00+00:00,train,59,4,25,12,52,359,0,93,103,127.42857142857143,92.92857142857143,100.39285714285714,47,
resort_hotel,c31c4e41-2181-5ea7-875e-e62ec156c77b,2015-12-26,14,2015-12-13T00:00:00+00:00,train,143,5,26,12,52,360,1,57,96,75.0,75.35714285714286,85.14285714285714,124,
city_hotel,c7fb00b8-6205-5d73-95ad-5f774926f2cc,2015-12-26,14,2015-12-13T00:00:00+00:00,train,99,5,26,12,52,360,1,55,98,105.71428571428571,89.85714285714286,100.28571428571429,75,
resort_hotel,c31c4e41-2181-5ea7-875e-e62ec156c77b,2015-12-27,14,2015-12-14T00:00:00+00:00,train,131,6,27,12,52,361,1,29,35,57.142857142857146,74.92857142857143,84.25,117,
city_hotel,c7fb00b8-6205-5d73-95ad-5f774926f2cc,2015-12-27,14,2015-12-14T00:00:00+00:00,train,130,6,27,12,52,361,1,30,77,79.71428571428571,86.5,99.71428571428571,93,
resort_hotel,c31c4e41-2181-5ea7-875e-e62ec156c77b,2015-12-28,14,2015-12-15T00:00:00+00:00,train,123,0,28,12,53,362,0,43,56,44.57142857142857,74.0,83.17857142857143,107,
city_hotel,c7fb00b8-6205-5d73-95ad-5f774926f2cc,2015-12-28,14,2015-12-15T00:00:00+00:00,train,155,0,28,12,53,362,0,27,29,58.0,86.35714285714286,99.17857142857143,118,
resort_hotel,c31c4e41-2181-5ea7-875e-e62ec156c77b,2015-12-29,14,2015-12-16T00:00:00+00:00,train,90,1,29,12,53,363,0,49,69,46.42857142857143,72.57142857142857,82.21428571428571,77,
city_hotel,c7fb00b8-6205-5d73-95ad-5f774926f2cc,2015-12-29,14,2015-12-16T00:00:00+00:00,train,197,1,29,12,53,363,0,21,34,53.142857142857146,85.42857142857143,97.82142857142857,163,
resort_hotel,c31c4e41-2181-5ea7-875e-e62ec156c77b,2015-12-30,14,2015-12-17T00:00:00+00:00,train,168,2,30,12,53,364,0,52,80,45.57142857142857,70.57142857142857,79.71428571428571,169,
city_hotel,c7fb00b8-6205-5d73-95ad-5f774926f2cc,2015-12-30,14,2015-12-17T00:00:00+00:00,train,195,2,30,12,53,364,0,29,44,49.42857142857143,84.35714285714286,94.35714285714286,191,
resort_hotel,c31c4e41-2181-5ea7-875e-e62ec156c77b,2015-12-31,14,2015-12-18T00:00:00+00:00,train,179,3,31,12,53,365,0,52,85,46.42857142857143,68.21428571428571,77.53571428571429,179,
city_hotel,c7fb00b8-6205-5d73-95ad-5f774926f2cc,2015-12-31,14,2015-12-18T00:00:00+00:00,train,213,3,31,12,53,365,0,34,47,41.285714285714285,83.42857142857143,91.03571428571429,199,
resort_hotel,c31c4e41-2181-5ea7-875e-e62ec156c77b,2016-01-01,14,2015-12-19T00:00:00+00:00,train,172,4,1,1,53,1,0,47,51,47.0,67.92857142857143,74.28571428571429,170,
city_hotel,c7fb00b8-6205-5d73-95ad-5f774926f2cc,2016-01-01,14,2015-12-19T00:00:00+00:00,train,164,4,1,1,53,1,0,51,80,35.285714285714285,81.35714285714286,86.03571428571429,165,
resort_hotel,c31c4e41-2181-5ea7-875e-e62ec156c77b,2016-01-02,14,2015-12-20T00:00:00+00:00,train,148,5,2,1,53,2,1,59,154,47.285714285714285,61.142857142857146,70.0,124,
city_hotel,c7fb00b8-6205-5d73-95ad-5f774926f2cc,2016-01-02,14,2015-12-20T00:00:00+00:00,train,169,5,2,1,53,2,1,42,207,33.42857142857143,69.57142857142857,83.07142857142857,154,
resort_hotel,c31c4e41-2181-5ea7-875e-e62ec156c77b,2016-01-03,14,2015-12-21T00:00:00+00:00,train,69,6,3,1,53,3,1,48,154,50.0,53.57142857142857,68.35714285714286,48,
city_hotel,c7fb00b8-6205-5d73-95ad-5f774926f2cc,2016-01-03,14,2015-12-21T00:00:00+00:00,train,119,6,3,1,53,3,1,36,212,34.285714285714285,57.0,82.78571428571429,97,
resort_hotel,c31c4e41-2181-5ea7-875e-e62ec156c77b,2016-01-04,14,2015-12-22T00:00:00+00:00,train,81,0,4,1,1,4,0,60,131,52.42857142857143,48.5,67.21428571428571,47,
city_hotel,c7fb00b8-6205-5d73-95ad-5f774926f2cc,2016-01-04,14,2015-12-22T00:00:00+00:00,train,125,0,4,1,1,4,0,39,179,36.0,47.0,78.92857142857143,85,
resort_hotel,c31c4e41-2181-5ea7-875e-e62ec156c77b,2016-01-05,14,2015-12-23T00:00:00+00:00,train,73,1,5,1,1,5,0,83,36,57.285714285714285,51.857142857142854,67.60714285714286,36,
city_hotel,c7fb00b8-6205-5d73-95ad-5f774926f2cc,2016-01-05,14,2015-12-23T00:00:00+00:00,train,61,1,5,1,1,5,0,35,55,38.0,45.57142857142857,74.25,27,
resort_hotel,c31c4e41-2181-5ea7-875e-e62ec156c77b,2016-01-06,14,2015-12-24T00:00:00+00:00,train,72,2,6,1,1,6,0,96,58,63.57142857142857,54.57142857142857,68.5,33,
city_hotel,c7fb00b8-6205-5d73-95ad-5f774926f2cc,2016-01-06,14,2015-12-24T00:00:00+00:00,train,64,2,6,1,1,6,0,36,55,39.0,44.214285714285715,69.60714285714286,23,
resort_hotel,c31c4e41-2181-5ea7-875e-e62ec156c77b,2016-01-07,14,2015-12-25T00:00:00+00:00,train,71,3,7,1,1,7,0,129,46,74.57142857142857,60.5,70.82142857142857,29,
city_hotel,c7fb00b8-6205-5d73-95ad-5f774926f2cc,2016-01-07,14,2015-12-25T00:00:00+00:00,train,56,3,7,1,1,7,0,51,91,41.42857142857143,41.357142857142854,67.5,21,
resort_hotel,c31c4e41-2181-5ea7-875e-e62ec156c77b,2016-01-08,14,2015-12-26T00:00:00+00:00,train,54,4,8,1,1,8,0,137,43,87.42857142857143,67.21428571428571,72.67857142857143,34,
city_hotel,c7fb00b8-6205-5d73-95ad-5f774926f2cc,2016-01-08,14,2015-12-26T00:00:00+00:00,train,47,4,8,1,1,8,0,59,93,42.57142857142857,38.92857142857143,65.92857142857143,19,
resort_hotel,c31c4e41-2181-5ea7-875e-e62ec156c77b,2016-01-09,14,2015-12-27T00:00:00+00:00,train,65,5,9,1,1,9,1,143,57,99.42857142857143,73.35714285714286,74.35714285714286,40,
city_hotel,c7fb00b8-6205-5d73-95ad-5f774926f2cc,2016-01-09,14,2015-12-27T00:00:00+00:00,train,49,5,9,1,1,9,1,99,55,50.714285714285715,42.07142857142857,65.96428571428571,26,
resort_hotel,c31c4e41-2181-5ea7-875e-e62ec156c77b,2016-01-10,14,2015-12-28T00:00:00+00:00,train,56,6,10,1,1,10,1,131,29,111.28571428571429,80.64285714285714,77.78571428571429,30,
city_hotel,c7fb00b8-6205-5d73-95ad-5f774926f2cc,2016-01-10,14,2015-12-28T00:00:00+00:00,train,47,6,10,1,1,10,1,130,30,64.14285714285714,49.214285714285715,67.85714285714286,30,
resort_hotel,c31c4e41-2181-5ea7-875e-e62ec156c77b,2016-01-11,14,2015-12-29T00:00:00+00:00,train,64,0,11,1,2,11,0,123,43,120.28571428571429,86.35714285714286,80.17857142857143,26,
city_hotel,c7fb00b8-6205-5d73-95ad-5f774926f2cc,2016-01-11,14,2015-12-29T00:00:00+00:00,train,36,0,11,1,2,11,0,155,27,80.71428571428571,58.357142857142854,72.35714285714286,22,
resort_hotel,c31c4e41-2181-5ea7-875e-e62ec156c77b,2016-01-12,14,2015-12-30T00:00:00+00:00,train,75,1,12,1,2,12,0,90,49,121.28571428571429,89.28571428571429,80.92857142857143,25,
city_hotel,c7fb00b8-6205-5d73-95ad-5f774926f2cc,2016-01-12,14,2015-12-30T00:00:00+00:00,train,45,1,12,1,2,12,0,197,21,103.85714285714286,70.92857142857143,78.17857142857143,23,
resort_hotel,c31c4e41-2181-5ea7-875e-e62ec156c77b,2016-01-13,14,2015-12-31T00:00:00+00:00,train,65,2,13,1,2,13,0,168,52,131.57142857142858,97.57142857142857,84.07142857142857,31,
city_hotel,c7fb00b8-6205-5d73-95ad-5f774926f2cc,2016-01-13,14,2015-12-31T00:00:00+00:00,train,40,2,13,1,2,13,0,195,29,126.57142857142857,82.78571428571429,83.57142857142857,19,
resort_hotel,c31c4e41-2181-5ea7-875e-e62ec156c77b,2016-01-14,14,2016-01-01T00:00:00+00:00,train,78,3,14,1,2,14,0,179,52,138.71428571428572,106.64285714285714,87.42857142857143,34,
city_hotel,c7fb00b8-6205-5d73-95ad-5f774926f2cc,2016-01-14,14,2016-01-01T00:00:00+00:00,train,67,3,14,1,2,14,0,213,34,149.71428571428572,95.57142857142857,89.5,45,
resort_hotel,c31c4e41-2181-5ea7-875e-e62ec156c77b,2016-01-15,14,2016-01-02T00:00:00+00:00,train,72,4,15,1,2,15,0,172,47,143.71428571428572,115.57142857142857,91.75,35,
city_hotel,c7fb00b8-6205-5d73-95ad-5f774926f2cc,2016-01-15,14,2016-01-02T00:00:00+00:00,train,79,4,15,1,2,15,0,164,51,164.71428571428572,103.64285714285714,92.5,51,
resort_hotel,c31c4e41-2181-5ea7-875e-e62ec156c77b,2016-01-16,14,2016-01-03T00:00:00+00:00,train,75,5,16,1,2,16,1,148,59,144.42857142857142,121.92857142857143,91.53571428571429,33,
city_hotel,c7fb00b8-6205-5d73-95ad-5f774926f2cc,2016-01-16,14,2016-01-03T00:00:00+00:00,train,90,5,16,1,2,16,1,169,42,174.71428571428572,112.71428571428571,91.14285714285714,63,
resort_hotel,c31c4e41-2181-5ea7-875e-e62ec156c77b,2016-01-17,14,2016-01-04T00:00:00+00:00,train,42,6,17,1,2,17,1,69,48,135.57142857142858,123.42857142857143,88.5,24,
city_hotel,c7fb00b8-6205-5d73-95ad-5f774926f2cc,2016-01-17,14,2016-01-04T00:00:00+00:00,train,53,6,17,1,2,17,1,119,36,173.14285714285714,118.64285714285714,87.82142857142857,38,
resort_hotel,c31c4e41-2181-5ea7-875e-e62ec156c77b,2016-01-18,14,2016-01-05T00:00:00+00:00,train,59,0,18,1,3,18,0,81,60,129.57142857142858,124.92857142857143,86.71428571428571,25,
city_hotel,c7fb00b8-6205-5d73-95ad-5f774926f2cc,2016-01-18,14,2016-01-05T00:00:00+00:00,train,53,0,18,1,3,18,0,125,39,168.85714285714286,124.78571428571429,85.89285714285714,44,
resort_hotel,c31c4e41-2181-5ea7-875e-e62ec156c77b,2016-01-19,14,2016-01-06T00:00:00+00:00,train,68,1,19,1,3,19,0,73,83,127.14285714285714,124.21428571428571,88.03571428571429,28,
city_hotel,c7fb00b8-6205-5d73-95ad-5f774926f2cc,2016-01-19,14,2016-01-06T00:00:00+00:00,train,122,1,19,1,3,19,0,61,35,149.42857142857142,126.64285714285714,86.10714285714286,99,
resort_hotel,c31c4e41-2181-5ea7-875e-e62ec156c77b,2016-01-20,14,2016-01-07T00:00:00+00:00,train,70,2,20,1,3,20,0,72,96,113.42857142857143,122.5,88.53571428571429,25,
city_hotel,c7fb00b8-6205-5d73-95ad-5f774926f2cc,2016-01-20,14,2016-01-07T00:00:00+00:00,train,126,2,20,1,3,20,0,64,36,130.71428571428572,128.64285714285714,86.42857142857143,95,
resort_hotel,c31c4e41-2181-5ea7-875e-e62ec156c77b,2016-01-21,14,2016-01-08T00:00:00+00:00,train,56,3,21,1,3,21,0,71,129,98.0,118.35714285714286,89.42857142857143,20,
city_hotel,c7fb00b8-6205-5d73-95ad-5f774926f2cc,2016-01-21,14,2016-01-08T00:00:00+00:00,train,99,3,21,1,3,21,0,56,51,108.28571428571429,129.0,85.17857142857143,73,
resort_hotel,c31c4e41-2181-5ea7-875e-e62ec156c77b,2016-01-22,14,2016-01-09T00:00:00+00:00,train,55,4,22,1,3,22,0,54,137,81.14285714285714,112.42857142857143,89.82142857142857,24,
city_hotel,c7fb00b8-6205-5d73-95ad-5f774926f2cc,2016-01-22,14,2016-01-09T00:00:00+00:00,train,73,4,22,1,3,22,0,47,59,91.57142857142857,128.14285714285714,83.53571428571429,59,
resort_hotel,c31c4e41-2181-5ea7-875e-e62ec156c77b,2016-01-23,14,2016-01-10T00:00:00+00:00,train,71,5,23,1,3,23,1,65,143,69.28571428571429,106.85714285714286,90.10714285714286,24,
city_hotel,c7fb00b8-6205-5d73-95ad-5f774926f2cc,2016-01-23,14,2016-01-10T00:00:00+00:00,train,77,5,23,1,3,23,1,49,99,74.42857142857143,124.57142857142857,83.32142857142857,62,
resort_hotel,c31c4e41-2181-5ea7-875e-e62ec156c77b,2016-01-24,14,2016-01-11T00:00:00+00:00,train,33,6,24,1,3,24,1,56,131,67.42857142857143,101.5,91.07142857142857,15,
city_hotel,c7fb00b8-6205-5d73-95ad-5f774926f2cc,2016-01-24,14,2016-01-11T00:00:00+00:00,train,54,6,24,1,3,24,1,47,130,64.14285714285714,118.64285714285714,83.92857142857143,51,
resort_hotel,c31c4e41-2181-5ea7-875e-e62ec156c77b,2016-01-25,14,2016-01-12T00:00:00+00:00,train,36,0,25,1,4,25,0,64,123,65.0,97.28571428571429,91.82142857142857,15,
city_hotel,c7fb00b8-6205-5d73-95ad-5f774926f2cc,2016-01-25,14,2016-01-12T00:00:00+00:00,train,82,0,25,1,4,25,0,36,155,51.42857142857143,110.14285714285714,84.25,76,
resort_hotel,c31c4e41-2181-5ea7-875e-e62ec156c77b,2016-01-26,14,2016-01-13T00:00:00+00:00,train,61,1,26,1,4,26,0,75,90,65.28571428571429,96.21428571428571,92.75,19,
city_hotel,c7fb00b8-6205-5d73-95ad-5f774926f2cc,2016-01-26,14,2016-01-13T00:00:00+00:00,train,79,1,26,1,4,26,0,45,197,49.142857142857146,99.28571428571429,85.10714285714286,80,
resort_hotel,c31c4e41-2181-5ea7-875e-e62ec156c77b,2016-01-27,14,2016-01-14T00:00:00+00:00,train,50,2,27,1,4,27,0,65,168,64.28571428571429,88.85714285714286,93.21428571428571,22,
city_hotel,c7fb00b8-6205-5d73-95ad-5f774926f2cc,2016-01-27,14,2016-01-14T00:00:00+00:00,train,84,2,27,1,4,27,0,40,195,45.714285714285715,88.21428571428571,85.5,64,
resort_hotel,c31c4e41-2181-5ea7-875e-e62ec156c77b,2016-01-28,14,2016-01-15T00:00:00+00:00,train,64,3,28,1,4,28,0,78,179,65.28571428571429,81.64285714285714,94.14285714285714,31,
city_hotel,c7fb00b8-6205-5d73-95ad-5f774926f2cc,2016-01-28,14,2016-01-15T00:00:00+00:00,train,81,3,28,1,4,28,0,67,213,47.285714285714285,77.78571428571429,86.67857142857143,70,
resort_hotel,c31c4e41-2181-5ea7-875e-e62ec156c77b,2016-01-29,14,2016-01-16T00:00:00+00:00,train,60,4,29,1,4,29,0,72,172,67.85714285714286,74.5,95.03571428571429,32,
city_hotel,c7fb00b8-6205-5d73-95ad-5f774926f2cc,2016-01-29,14,2016-01-16T00:00:00+00:00,train,77,4,29,1,4,29,0,79,164,51.857142857142854,71.71428571428571,87.67857142857143,65,
resort_hotel,c31c4e41-2181-5ea7-875e-e62ec156c77b,2016-01-30,14,2016-01-17T00:00:00+00:00,train,63,5,30,1,4,30,1,75,148,69.28571428571429,69.28571428571429,95.60714285714286,35,
city_hotel,c7fb00b8-6205-5d73-95ad-5f774926f2cc,2016-01-30,14,2016-01-17T00:00:00+00:00,train,81,5,30,1,4,30,1,90,169,57.714285714285715,66.07142857142857,89.39285714285714,61,
resort_hotel,c31c4e41-2181-5ea7-875e-e62ec156c77b,2016-01-31,14,2016-01-18T00:00:00+00:00,train,38,6,31,1,4,31,1,42,69,67.28571428571429,67.35714285714286,95.39285714285714,23,
city_hotel,c7fb00b8-6205-5d73-95ad-5f774926f2cc,2016-01-31,14,2016-01-18T00:00:00+00:00,train,60,6,31,1,4,31,1,53,119,58.57142857142857,61.357142857142854,90.0,58,
resort_hotel,c31c4e41-2181-5ea7-875e-e62ec156c77b,2016-02-01,14,2016-01-19T00:00:00+00:00,train,54,0,1,2,5,32,0,59,81,66.57142857142857,65.78571428571429,95.35714285714286,23,
city_hotel,c7fb00b8-6205-5d73-95ad-5f774926f2cc,2016-02-01,14,2016-01-19T00:00:00+00:00,train,56,0,1,2,5,32,0,53,125,61.0,56.214285714285715,90.5,43,
resort_hotel,c31c4e41-2181-5ea7-875e-e62ec156c77b,2016-02-02,14,2016-01-20T00:00:00+00:00,train,73,1,2,2,5,33,0,68,73,65.57142857142857,65.42857142857143,94.82142857142857,24,
city_hotel,c7fb00b8-6205-5d73-95ad-5f774926f2cc,2016-02-02,14,2016-01-20T00:00:00+00:00,train,49,1,2,2,5,33,0,122,61,72.0,60.57142857142857,93.60714285714286,37,
resort_hotel,c31c4e41-2181-5ea7-875e-e62ec156c77b,2016-02-03,14,2016-01-21T00:00:00+00:00,train,75,2,3,2,5,34,0,70,72,66.28571428571429,65.28571428571429,93.89285714285714,22,
city_hotel,c7fb00b8-6205-5d73-95ad-5f774926f2cc,2016-02-03,14,2016-01-21T00:00:00+00:00,train,70,2,3,2,5,34,0,126,64,84.28571428571429,65.0,96.82142857142857,37,
resort_hotel,c31c4e41-2181-5ea7-875e-e62ec156c77b,2016-02-04,14,2016-01-22T00:00:00+00:00,train,90,3,4,2,5,35,0,56,71,63.142857142857146,64.21428571428571,91.28571428571429,39,
city_hotel,c7fb00b8-6205-5d73-95ad-5f774926f2cc,2016-02-04,14,2016-01-22T00:00:00+00:00,train,80,3,4,2,5,35,0,99,56,88.85714285714286,68.07142857142857,98.53571428571429,62,
resort_hotel,c31c4e41-2181-5ea7-875e-e62ec156c77b,2016-02-05,14,2016-01-23T00:00:00+00:00,train,97,4,5,2,5,36,0,55,54,60.714285714285715,64.28571428571429,88.35714285714286,57,
city_hotel,c7fb00b8-6205-5d73-95ad-5f774926f2cc,2016-02-05,14,2016-01-23T00:00:00+00:00,train,109,4,5,2,5,36,0,73,47,88.0,69.92857142857143,99.03571428571429,87,
resort_hotel,c31c4e41-2181-5ea7-875e-e62ec156c77b,2016-02-06,14,2016-01-24T00:00:00+00:00,train,161,5,6,2,5,37,1,71,65,60.142857142857146,64.71428571428571,85.78571428571429,96,
city_hotel,c7fb00b8-6205-5d73-95ad-5f774926f2cc,2016-02-06,14,2016-01-24T00:00:00+00:00,train,170,5,6,2,5,37,1,77,49,86.14285714285714,71.92857142857143,98.25,134,
resort_hotel,c31c4e41-2181-5ea7-875e-e62ec156c77b,2016-02-07,14,2016-01-25T00:00:00+00:00,train,144,6,7,2,5,38,1,33,56,58.857142857142854,63.07142857142857,82.28571428571429,107,
city_hotel,c7fb00b8-6205-5d73-95ad-5f774926f2cc,2016-02-07,14,2016-01-25T00:00:00+00:00,train,162,6,7,2,5,38,1,54,47,86.28571428571429,72.42857142857143,95.53571428571429,140,
resort_hotel,c31c4e41-2181-5ea7-875e-e62ec156c77b,2016-02-08,14,2016-01-26T00:00:00+00:00,train,139,0,8,2,6,39,0,36,64,55.57142857142857,61.07142857142857,79.17857142857143,108,
city_hotel,c7fb00b8-6205-5d73-95ad-5f774926f2cc,2016-02-08,14,2016-01-26T00:00:00+00:00,train,173,0,8,2,6,39,0,82,36,90.42857142857143,75.71428571428571,92.92857142857143,138,
resort_hotel,c31c4e41-2181-5ea7-875e-e62ec156c77b,2016-02-09,14,2016-01-27T00:00:00+00:00,train,93,1,9,2,6,40,0,61,75,54.57142857142857,60.07142857142857,78.14285714285714,64,
city_hotel,c7fb00b8-6205-5d73-95ad-5f774926f2cc,2016-02-09,14,2016-01-27T00:00:00+00:00,train,155,1,9,2,6,40,0,79,45,84.28571428571429,78.14285714285714,88.71428571428571,135,
resort_hotel,c31c4e41-2181-5ea7-875e-e62ec156c77b,2016-02-10,14,2016-01-28T00:00:00+00:00,train,91,2,10,2,6,41,0,50,65,51.714285714285715,59.0,73.92857142857143,57,
city_hotel,c7fb00b8-6205-5d73-95ad-5f774926f2cc,2016-02-10,14,2016-01-28T00:00:00+00:00,train,100,2,10,2,6,41,0,84,40,78.28571428571429,81.28571428571429,84.75,70,
resort_hotel,c31c4e41-2181-5ea7-875e-e62ec156c77b,2016-02-11,14,2016-01-29T00:00:00+00:00,train,81,3,11,2,6,42,0,64,78,52.857142857142854,58.0,69.82142857142857,51,
city_hotel,c7fb00b8-6205-5d73-95ad-5f774926f2cc,2016-02-11,14,2016-01-29T00:00:00+00:00,train,107,3,11,2,6,42,0,81,67,75.71428571428571,82.28571428571429,80.03571428571429,83,
resort_hotel,c31c4e41-2181-5ea7-875e-e62ec156c77b,2016-02-12,14,2016-01-30T00:00:00+00:00,train,129,4,12,2,6,43,0,60,72,53.57142857142857,57.142857142857146,65.82142857142857,117,
city_hotel,c7fb00b8-6205-5d73-95ad-5f774926f2cc,2016-02-12,14,2016-01-30T00:00:00+00:00,train,148,4,12,2,6,43,0,77,79,76.28571428571429,82.14285714285714,76.92857142857143,101,
resort_hotel,c31c4e41-2181-5ea7-875e-e62ec156c77b,2016-02-13,14,2016-01-31T00:00:00+00:00,train,170,5,13,2,6,44,1,63,75,52.42857142857143,56.285714285714285,62.785714285714285,127,
city_hotel,c7fb00b8-6205-5d73-95ad-5f774926f2cc,2016-02-13,14,2016-01-31T00:00:00+00:00,train,195,5,13,2,6,44,1,81,90,76.85714285714286,81.5,73.78571428571429,121,
resort_hotel,c31c4e41-2181-5ea7-875e-e62ec156c77b,2016-02-14,14,2016-02-01T00:00:00+00:00,train,94,6,14,2,6,45,1,38,42,53.142857142857146,56.0,61.67857142857143,57,
city_hotel,c7fb00b8-6205-5d73-95ad-5f774926f2cc,2016-02-14,14,2016-02-01T00:00:00+00:00,train,140,6,14,2,6,45,1,60,53,77.71428571428571,82.0,71.67857142857143,83,
resort_hotel,c31c4e41-2181-5ea7-875e-e62ec156c77b,2016-02-15,14,2016-02-02T00:00:00+00:00,train,81,0,15,2,7,46,0,54,59,55.714285714285715,55.642857142857146,60.714285714285715,50,
city_hotel,c7fb00b8-6205-5d73-95ad-5f774926f2cc,2016-02-15,14,2016-02-02T00:00:00+00:00,train,123,0,15,2,7,46,0,56,53,74.0,82.21428571428571,69.21428571428571,72,
resort_hotel,c31c4e41-2181-5ea7-875e-e62ec156c77b,2016-02-16,14,2016-02-03T00:00:00+00:00,train,99,1,16,2,7,47,0,73,68,57.42857142857143,56.0,60.714285714285715,54,
city_hotel,c7fb00b8-6205-5d73-95ad-5f774926f2cc,2016-02-16,14,2016-02-03T00:00:00+00:00,train,124,1,16,2,7,47,0,49,122,69.71428571428571,77.0,68.78571428571429,69,
resort_hotel,c31c4e41-2181-5ea7-875e-e62ec156c77b,2016-02-17,14,2016-02-04T00:00:00+00:00,train,112,2,17,2,7,48,0,75,70,61.0,56.357142857142854,60.82142857142857,57,
city_hotel,c7fb00b8-6205-5d73-95ad-5f774926f2cc,2016-02-17,14,2016-02-04T00:00:00+00:00,train,107,2,17,2,7,48,0,70,126,67.71428571428571,73.0,69.0,65,
resort_hotel,c31c4e41-2181-5ea7-875e-e62ec156c77b,2016-02-18,14,2016-02-05T00:00:00+00:00,train,97,3,18,2,7,49,0,90,56,64.71428571428571,58.785714285714285,61.5,49,
city_hotel,c7fb00b8-6205-5d73-95ad-5f774926f2cc,2016-02-18,14,2016-02-05T00:00:00+00:00,train,115,3,18,2,7,49,0,80,99,67.57142857142857,71.64285714285714,69.85714285714286,88,
resort_hotel,c31c4e41-2181-5ea7-875e-e62ec156c77b,2016-02-19,14,2016-02-06T00:00:00+00:00,train,81,4,19,2,7,50,0,97,55,70.0,61.785714285714285,63.035714285714285,52,
city_hotel,c7fb00b8-6205-5d73-95ad-5f774926f2cc,2016-02-19,14,2016-02-06T00:00:00+00:00,train,204,4,19,2,7,50,0,109,73,72.14285714285714,74.21428571428571,72.07142857142857,164,
resort_hotel,c31c4e41-2181-5ea7-875e-e62ec156c77b,2016-02-20,14,2016-02-07T00:00:00+00:00,train,86,5,20,2,7,51,1,161,71,84.0,68.21428571428571,66.46428571428571,47,
city_hotel,c7fb00b8-6205-5d73-95ad-5f774926f2cc,2016-02-20,14,2016-02-07T00:00:00+00:00,train,151,5,20,2,7,51,1,170,77,84.85714285714286,80.85714285714286,76.39285714285714,123,
resort_hotel,c31c4e41-2181-5ea7-875e-e62ec156c77b,2016-02-21,14,2016-02-08T00:00:00+00:00,train,54,6,21,2,7,52,1,144,33,99.14285714285714,76.14285714285714,69.60714285714286,39,
city_hotel,c7fb00b8-6205-5d73-95ad-5f774926f2cc,2016-02-21,14,2016-02-08T00:00:00+00:00,train,114,6,21,2,7,52,1,162,54,99.42857142857143,88.57142857142857,80.5,94,
resort_hotel,c31c4e41-2181-5ea7-875e-e62ec156c77b,2016-02-22,14,2016-02-09T00:00:00+00:00,train,87,0,22,2,8,53,0,139,36,111.28571428571429,83.5,72.28571428571429,49,
city_hotel,c7fb00b8-6205-5d73-95ad-5f774926f2cc,2016-02-22,14,2016-02-09T00:00:00+00:00,train,122,0,22,2,8,53,0,173,82,116.14285714285714,95.07142857142857,85.39285714285714,102,
resort_hotel,c31c4e41-2181-5ea7-875e-e62ec156c77b,2016-02-23,14,2016-02-10T00:00:00+00:00,train,93,1,23,2,8,54,0,93,61,114.14285714285714,85.78571428571429,72.92857142857143,55,
city_hotel,c7fb00b8-6205-5d73-95ad-5f774926f2cc,2016-02-23,14,2016-02-10T00:00:00+00:00,train,128,1,23,2,8,54,0,155,79,131.28571428571428,100.5,89.32142857142857,95,
resort_hotel,c31c4e41-2181-5ea7-875e-e62ec156c77b,2016-02-24,14,2016-02-11T00:00:00+00:00,train,92,2,24,2,8,55,0,91,50,116.42857142857143,88.71428571428571,73.85714285714286,49,
city_hotel,c7fb00b8-6205-5d73-95ad-5f774926f2cc,2016-02-24,14,2016-02-11T00:00:00+00:00,train,135,2,24,2,8,55,0,100,84,135.57142857142858,101.64285714285714,91.46428571428571,90,
resort_hotel,c31c4e41-2181-5ea7-875e-e62ec156c77b,2016-02-25,14,2016-02-12T00:00:00+00:00,train,100,3,25,2,8,56,0,81,64,115.14285714285714,89.92857142857143,73.96428571428571,50,
city_hotel,c7fb00b8-6205-5d73-95ad-5f774926f2cc,2016-02-25,14,2016-02-12T00:00:00+00:00,train,129,3,25,2,8,56,0,107,81,139.42857142857142,103.5,92.89285714285714,77,
resort_hotel,c31c4e41-2181-5ea7-875e-e62ec156c77b,2016-02-26,14,2016-02-13T00:00:00+00:00,train,121,4,26,2,8,57,0,129,60,119.71428571428571,94.85714285714286,76.0,70,
city_hotel,c7fb00b8-6205-5d73-95ad-5f774926f2cc,2016-02-26,14,2016-02-13T00:00:00+00:00,train,139,4,26,2,8,57,0,148,77,145.0,108.57142857142857,95.35714285714286,98,
resort_hotel,c31c4e41-2181-5ea7-875e-e62ec156c77b,2016-02-27,14,2016-02-14T00:00:00+00:00,train,181,5,27,2,8,58,1,170,63,121.0,102.5,79.39285714285714,111,
city_hotel,c7fb00b8-6205-5d73-95ad-5f774926f2cc,2016-02-27,14,2016-02-14T00:00:00+00:00,train,168,5,27,2,8,58,1,195,81,148.57142857142858,116.71428571428571,99.10714285714286,137,
resort_hotel,c31c4e41-2181-5ea7-875e-e62ec156c77b,2016-02-28,14,2016-02-15T00:00:00+00:00,train,166,6,28,2,8,59,1,94,38,113.85714285714286,106.5,81.25,114,
city_hotel,c7fb00b8-6205-5d73-95ad-5f774926f2cc,2016-02-28,14,2016-02-15T00:00:00+00:00,train,136,6,28,2,8,59,1,140,60,145.42857142857142,122.42857142857143,102.21428571428571,185,
resort_hotel,c31c4e41-2181-5ea7-875e-e62ec156c77b,2016-02-29,14,2016-02-16T00:00:00+00:00,train,87,0,29,2,9,60,0,81,54,105.57142857142857,108.42857142857143,82.03571428571429,61,
city_hotel,c7fb00b8-6205-5d73-95ad-5f774926f2cc,2016-02-29,14,2016-02-16T00:00:00+00:00,train,130,0,29,2,9,60,0,123,56,138.28571428571428,127.21428571428571,104.71428571428571,173,
resort_hotel,c31c4e41-2181-5ea7-875e-e62ec156c77b,2016-03-01,14,2016-02-17T00:00:00+00:00,train,112,1,1,3,9,61,0,99,73,106.42857142857143,110.28571428571429,83.14285714285714,70,
city_hotel,c7fb00b8-6205-5d73-95ad-5f774926f2cc,2016-03-01,14,2016-02-17T00:00:00+00:00,train,169,1,1,3,9,61,0,124,49,133.85714285714286,132.57142857142858,104.78571428571429,187,
resort_hotel,c31c4e41-2181-5ea7-875e-e62ec156c77b,2016-03-02,14,2016-02-18T00:00:00+00:00,train,123,2,2,3,9,62,0,112,75,109.42857142857143,112.92857142857143,84.64285714285714,66,
city_hotel,c7fb00b8-6205-5d73-95ad-5f774926f2cc,2016-03-02,14,2016-02-18T00:00:00+00:00,train,179,2,2,3,9,62,0,107,70,134.85714285714286,135.21428571428572,104.10714285714286,95,
resort_hotel,c31c4e41-2181-5ea7-875e-e62ec156c77b,2016-03-03,14,2016-02-19T00:00:00+00:00,train,101,3,3,3,9,63,0,97,90,111.71428571428571,113.42857142857143,86.10714285714286,57,
city_hotel,c7fb00b8-6205-5d73-95ad-5f774926f2cc,2016-03-03,14,2016-02-19T00:00:00+00:00,train,158,3,3,3,9,63,0,115,80,136.0,137.71428571428572,104.67857142857143,110,
resort_hotel,c31c4e41-2181-5ea7-875e-e62ec156c77b,2016-03-04,14,2016-02-20T00:00:00+00:00,train,120,4,4,3,9,64,0,81,97,104.85714285714286,112.28571428571429,87.03571428571429,75,
city_hotel,c7fb00b8-6205-5d73-95ad-5f774926f2cc,2016-03-04,14,2016-02-20T00:00:00+00:00,train,170,4,4,3,9,64,0,204,109,144.0,144.5,109.35714285714286,174,
resort_hotel,c31c4e41-2181-5ea7-875e-e62ec156c77b,2016-03-05,14,2016-02-21T00:00:00+00:00,train,132,5,5,3,9,65,1,86,161,92.85714285714286,106.92857142857143,87.57142857142857,82,
city_hotel,c7fb00b8-6205-5d73-95ad-5f774926f2cc,2016-03-05,14,2016-02-21T00:00:00+00:00,train,194,5,5,3,9,65,1,151,170,137.71428571428572,143.14285714285714,112.0,194,
resort_hotel,c31c4e41-2181-5ea7-875e-e62ec156c77b,2016-03-06,14,2016-02-22T00:00:00+00:00,train,77,6,6,3,9,66,1,54,144,87.14285714285714,100.5,88.32142857142857,63,
city_hotel,c7fb00b8-6205-5d73-95ad-5f774926f2cc,2016-03-06,14,2016-02-22T00:00:00+00:00,train,154,6,6,3,9,66,1,114,162,134.0,139.71428571428572,114.14285714285714,152,
resort_hotel,c31c4e41-2181-5ea7-875e-e62ec156c77b,2016-03-07,14,2016-02-23T00:00:00+00:00,train,118,0,7,3,10,67,0,87,139,88.0,96.78571428571429,90.14285714285714,95,
city_hotel,c7fb00b8-6205-5d73-95ad-5f774926f2cc,2016-03-07,14,2016-02-23T00:00:00+00:00,train,165,0,7,3,10,67,0,122,173,133.85714285714286,136.07142857142858,115.57142857142857,128,
resort_hotel,c31c4e41-2181-5ea7-875e-e62ec156c77b,2016-03-08,14,2016-02-24T00:00:00+00:00,train,139,1,8,3,10,68,0,93,93,87.14285714285714,96.78571428571429,91.28571428571429,98,
city_hotel,c7fb00b8-6205-5d73-95ad-5f774926f2cc,2016-03-08,14,2016-02-24T00:00:00+00:00,train,170,1,8,3,10,68,0,128,155,134.42857142857142,134.14285714285714,117.32142857142857,121,
resort_hotel,c31c4e41-2181-5ea7-875e-e62ec156c77b,2016-03-09,14,2016-02-25T00:00:00+00:00,train,148,2,9,3,10,69,0,92,91,84.28571428571429,96.85714285714286,92.78571428571429,118,
city_hotel,c7fb00b8-6205-5d73-95ad-5f774926f2cc,2016-03-09,14,2016-02-25T00:00:00+00:00,train,182,2,9,3,10,69,0,135,100,138.42857142857142,136.64285714285714,119.14285714285714,139,
resort_hotel,c31c4e41-2181-5ea7-875e-e62ec156c77b,2016-03-10,14,2016-02-26T00:00:00+00:00,train,146,3,10,3,10,70,0,100,81,84.71428571428571,98.21428571428571,94.07142857142857,127,
city_hotel,c7fb00b8-6205-5d73-95ad-5f774926f2cc,2016-03-10,14,2016-02-26T00:00:00+00:00,train,185,3,10,3,10,70,0,129,107,140.42857142857142,138.21428571428572,120.85714285714286,150,
resort_hotel,c31c4e41-2181-5ea7-875e-e62ec156c77b,2016-03-11,14,2016-02-27T00:00:00+00:00,train,169,4,11,3,10,71,0,121,129,90.42857142857143,97.64285714285714,96.25,161,
city_hotel,c7fb00b8-6205-5d73-95ad-5f774926f2cc,2016-03-11,14,2016-02-27T00:00:00+00:00,train,197,4,11,3,10,71,0,139,148,131.14285714285714,137.57142857142858,123.07142857142857,174,
resort_hotel,c31c4e41-2181-5ea7-875e-e62ec156c77b,2016-03-12,14,2016-02-28T00:00:00+00:00,train,154,5,12,3,10,72,1,181,170,104.0,98.42857142857143,100.46428571428571,119,
city_hotel,c7fb00b8-6205-5d73-95ad-5f774926f2cc,2016-03-12,14,2016-02-28T00:00:00+00:00,train,194,5,12,3,10,72,1,168,195,133.57142857142858,135.64285714285714,126.17857142857143,183,
resort_hotel,c31c4e41-2181-5ea7-875e-e62ec156c77b,2016-03-13,14,2016-02-29T00:00:00+00:00,train,88,6,13,3,10,73,1,166,94,120.0,103.57142857142857,105.03571428571429,70,
city_hotel,c7fb00b8-6205-5d73-95ad-5f774926f2cc,2016-03-13,14,2016-02-29T00:00:00+00:00,train,193,6,13,3,10,73,1,136,140,136.71428571428572,135.35714285714286,128.89285714285714,182,
resort_hotel,c31c4e41-2181-5ea7-875e-e62ec156c77b,2016-03-14,14,2016-03-01T00:00:00+00:00,train,118,0,14,3,11,74,0,87,81,120.0,104.0,106.21428571428571,67,
city_hotel,c7fb00b8-6205-5d73-95ad-5f774926f2cc,2016-03-14,14,2016-03-01T00:00:00+00:00,train,174,0,14,3,11,74,0,130,123,137.85714285714286,135.85714285714286,131.53571428571428,160,
resort_hotel,c31c4e41-2181-5ea7-875e-e62ec156c77b,2016-03-15,14,2016-03-02T00:00:00+00:00,train,136,1,15,3,11,75,0,112,99,122.71428571428571,104.92857142857143,107.60714285714286,71,
city_hotel,c7fb00b8-6205-5d73-95ad-5f774926f2cc,2016-03-15,14,2016-03-02T00:00:00+00:00,train,181,1,15,3,11,75,0,169,124,143.71428571428572,139.07142857142858,135.82142857142858,155,
resort_hotel,c31c4e41-2181-5ea7-875e-e62ec156c77b,2016-03-16,14,2016-03-03T00:00:00+00:00,train,141,2,16,3,11,76,0,123,112,127.14285714285714,105.71428571428571,109.32142857142857,81,
city_hotel,c7fb00b8-6205-5d73-95ad-5f774926f2cc,2016-03-16,14,2016-03-03T00:00:00+00:00,train,174,2,16,3,11,76,0,179,107,150.0,144.21428571428572,139.71428571428572,141,
resort_hotel,c31c4e41-2181-5ea7-875e-e62ec156c77b,2016-03-17,14,2016-03-04T00:00:00+00:00,train,156,3,17,3,11,77,0,101,97,127.28571428571429,106.0,109.71428571428571,99,
city_hotel,c7fb00b8-6205-5d73-95ad-5f774926f2cc,2016-03-17,14,2016-03-04T00:00:00+00:00,train,179,3,17,3,11,77,0,158,115,154.14285714285714,147.28571428571428,142.5,152,
resort_hotel,c31c4e41-2181-5ea7-875e-e62ec156c77b,2016-03-18,14,2016-03-05T00:00:00+00:00,train,140,4,18,3,11,78,0,120,81,127.14285714285714,108.78571428571429,110.53571428571429,106,
city_hotel,c7fb00b8-6205-5d73-95ad-5f774926f2cc,2016-03-18,14,2016-03-05T00:00:00+00:00,train,181,4,18,3,11,78,0,170,204,158.57142857142858,144.85714285714286,144.67857142857142,180,
resort_hotel,c31c4e41-2181-5ea7-875e-e62ec156c77b,2016-03-19,14,2016-03-06T00:00:00+00:00,train,174,5,19,3,11,79,1,132,86,120.14285714285714,112.07142857142857,109.5,134,
city_hotel,c7fb00b8-6205-5d73-95ad-5f774926f2cc,2016-03-19,14,2016-03-06T00:00:00+00:00,train,185,5,19,3,11,79,1,194,151,162.28571428571428,147.92857142857142,145.53571428571428,190,
resort_hotel,c31c4e41-2181-5ea7-875e-e62ec156c77b,2016-03-20,14,2016-03-07T00:00:00+00:00,train,153,6,20,3,11,80,1,77,54,107.42857142857143,113.71428571428571,107.10714285714286,127,
city_hotel,c7fb00b8-6205-5d73-95ad-5f774926f2cc,2016-03-20,14,2016-03-07T00:00:00+00:00,train,212,6,20,3,11,80,1,154,114,164.85714285714286,150.78571428571428,145.25,180,
resort_hotel,c31c4e41-2181-5ea7-875e-e62ec156c77b,2016-03-21,14,2016-03-08T00:00:00+00:00,train,177,0,21,3,12,81,0,118,87,111.85714285714286,115.92857142857143,106.35714285714286,141,
city_hotel,c7fb00b8-6205-5d73-95ad-5f774926f2cc,2016-03-21,14,2016-03-08T00:00:00+00:00,train,214,0,21,3,12,81,0,165,122,169.85714285714286,153.85714285714286,144.96428571428572,185,
resort_hotel,c31c4e41-2181-5ea7-875e-e62ec156c77b,2016-03-22,14,2016-03-09T00:00:00+00:00,train,178,1,22,3,12,82,0,139,93,115.71428571428571,119.21428571428571,108.0,134,
city_hotel,c7fb00b8-6205-5d73-95ad-5f774926f2cc,2016-03-22,14,2016-03-09T00:00:00+00:00,train,191,1,22,3,12,82,0,170,128,170.0,156.85714285714286,145.5,158,
resort_hotel,c31c4e41-2181-5ea7-875e-e62ec156c77b,2016-03-23,14,2016-03-10T00:00:00+00:00,train,154,2,23,3,12,83,0,148,92,119.28571428571429,123.21428571428571,110.03571428571429,118,
city_hotel,c7fb00b8-6205-5d73-95ad-5f774926f2cc,2016-03-23,14,2016-03-10T00:00:00+00:00,train,195,2,23,3,12,83,0,182,135,170.42857142857142,160.21428571428572,148.42857142857142,168,
resort_hotel,c31c4e41-2181-5ea7-875e-e62ec156c77b,2016-03-24,14,2016-03-11T00:00:00+00:00,train,176,3,24,3,12,84,0,146,100,125.71428571428571,126.5,112.35714285714286,159,
city_hotel,c7fb00b8-6205-5d73-95ad-5f774926f2cc,2016-03-24,14,2016-03-11T00:00:00+00:00,train,223,3,24,3,12,84,0,185,129,174.28571428571428,164.21428571428572,151.21428571428572,196,
resort_hotel,c31c4e41-2181-5ea7-875e-e62ec156c77b,2016-03-25,14,2016-03-12T00:00:00+00:00,train,187,4,25,3,12,85,0,169,121,132.71428571428572,129.92857142857142,113.78571428571429,173,
city_hotel,c7fb00b8-6205-5d73-95ad-5f774926f2cc,2016-03-25,14,2016-03-12T00:00:00+00:00,train,219,4,25,3,12,85,0,197,139,178.14285714285714,168.35714285714286,152.96428571428572,212,
resort_hotel,c31c4e41-2181-5ea7-875e-e62ec156c77b,2016-03-26,14,2016-03-13T00:00:00+00:00,train,179,5,26,3,12,86,1,154,181,135.85714285714286,128.0,113.21428571428571,165,
city_hotel,c7fb00b8-6205-5d73-95ad-5f774926f2cc,2016-03-26,14,2016-03-13T00:00:00+00:00,train,201,5,26,3,12,86,1,194,168,178.14285714285714,170.21428571428572,152.92857142857142,204,
resort_hotel,c31c4e41-2181-5ea7-875e-e62ec156c77b,2016-03-27,14,2016-03-14T00:00:00+00:00,train,107,6,27,3,12,87,1,88,166,137.42857142857142,122.42857142857143,113.0,81,
city_hotel,c7fb00b8-6205-5d73-95ad-5f774926f2cc,2016-03-27,14,2016-03-14T00:00:00+00:00,train,174,6,27,3,12,87,1,193,136,183.71428571428572,174.28571428571428,154.82142857142858,184,
resort_hotel,c31c4e41-2181-5ea7-875e-e62ec156c77b,2016-03-28,14,2016-03-15T00:00:00+00:00,train,105,0,28,3,13,88,0,118,87,137.42857142857142,124.64285714285714,114.32142857142857,85,
city_hotel,c7fb00b8-6205-5d73-95ad-5f774926f2cc,2016-03-28,14,2016-03-15T00:00:00+00:00,train,167,0,28,3,13,88,0,174,130,185.0,177.42857142857142,156.64285714285714,168,
resort_hotel,c31c4e41-2181-5ea7-875e-e62ec156c77b,2016-03-29,14,2016-03-16T00:00:00+00:00,train,115,1,29,3,13,89,0,136,112,137.0,126.35714285714286,115.64285714285714,85,
city_hotel,c7fb00b8-6205-5d73-95ad-5f774926f2cc,2016-03-29,14,2016-03-16T00:00:00+00:00,train,180,1,29,3,13,89,0,181,169,186.57142857142858,178.28571428571428,158.67857142857142,170,
resort_hotel,c31c4e41-2181-5ea7-875e-e62ec156c77b,2016-03-30,14,2016-03-17T00:00:00+00:00,train,130,2,30,3,13,90,0,141,123,136.0,127.64285714285714,116.67857142857143,97,
city_hotel,c7fb00b8-6205-5d73-95ad-5f774926f2cc,2016-03-30,14,2016-03-17T00:00:00+00:00,train,184,2,30,3,13,90,0,174,179,185.42857142857142,177.92857142857142,161.07142857142858,166,
resort_hotel,c31c4e41-2181-5ea7-875e-e62ec156c77b,2016-03-31,14,2016-03-18T00:00:00+00:00,train,166,3,31,3,13,91,0,156,101,137.42857142857142,131.57142857142858,118.78571428571429,169,
city_hotel,c7fb00b8-6205-5d73-95ad-5f774926f2cc,2016-03-31,14,2016-03-18T00:00:00+00:00,train,204,3,31,3,13,91,0,179,158,184.57142857142858,179.42857142857142,163.35714285714286,210,
resort_hotel,c31c4e41-2181-5ea7-875e-e62ec156c77b,2016-04-01,14,2016-03-19T00:00:00+00:00,train,160,4,1,4,13,92,0,140,120,133.28571428571428,133.0,120.89285714285714,164,
city_hotel,c7fb00b8-6205-5d73-95ad-5f774926f2cc,2016-04-01,14,2016-03-19T00:00:00+00:00,train,206,4,1,4,13,92,0,181,170,182.28571428571428,180.21428571428572,162.53571428571428,215,
resort_hotel,c31c4e41-2181-5ea7-875e-e62ec156c77b,2016-04-02,14,2016-03-20T00:00:00+00:00,train,163,5,2,4,13,93,1,174,132,136.14285714285714,136.0,124.03571428571429,166,
city_hotel,c7fb00b8-6205-5d73-95ad-5f774926f2cc,2016-04-02,14,2016-03-20T00:00:00+00:00,train,189,5,2,4,13,93,1,185,194,181.0,179.57142857142858,163.75,200,
resort_hotel,c31c4e41-2181-5ea7-875e-e62ec156c77b,2016-04-03,14,2016-03-21T00:00:00+00:00,train,132,6,3,4,13,94,1,153,77,145.42857142857142,141.42857142857142,127.57142857142857,132,
city_hotel,c7fb00b8-6205-5d73-95ad-5f774926f2cc,2016-04-03,14,2016-03-21T00:00:00+00:00,train,152,6,3,4,13,94,1,212,154,183.71428571428572,183.71428571428572,167.25,166,
resort_hotel,c31c4e41-2181-5ea7-875e-e62ec156c77b,2016-04-04,14,2016-03-22T00:00:00+00:00,train,136,0,4,4,14,95,0,177,118,153.85714285714286,145.64285714285714,130.78571428571428,110,
city_hotel,c7fb00b8-6205-5d73-95ad-5f774926f2cc,2016-04-04,14,2016-03-22T00:00:00+00:00,train,174,0,4,4,14,95,0,214,165,189.42857142857142,187.21428571428572,170.53571428571428,166,
resort_hotel,c31c4e41-2181-5ea7-875e-e62ec156c77b,2016-04-05,14,2016-03-23T00:00:00+00:00,train,148,1,5,4,14,96,0,178,139,159.85714285714286,148.42857142857142,133.82142857142858,116,
city_hotel,c7fb00b8-6205-5d73-95ad-5f774926f2cc,2016-04-05,14,2016-03-23T00:00:00+00:00,train,179,1,5,4,14,96,0,191,170,190.85714285714286,188.71428571428572,172.78571428571428,165,
resort_hotel,c31c4e41-2181-5ea7-875e-e62ec156c77b,2016-04-06,14,2016-03-24T00:00:00+00:00,train,120,2,6,4,14,97,0,154,148,161.71428571428572,148.85714285714286,136.03571428571428,74,
city_hotel,c7fb00b8-6205-5d73-95ad-5f774926f2cc,2016-04-06,14,2016-03-24T00:00:00+00:00,train,216,2,6,4,14,97,0,195,182,193.85714285714286,189.64285714285714,174.92857142857142,214,
resort_hotel,c31c4e41-2181-5ea7-875e-e62ec156c77b,2016-04-07,14,2016-03-25T00:00:00+00:00,train,155,3,7,4,14,98,0,176,146,164.57142857142858,151.0,138.75,112,
city_hotel,c7fb00b8-6205-5d73-95ad-5f774926f2cc,2016-04-07,14,2016-03-25T00:00:00+00:00,train,161,3,7,4,14,98,0,223,185,200.14285714285714,192.35714285714286,178.28571428571428,143,
resort_hotel,c31c4e41-2181-5ea7-875e-e62ec156c77b,2016-04-08,14,2016-03-26T00:00:00+00:00,train,155,4,8,4,14,99,0,187,169,171.28571428571428,152.28571428571428,141.10714285714286,122,
city_hotel,c7fb00b8-6205-5d73-95ad-5f774926f2cc,2016-04-08,14,2016-03-26T00:00:00+00:00,train,170,4,8,4,14,99,0,219,197,205.57142857142858,193.92857142857142,181.14285714285714,159,
resort_hotel,c31c4e41-2181-5ea7-875e-e62ec156c77b,2016-04-09,14,2016-03-27T00:00:00+00:00,train,166,5,9,4,14,100,1,179,154,172.0,154.07142857142858,141.03571428571428,140,
city_hotel,c7fb00b8-6205-5d73-95ad-5f774926f2cc,2016-04-09,14,2016-03-27T00:00:00+00:00,train,196,5,9,4,14,100,1,201,194,207.85714285714286,194.42857142857142,182.32142857142858,208,
resort_hotel,c31c4e41-2181-5ea7-875e-e62ec156c77b,2016-04-10,14,2016-03-28T00:00:00+00:00,train,143,6,10,4,14,101,1,107,88,165.42857142857142,155.42857142857142,138.92857142857142,126,
city_hotel,c7fb00b8-6205-5d73-95ad-5f774926f2cc,2016-04-10,14,2016-03-28T00:00:00+00:00,train,186,6,10,4,14,101,1,174,193,202.42857142857142,193.07142857142858,183.67857142857142,191,
resort_hotel,c31c4e41-2181-5ea7-875e-e62ec156c77b,2016-04-11,14,2016-03-29T00:00:00+00:00,train,162,0,11,4,15,102,0,105,118,155.14285714285714,154.5,139.57142857142858,126,
city_hotel,c7fb00b8-6205-5d73-95ad-5f774926f2cc,2016-04-11,14,2016-03-29T00:00:00+00:00,train,192,0,11,4,15,102,0,167,174,195.71428571428572,192.57142857142858,185.0,184,
resort_hotel,c31c4e41-2181-5ea7-875e-e62ec156c77b,2016-04-12,14,2016-03-30T00:00:00+00:00,train,164,1,12,4,15,103,0,115,136,146.14285714285714,153.0,139.67857142857142,130,
city_hotel,c7fb00b8-6205-5d73-95ad-5f774926f2cc,2016-04-12,14,2016-03-30T00:00:00+00:00,train,198,1,12,4,15,103,0,180,181,194.14285714285714,192.5,185.39285714285714,187,
resort_hotel,c31c4e41-2181-5ea7-875e-e62ec156c77b,2016-04-13,14,2016-03-31T00:00:00+00:00,train,178,2,13,4,15,104,0,130,141,142.71428571428572,152.21428571428572,139.92857142857142,140,
city_hotel,c7fb00b8-6205-5d73-95ad-5f774926f2cc,2016-04-13,14,2016-03-31T00:00:00+00:00,train,222,2,13,4,15,104,0,184,174,192.57142857142858,193.21428571428572,185.57142857142858,210,
resort_hotel,c31c4e41-2181-5ea7-875e-e62ec156c77b,2016-04-14,14,2016-04-01T00:00:00+00:00,train,174,3,14,4,15,105,0,166,156,141.28571428571428,152.92857142857142,142.25,139,
city_hotel,c7fb00b8-6205-5d73-95ad-5f774926f2cc,2016-04-14,14,2016-04-01T00:00:00+00:00,train,176,3,14,4,15,105,0,204,179,189.85714285714286,195.0,187.21428571428572,187,
resort_hotel,c31c4e41-2181-5ea7-875e-e62ec156c77b,2016-04-15,14,2016-04-02T00:00:00+00:00,train,152,4,15,4,15,106,0,160,140,137.42857142857142,154.35714285714286,143.67857142857142,133,
city_hotel,c7fb00b8-6205-5d73-95ad-5f774926f2cc,2016-04-15,14,2016-04-02T00:00:00+00:00,train,180,4,15,4,15,106,0,206,181,188.0,196.78571428571428,188.5,184,
resort_hotel,c31c4e41-2181-5ea7-875e-e62ec156c77b,2016-04-16,14,2016-04-03T00:00:00+00:00,train,157,5,16,4,15,107,1,163,174,135.14285714285714,153.57142857142858,144.78571428571428,141,
city_hotel,c7fb00b8-6205-5d73-95ad-5f774926f2cc,2016-04-16,14,2016-04-03T00:00:00+00:00,train,198,5,16,4,15,107,1,189,185,186.28571428571428,197.07142857142858,188.32142857142858,193,
resort_hotel,c31c4e41-2181-5ea7-875e-e62ec156c77b,2016-04-17,14,2016-04-04T00:00:00+00:00,train,122,6,17,4,15,108,1,132,153,138.71428571428572,152.07142857142858,146.75,111,
city_hotel,c7fb00b8-6205-5d73-95ad-5f774926f2cc,2016-04-17,14,2016-04-04T00:00:00+00:00,train,186,6,17,4,15,108,1,152,212,183.14285714285714,192.78571428571428,188.25,167,
resort_hotel,c31c4e41-2181-5ea7-875e-e62ec156c77b,2016-04-18,14,2016-04-05T00:00:00+00:00,train,159,0,18,4,16,109,0,136,177,143.14285714285714,149.14285714285714,147.39285714285714,141,
city_hotel,c7fb00b8-6205-5d73-95ad-5f774926f2cc,2016-04-18,14,2016-04-05T00:00:00+00:00,train,202,0,18,4,16,109,0,174,214,184.14285714285714,189.92857142857142,188.57142857142858,183,
resort_hotel,c31c4e41-2181-5ea7-875e-e62ec156c77b,2016-04-19,14,2016-04-06T00:00:00+00:00,train,183,1,19,4,16,110,0,148,178,147.85714285714286,147.0,147.71428571428572,174,
city_hotel,c7fb00b8-6205-5d73-95ad-5f774926f2cc,2016-04-19,14,2016-04-06T00:00:00+00:00,train,183,1,19,4,16,110,0,179,191,184.0,189.07142857142858,188.89285714285714,162,
resort_hotel,c31c4e41-2181-5ea7-875e-e62ec156c77b,2016-04-20,14,2016-04-07T00:00:00+00:00,train,151,2,20,4,16,111,0,120,154,146.42857142857142,144.57142857142858,146.71428571428572,129,
city_hotel,c7fb00b8-6205-5d73-95ad-5f774926f2cc,2016-04-20,14,2016-04-07T00:00:00+00:00,train,219,2,20,4,16,111,0,216,195,188.57142857142858,190.57142857142858,190.10714285714286,202,
resort_hotel,c31c4e41-2181-5ea7-875e-e62ec156c77b,2016-04-21,14,2016-04-08T00:00:00+00:00,train,135,3,21,4,16,112,0,155,176,144.85714285714286,143.07142857142858,147.03571428571428,128,
city_hotel,c7fb00b8-6205-5d73-95ad-5f774926f2cc,2016-04-21,14,2016-04-08T00:00:00+00:00,train,219,3,21,4,16,112,0,161,223,182.42857142857142,186.14285714285714,189.25,198,
resort_hotel,c31c4e41-2181-5ea7-875e-e62ec156c77b,2016-04-22,14,2016-04-09T00:00:00+00:00,train,170,4,22,4,16,113,0,155,187,144.14285714285714,140.78571428571428,146.53571428571428,158,
city_hotel,c7fb00b8-6205-5d73-95ad-5f774926f2cc,2016-04-22,14,2016-04-09T00:00:00+00:00,train,196,4,22,4,16,113,0,170,219,177.28571428571428,182.64285714285714,188.28571428571428,180,
resort_hotel,c31c4e41-2181-5ea7-875e-e62ec156c77b,2016-04-23,14,2016-04-10T00:00:00+00:00,train,183,5,23,4,16,114,1,166,179,144.57142857142858,139.85714285714286,146.96428571428572,170,
city_hotel,c7fb00b8-6205-5d73-95ad-5f774926f2cc,2016-04-23,14,2016-04-10T00:00:00+00:00,train,221,5,23,4,16,114,1,196,201,178.28571428571428,182.28571428571428,188.35714285714286,196,
resort_hotel,c31c4e41-2181-5ea7-875e-e62ec156c77b,2016-04-24,14,2016-04-11T00:00:00+00:00,train,183,6,24,4,16,115,1,143,107,146.14285714285714,142.42857142857142,148.92857142857142,178,
city_hotel,c7fb00b8-6205-5d73-95ad-5f774926f2cc,2016-04-24,14,2016-04-11T00:00:00+00:00,train,186,6,24,4,16,115,1,186,174,183.14285714285714,183.14285714285714,188.10714285714286,174,
resort_hotel,c31c4e41-2181-5ea7-875e-e62ec156c77b,2016-04-25,14,2016-04-12T00:00:00+00:00,train,135,0,25,4,17,116,0,162,105,149.85714285714286,146.5,150.5,123,
city_hotel,c7fb00b8-6205-5d73-95ad-5f774926f2cc,2016-04-25,14,2016-04-12T00:00:00+00:00,train,185,0,25,4,17,116,0,192,167,185.71428571428572,184.92857142857142,188.75,181,
resort_hotel,c31c4e41-2181-5ea7-875e-e62ec156c77b,2016-04-26,14,2016-04-13T00:00:00+00:00,train,133,1,26,4,17,117,0,164,115,152.14285714285714,150.0,151.5,101,
city_hotel,c7fb00b8-6205-5d73-95ad-5f774926f2cc,2016-04-26,14,2016-04-13T00:00:00+00:00,train,208,1,26,4,17,117,0,198,180,188.42857142857142,186.21428571428572,189.35714285714286,195,
resort_hotel,c31c4e41-2181-5ea7-875e-e62ec156c77b,2016-04-27,14,2016-04-14T00:00:00+00:00,train,160,2,27,4,17,118,0,178,130,160.42857142857142,153.42857142857142,152.82142857142858,105,
city_hotel,c7fb00b8-6205-5d73-95ad-5f774926f2cc,2016-04-27,14,2016-04-14T00:00:00+00:00,train,195,2,27,4,17,118,0,222,184,189.28571428571428,188.92857142857142,191.07142857142858,185,
resort_hotel,c31c4e41-2181-5ea7-875e-e62ec156c77b,2016-04-28,14,2016-04-15T00:00:00+00:00,train,148,3,28,4,17,119,0,174,166,163.14285714285714,154.0,153.46428571428572,102,
city_hotel,c7fb00b8-6205-5d73-95ad-5f774926f2cc,2016-04-28,14,2016-04-15T00:00:00+00:00,train,209,3,28,4,17,119,0,176,204,191.42857142857142,186.92857142857142,190.96428571428572,201,
resort_hotel,c31c4e41-2181-5ea7-875e-e62ec156c77b,2016-04-29,14,2016-04-16T00:00:00+00:00,train,149,4,29,4,17,120,0,152,160,162.71428571428572,153.42857142857142,153.89285714285714,138,
city_hotel,c7fb00b8-6205-5d73-95ad-5f774926f2cc,2016-04-29,14,2016-04-16T00:00:00+00:00,train,211,4,29,4,17,120,0,180,206,192.85714285714286,185.07142857142858,190.92857142857142,203,
resort_hotel,c31c4e41-2181-5ea7-875e-e62ec156c77b,2016-04-30,14,2016-04-17T00:00:00+00:00,train,176,5,30,4,17,121,1,157,163,161.42857142857142,153.0,153.28571428571428,159,
city_hotel,c7fb00b8-6205-5d73-95ad-5f774926f2cc,2016-04-30,14,2016-04-17T00:00:00+00:00,train,214,5,30,4,17,121,1,198,189,193.14285714285714,185.71428571428572,191.39285714285714,206,
resort_hotel,c31c4e41-2181-5ea7-875e-e62ec156c77b,2016-05-01,14,2016-04-18T00:00:00+00:00,train,176,6,1,5,17,122,1,122,132,158.42857142857142,152.28571428571428,152.17857142857142,162,
city_hotel,c7fb00b8-6205-5d73-95ad-5f774926f2cc,2016-05-01,14,2016-04-18T00:00:00+00:00,train,172,6,1,5,17,122,1,186,152,193.14285714285714,188.14285714285714,190.46428571428572,177,
resort_hotel,c31c4e41-2181-5ea7-875e-e62ec156c77b,2016-05-02,14,2016-04-19T00:00:00+00:00,train,180,0,2,5,18,123,0,159,136,158.0,153.92857142857142,151.53571428571428,163,
city_hotel,c7fb00b8-6205-5d73-95ad-5f774926f2cc,2016-05-02,14,2016-04-19T00:00:00+00:00,train,209,0,2,5,18,123,0,202,174,194.57142857142858,190.14285714285714,190.03571428571428,194,
resort_hotel,c31c4e41-2181-5ea7-875e-e62ec156c77b,2016-05-03,14,2016-04-20T00:00:00+00:00,train,177,1,3,5,18,124,0,183,148,160.71428571428572,156.42857142857142,151.71428571428572,156,
city_hotel,c7fb00b8-6205-5d73-95ad-5f774926f2cc,2016-05-03,14,2016-04-20T00:00:00+00:00,train,202,1,3,5,18,124,0,183,179,192.42857142857142,190.42857142857142,189.75,195,
resort_hotel,c31c4e41-2181-5ea7-875e-e62ec156c77b,2016-05-04,14,2016-04-21T00:00:00+00:00,train,163,2,4,5,18,125,0,151,120,156.85714285714286,158.64285714285714,151.60714285714286,134,
city_hotel,c7fb00b8-6205-5d73-95ad-5f774926f2cc,2016-05-04,14,2016-04-21T00:00:00+00:00,train,202,2,4,5,18,125,0,219,216,192.0,190.64285714285714,190.60714285714286,191,
resort_hotel,c31c4e41-2181-5ea7-875e-e62ec156c77b,2016-05-05,14,2016-04-22T00:00:00+00:00,train,174,3,5,5,18,126,0,135,155,151.28571428571428,157.21428571428572,150.14285714285714,167,
city_hotel,c7fb00b8-6205-5d73-95ad-5f774926f2cc,2016-05-05,14,2016-04-22T00:00:00+00:00,train,223,3,5,5,18,126,0,219,161,198.14285714285714,194.78571428571428,190.46428571428572,212,
resort_hotel,c31c4e41-2181-5ea7-875e-e62ec156c77b,2016-05-06,14,2016-04-23T00:00:00+00:00,train,160,4,6,5,18,127,0,170,155,153.85714285714286,158.28571428571428,149.53571428571428,157,
city_hotel,c7fb00b8-6205-5d73-95ad-5f774926f2cc,2016-05-06,14,2016-04-23T00:00:00+00:00,train,224,4,6,5,18,127,0,196,170,200.42857142857142,196.64285714285714,189.64285714285714,222,
resort_hotel,c31c4e41-2181-5ea7-875e-e62ec156c77b,2016-05-07,14,2016-04-24T00:00:00+00:00,train,169,5,7,5,18,128,1,183,166,157.57142857142858,159.5,149.67857142857142,165,
city_hotel,c7fb00b8-6205-5d73-95ad-5f774926f2cc,2016-05-07,14,2016-04-24T00:00:00+00:00,train,222,5,7,5,18,128,1,221,196,203.71428571428572,198.42857142857142,190.35714285714286,219,
resort_hotel,c31c4e41-2181-5ea7-875e-e62ec156c77b,2016-05-08,14,2016-04-25T00:00:00+00:00,train,176,6,8,5,18,129,1,183,143,166.28571428571428,162.35714285714286,152.39285714285714,175,
city_hotel,c7fb00b8-6205-5d73-95ad-5f774926f2cc,2016-05-08,14,2016-04-25T00:00:00+00:00,train,141,6,8,5,18,129,1,186,186,203.71428571428572,198.42857142857142,190.78571428571428,136,
resort_hotel,c31c4e41-2181-5ea7-875e-e62ec156c77b,2016-05-09,14,2016-04-26T00:00:00+00:00,train,178,0,9,5,19,130,0,135,162,162.85714285714286,160.42857142857142,153.46428571428572,168,
city_hotel,c7fb00b8-6205-5d73-95ad-5f774926f2cc,2016-05-09,14,2016-04-26T00:00:00+00:00,train,178,0,9,5,19,130,0,185,192,201.28571428571428,197.92857142857142,191.42857142857142,136,
resort_hotel,c31c4e41-2181-5ea7-875e-e62ec156c77b,2016-05-10,14,2016-04-27T00:00:00+00:00,train,166,1,10,5,19,131,0,133,164,155.71428571428572,158.21428571428572,154.10714285714286,150,
city_hotel,c7fb00b8-6205-5d73-95ad-5f774926f2cc,2016-05-10,14,2016-04-27T00:00:00+00:00,train,196,1,10,5,19,131,0,208,198,204.85714285714286,198.64285714285714,192.42857142857142,176,
resort_hotel,c31c4e41-2181-5ea7-875e-e62ec156c77b,2016-05-11,14,2016-04-28T00:00:00+00:00,train,172,2,11,5,19,132,0,160,178,157.0,156.92857142857142,155.17857142857142,152,
city_hotel,c7fb00b8-6205-5d73-95ad-5f774926f2cc,2016-05-11,14,2016-04-28T00:00:00+00:00,train,209,2,11,5,19,132,0,195,222,201.42857142857142,196.71428571428572,192.82142857142858,187,
resort_hotel,c31c4e41-2181-5ea7-875e-e62ec156c77b,2016-05-12,14,2016-04-29T00:00:00+00:00,train,178,3,12,5,19,133,0,148,174,158.85714285714286,155.07142857142858,154.53571428571428,175,
city_hotel,c7fb00b8-6205-5d73-95ad-5f774926f2cc,2016-05-12,14,2016-04-29T00:00:00+00:00,train,211,3,12,5,19,133,0,209,176,200.0,199.07142857142858,193.0,193,
resort_hotel,c31c4e41-2181-5ea7-875e-e62ec156c77b,2016-05-13,14,2016-04-30T00:00:00+00:00,train,177,4,13,5,19,134,0,149,152,155.85714285714286,154.85714285714286,154.14285714285714,172,
city_hotel,c7fb00b8-6205-5d73-95ad-5f774926f2cc,2016-05-13,14,2016-04-30T00:00:00+00:00,train,214,4,13,5,19,134,0,211,180,202.14285714285714,201.28571428571428,193.17857142857142,212,
resort_hotel,c31c4e41-2181-5ea7-875e-e62ec156c77b,2016-05-14,14,2016-05-01T00:00:00+00:00,train,179,5,14,5,19,135,1,176,157,154.85714285714286,156.21428571428572,154.60714285714286,172,
city_hotel,c7fb00b8-6205-5d73-95ad-5f774926f2cc,2016-05-14,14,2016-05-01T00:00:00+00:00,train,218,5,14,5,19,135,1,214,198,201.14285714285714,202.42857142857142,194.07142857142858,216,
resort_hotel,c31c4e41-2181-5ea7-875e-e62ec156c77b,2016-05-15,14,2016-05-02T00:00:00+00:00,train,157,6,15,5,19,136,1,176,122,153.85714285714286,160.07142857142858,156.17857142857142,125,
city_hotel,c7fb00b8-6205-5d73-95ad-5f774926f2cc,2016-05-15,14,2016-05-02T00:00:00+00:00,train,223,6,15,5,19,136,1,172,186,199.14285714285714,201.42857142857142,194.78571428571428,215,
resort_hotel,c31c4e41-2181-5ea7-875e-e62ec156c77b,2016-05-16,14,2016-05-03T00:00:00+00:00,train,162,0,16,5,20,137,0,180,159,160.28571428571428,161.57142857142858,157.75,142,
city_hotel,c7fb00b8-6205-5d73-95ad-5f774926f2cc,2016-05-16,14,2016-05-03T00:00:00+00:00,train,212,0,16,5,20,137,0,209,202,202.57142857142858,201.92857142857142,196.03571428571428,179,
resort_hotel,c31c4e41-2181-5ea7-875e-e62ec156c77b,2016-05-17,14,2016-05-04T00:00:00+00:00,train,180,1,17,5,20,138,0,177,183,166.57142857142858,161.14285714285714,158.78571428571428,170,
city_hotel,c7fb00b8-6205-5d73-95ad-5f774926f2cc,2016-05-17,14,2016-05-04T00:00:00+00:00,train,224,1,17,5,20,138,0,202,183,201.71428571428572,203.28571428571428,196.85714285714286,216,
resort_hotel,c31c4e41-2181-5ea7-875e-e62ec156c77b,2016-05-18,14,2016-05-05T00:00:00+00:00,train,166,2,18,5,20,139,0,163,151,167.0,162.0,160.32142857142858,150,
city_hotel,c7fb00b8-6205-5d73-95ad-5f774926f2cc,2016-05-18,14,2016-05-05T00:00:00+00:00,train,219,2,18,5,20,139,0,202,219,202.71428571428572,202.07142857142858,196.35714285714286,212,
resort_hotel,c31c4e41-2181-5ea7-875e-e62ec156c77b,2016-05-19,14,2016-05-06T00:00:00+00:00,train,183,3,19,5,20,140,0,174,135,170.71428571428572,164.78571428571428,161.0,154,
city_hotel,c7fb00b8-6205-5d73-95ad-5f774926f2cc,2016-05-19,14,2016-05-06T00:00:00+00:00,train,220,3,19,5,20,140,0,223,219,204.71428571428572,202.35714285714286,198.57142857142858,218,
resort_hotel,c31c4e41-2181-5ea7-875e-e62ec156c77b,2016-05-20,14,2016-05-07T00:00:00+00:00,train,171,4,20,5,20,141,0,160,170,172.28571428571428,164.07142857142858,161.17857142857142,154,
city_hotel,c7fb00b8-6205-5d73-95ad-5f774926f2cc,2016-05-20,14,2016-05-07T00:00:00+00:00,train,211,4,20,5,20,141,0,224,196,206.57142857142858,204.35714285714286,200.5,221,
resort_hotel,c31c4e41-2181-5ea7-875e-e62ec156c77b,2016-05-21,14,2016-05-08T00:00:00+00:00,train,177,5,21,5,20,142,1,169,183,171.28571428571428,163.07142857142858,161.28571428571428,163,
city_hotel,c7fb00b8-6205-5d73-95ad-5f774926f2cc,2016-05-21,14,2016-05-08T00:00:00+00:00,train,222,5,21,5,20,142,1,222,221,207.71428571428572,204.42857142857142,201.42857142857142,219,
resort_hotel,c31c4e41-2181-5ea7-875e-e62ec156c77b,2016-05-22,14,2016-05-09T00:00:00+00:00,train,172,6,22,5,20,143,1,176,183,171.28571428571428,162.57142857142858,162.46428571428572,161,
city_hotel,c7fb00b8-6205-5d73-95ad-5f774926f2cc,2016-05-22,14,2016-05-09T00:00:00+00:00,train,205,6,22,5,20,143,1,141,186,203.28571428571428,201.21428571428572,199.82142857142858,202,
resort_hotel,c31c4e41-2181-5ea7-875e-e62ec156c77b,2016-05-23,14,2016-05-10T00:00:00+00:00,train,177,0,23,5,21,144,0,178,135,171.0,165.64285714285714,163.03571428571428,165,
city_hotel,c7fb00b8-6205-5d73-95ad-5f774926f2cc,2016-05-23,14,2016-05-10T00:00:00+00:00,train,188,0,23,5,21,144,0,178,185,198.85714285714286,200.71428571428572,199.32142857142858,173,
resort_hotel,c31c4e41-2181-5ea7-875e-e62ec156c77b,2016-05-24,14,2016-05-11T00:00:00+00:00,train,179,1,24,5,21,145,0,166,133,169.42857142857142,168.0,163.10714285714286,180,
city_hotel,c7fb00b8-6205-5d73-95ad-5f774926f2cc,2016-05-24,14,2016-05-11T00:00:00+00:00,train,185,1,24,5,21,145,0,196,208,198.0,199.85714285714286,199.25,151,
resort_hotel,c31c4e41-2181-5ea7-875e-e62ec156c77b,2016-05-25,14,2016-05-12T00:00:00+00:00,train,182,2,25,5,21,146,0,172,160,170.71428571428572,168.85714285714286,162.89285714285714,185,
city_hotel,c7fb00b8-6205-5d73-95ad-5f774926f2cc,2016-05-25,14,2016-05-12T00:00:00+00:00,train,162,2,25,5,21,146,0,209,195,199.0,200.85714285714286,198.78571428571428,118,
resort_hotel,c31c4e41-2181-5ea7-875e-e62ec156c77b,2016-05-26,14,2016-05-13T00:00:00+00:00,train,177,3,26,5,21,147,0,178,148,171.28571428571428,171.0,163.03571428571428,177,
city_hotel,c7fb00b8-6205-5d73-95ad-5f774926f2cc,2016-05-26,14,2016-05-13T00:00:00+00:00,train,209,3,26,5,21,147,0,211,209,197.28571428571428,201.0,200.03571428571428,213,
resort_hotel,c31c4e41-2181-5ea7-875e-e62ec156c77b,2016-05-27,14,2016-05-14T00:00:00+00:00,train,166,4,27,5,21,148,0,177,149,173.71428571428572,173.0,163.92857142857142,167,
city_hotel,c7fb00b8-6205-5d73-95ad-5f774926f2cc,2016-05-27,14,2016-05-14T00:00:00+00:00,train,222,4,27,5,21,148,0,214,211,195.85714285714286,201.21428571428572,201.25,223,
resort_hotel,c31c4e41-2181-5ea7-875e-e62ec156c77b,2016-05-28,14,2016-05-15T00:00:00+00:00,train,178,5,28,5,21,149,1,179,176,175.14285714285714,173.21428571428572,164.71428571428572,174,
city_hotel,c7fb00b8-6205-5d73-95ad-5f774926f2cc,2016-05-28,14,2016-05-15T00:00:00+00:00,train,223,5,28,5,21,149,1,218,214,195.28571428571428,201.5,201.96428571428572,214,
resort_hotel,c31c4e41-2181-5ea7-875e-e62ec156c77b,2016-05-29,14,2016-05-16T00:00:00+00:00,train,161,6,29,5,21,150,1,157,176,172.42857142857142,171.85714285714286,165.96428571428572,154,
city_hotel,c7fb00b8-6205-5d73-95ad-5f774926f2cc,2016-05-29,14,2016-05-16T00:00:00+00:00,train,146,6,29,5,21,150,1,223,172,207.0,205.14285714285714,203.28571428571428,130,
resort_hotel,c31c4e41-2181-5ea7-875e-e62ec156c77b,2016-05-30,14,2016-05-17T00:00:00+00:00,train,143,0,30,5,22,151,0,162,180,170.14285714285714,170.57142857142858,166.07142857142858,123,
city_hotel,c7fb00b8-6205-5d73-95ad-5f774926f2cc,2016-05-30,14,2016-05-17T00:00:00+00:00,train,177,0,30,5,22,151,0,212,209,211.85714285714286,205.35714285714286,203.64285714285714,163,
resort_hotel,c31c4e41-2181-5ea7-875e-e62ec156c77b,2016-05-31,14,2016-05-18T00:00:00+00:00,train,169,1,31,5,22,152,0,180,177,172.14285714285714,170.78571428571428,165.96428571428572,142,
city_hotel,c7fb00b8-6205-5d73-95ad-5f774926f2cc,2016-05-31,14,2016-05-18T00:00:00+00:00,train,191,1,31,5,22,152,0,224,202,215.85714285714286,206.92857142857142,205.10714285714286,155,
resort_hotel,c31c4e41-2181-5ea7-875e-e62ec156c77b,2016-06-01,14,2016-05-19T00:00:00+00:00,train,179,2,1,6,22,153,0,166,163,171.28571428571428,171.0,166.5,162,
city_hotel,c7fb00b8-6205-5d73-95ad-5f774926f2cc,2016-06-01,14,2016-05-19T00:00:00+00:00,train,190,2,1,6,22,153,0,219,202,217.28571428571428,208.14285714285714,205.10714285714286,155,
resort_hotel,c31c4e41-2181-5ea7-875e-e62ec156c77b,2016-06-02,14,2016-05-20T00:00:00+00:00,train,180,3,2,6,22,154,0,183,174,172.0,171.64285714285714,168.21428571428572,172,
city_hotel,c7fb00b8-6205-5d73-95ad-5f774926f2cc,2016-06-02,14,2016-05-20T00:00:00+00:00,train,218,3,2,6,22,154,0,220,223,218.57142857142858,207.92857142857142,205.14285714285714,200,
resort_hotel,c31c4e41-2181-5ea7-875e-e62ec156c77b,2016-06-03,14,2016-05-21T00:00:00+00:00,train,173,4,3,6,22,155,0,171,160,171.14285714285714,172.42857142857142,168.25,176,
city_hotel,c7fb00b8-6205-5d73-95ad-5f774926f2cc,2016-06-03,14,2016-05-21T00:00:00+00:00,train,219,4,3,6,22,155,0,211,224,218.14285714285714,207.0,205.67857142857142,209,
resort_hotel,c31c4e41-2181-5ea7-875e-e62ec156c77b,2016-06-04,14,2016-05-22T00:00:00+00:00,train,181,5,4,6,22,156,1,177,169,170.85714285714286,173.0,168.03571428571428,181,
city_hotel,c7fb00b8-6205-5d73-95ad-5f774926f2cc,2016-06-04,14,2016-05-22T00:00:00+00:00,train,206,5,4,6,22,156,1,222,222,218.71428571428572,207.0,205.71428571428572,205,
resort_hotel,c31c4e41-2181-5ea7-875e-e62ec156c77b,2016-06-05,14,2016-05-23T00:00:00+00:00,train,172,6,5,6,22,157,1,172,176,173.0,172.71428571428572,167.64285714285714,172,
city_hotel,c7fb00b8-6205-5d73-95ad-5f774926f2cc,2016-06-05,14,2016-05-23T00:00:00+00:00,train,155,6,5,6,22,157,1,205,141,216.14285714285714,211.57142857142858,206.39285714285714,156,
resort_hotel,c31c4e41-2181-5ea7-875e-e62ec156c77b,2016-06-06,14,2016-05-24T00:00:00+00:00,train,181,0,6,6,23,158,0,177,178,175.14285714285714,172.64285714285714,169.14285714285714,181,
city_hotel,c7fb00b8-6205-5d73-95ad-5f774926f2cc,2016-06-06,14,2016-05-24T00:00:00+00:00,train,220,0,6,6,23,158,0,188,178,212.71428571428572,212.28571428571428,206.5,223,
resort_hotel,c31c4e41-2181-5ea7-875e-e62ec156c77b,2016-06-07,14,2016-05-25T00:00:00+00:00,train,183,1,7,6,23,159,0,179,166,175.0,173.57142857142858,170.78571428571428,180,
city_hotel,c7fb00b8-6205-5d73-95ad-5f774926f2cc,2016-06-07,14,2016-05-25T00:00:00+00:00,train,215,1,7,6,23,159,0,185,196,207.14285714285714,211.5,205.67857142857142,198,
resort_hotel,c31c4e41-2181-5ea7-875e-e62ec156c77b,2016-06-08,14,2016-05-26T00:00:00+00:00,train,182,2,8,6,23,160,0,182,172,177.28571428571428,174.28571428571428,171.57142857142858,176,
city_hotel,c7fb00b8-6205-5d73-95ad-5f774926f2cc,2016-06-08,14,2016-05-26T00:00:00+00:00,train,178,2,8,6,23,160,0,162,209,199.0,208.14285714285714,204.5,225,
resort_hotel,c31c4e41-2181-5ea7-875e-e62ec156c77b,2016-06-09,14,2016-05-27T00:00:00+00:00,train,182,3,9,6,23,161,0,177,178,176.42857142857142,174.21428571428572,172.60714285714286,175,
city_hotel,c7fb00b8-6205-5d73-95ad-5f774926f2cc,2016-06-09,14,2016-05-27T00:00:00+00:00,train,165,3,9,6,23,161,0,209,211,197.42857142857142,208.0,204.5,185,
resort_hotel,c31c4e41-2181-5ea7-875e-e62ec156c77b,2016-06-10,14,2016-05-28T00:00:00+00:00,train,182,4,10,6,23,162,0,166,177,175.71428571428572,173.42857142857142,173.21428571428572,177,
city_hotel,c7fb00b8-6205-5d73-95ad-5f774926f2cc,2016-06-10,14,2016-05-28T00:00:00+00:00,train,209,4,10,6,23,162,0,222,214,199.0,208.57142857142858,204.89285714285714,207,
resort_hotel,c31c4e41-2181-5ea7-875e-e62ec156c77b,2016-06-11,14,2016-05-29T00:00:00+00:00,train,181,5,11,6,23,163,1,178,179,175.85714285714286,173.35714285714286,173.28571428571428,180,
city_hotel,c7fb00b8-6205-5d73-95ad-5f774926f2cc,2016-06-11,14,2016-05-29T00:00:00+00:00,train,217,5,11,6,23,163,1,223,218,199.14285714285714,208.92857142857142,205.21428571428572,211,
resort_hotel,c31c4e41-2181-5ea7-875e-e62ec156c77b,2016-06-12,14,2016-05-30T00:00:00+00:00,train,169,6,12,6,23,164,1,161,157,174.28571428571428,173.64285714285714,172.75,168,
city_hotel,c7fb00b8-6205-5d73-95ad-5f774926f2cc,2016-06-12,14,2016-05-30T00:00:00+00:00,train,173,6,12,6,23,164,1,146,223,190.71428571428572,203.42857142857142,204.28571428571428,154,
resort_hotel,c31c4e41-2181-5ea7-875e-e62ec156c77b,2016-06-13,14,2016-05-31T00:00:00+00:00,train,182,0,13,6,24,165,0,143,162,169.42857142857142,172.28571428571428,171.42857142857142,171,
city_hotel,c7fb00b8-6205-5d73-95ad-5f774926f2cc,2016-06-13,14,2016-05-31T00:00:00+00:00,train,137,0,13,6,24,165,0,177,212,189.14285714285714,200.92857142857142,203.14285714285714,100,
resort_hotel,c31c4e41-2181-5ea7-875e-e62ec156c77b,2016-06-14,14,2016-06-01T00:00:00+00:00,train,183,1,14,6,24,166,0,169,180,168.0,171.5,171.14285714285714,172,
city_hotel,c7fb00b8-6205-5d73-95ad-5f774926f2cc,2016-06-14,14,2016-06-01T00:00:00+00:00,train,153,1,14,6,24,166,0,191,224,190.0,198.57142857142858,202.75,97,
resort_hotel,c31c4e41-2181-5ea7-875e-e62ec156c77b,2016-06-15,14,2016-06-02T00:00:00+00:00,train,183,2,15,6,24,167,0,179,166,167.57142857142858,172.42857142857142,171.71428571428572,173,
city_hotel,c7fb00b8-6205-5d73-95ad-5f774926f2cc,2016-06-15,14,2016-06-02T00:00:00+00:00,train,189,2,15,6,24,167,0,190,219,194.0,196.5,202.32142857142858,159,
resort_hotel,c31c4e41-2181-5ea7-875e-e62ec156c77b,2016-06-16,14,2016-06-03T00:00:00+00:00,train,176,3,16,6,24,168,0,180,183,168.0,172.21428571428572,171.92857142857142,171,
city_hotel,c7fb00b8-6205-5d73-95ad-5f774926f2cc,2016-06-16,14,2016-06-03T00:00:00+00:00,train,217,3,16,6,24,168,0,218,220,195.28571428571428,196.35714285714286,202.14285714285714,189,
resort_hotel,c31c4e41-2181-5ea7-875e-e62ec156c77b,2016-06-17,14,2016-06-04T00:00:00+00:00,train,182,4,17,6,24,169,0,173,171,169.0,172.35714285714286,172.39285714285714,178,
city_hotel,c7fb00b8-6205-5d73-95ad-5f774926f2cc,2016-06-17,14,2016-06-04T00:00:00+00:00,train,198,4,17,6,24,169,0,219,211,194.85714285714286,196.92857142857142,201.96428571428572,181,
resort_hotel,c31c4e41-2181-5ea7-875e-e62ec156c77b,2016-06-18,14,2016-06-05T00:00:00+00:00,train,177,5,18,6,24,170,1,181,177,169.42857142857142,172.64285714285714,172.82142857142858,165,
city_hotel,c7fb00b8-6205-5d73-95ad-5f774926f2cc,2016-06-18,14,2016-06-05T00:00:00+00:00,train,214,5,18,6,24,170,1,206,222,192.42857142857142,195.78571428571428,201.39285714285714,203,
resort_hotel,c31c4e41-2181-5ea7-875e-e62ec156c77b,2016-06-19,14,2016-06-06T00:00:00+00:00,train,173,6,19,6,24,171,1,172,172,171.0,172.64285714285714,172.67857142857142,167,
city_hotel,c7fb00b8-6205-5d73-95ad-5f774926f2cc,2016-06-19,14,2016-06-06T00:00:00+00:00,train,208,6,19,6,24,171,1,155,205,193.71428571428572,192.21428571428572,201.89285714285714,185,
resort_hotel,c31c4e41-2181-5ea7-875e-e62ec156c77b,2016-06-20,14,2016-06-07T00:00:00+00:00,train,175,0,20,6,25,172,0,181,177,176.42857142857142,172.92857142857142,172.78571428571428,157,
city_hotel,c7fb00b8-6205-5d73-95ad-5f774926f2cc,2016-06-20,14,2016-06-07T00:00:00+00:00,train,203,0,20,6,25,172,0,220,188,199.85714285714286,194.5,203.39285714285714,180,
resort_hotel,c31c4e41-2181-5ea7-875e-e62ec156c77b,2016-06-21,14,2016-06-08T00:00:00+00:00,train,179,1,21,6,25,173,0,183,179,178.42857142857142,173.21428571428572,173.39285714285714,166,
city_hotel,c7fb00b8-6205-5d73-95ad-5f774926f2cc,2016-06-21,14,2016-06-08T00:00:00+00:00,train,206,1,21,6,25,173,0,215,185,203.28571428571428,196.64285714285714,204.07142857142858,195,
resort_hotel,c31c4e41-2181-5ea7-875e-e62ec156c77b,2016-06-22,14,2016-06-09T00:00:00+00:00,train,179,2,22,6,25,174,0,182,182,178.85714285714286,173.21428571428572,173.75,174,
city_hotel,c7fb00b8-6205-5d73-95ad-5f774926f2cc,2016-06-22,14,2016-06-09T00:00:00+00:00,train,192,2,22,6,25,174,0,178,162,201.57142857142858,197.78571428571428,202.96428571428572,165,
resort_hotel,c31c4e41-2181-5ea7-875e-e62ec156c77b,2016-06-23,14,2016-06-10T00:00:00+00:00,train,177,3,23,6,25,175,0,182,177,179.14285714285714,173.57142857142858,173.89285714285714,178,
city_hotel,c7fb00b8-6205-5d73-95ad-5f774926f2cc,2016-06-23,14,2016-06-10T00:00:00+00:00,train,146,3,23,6,25,175,0,165,209,194.0,194.64285714285714,201.32142857142858,117,
resort_hotel,c31c4e41-2181-5ea7-875e-e62ec156c77b,2016-06-24,14,2016-06-11T00:00:00+00:00,train,178,4,24,6,25,176,0,182,166,180.42857142857142,174.71428571428572,174.07142857142858,178,
city_hotel,c7fb00b8-6205-5d73-95ad-5f774926f2cc,2016-06-24,14,2016-06-11T00:00:00+00:00,train,222,4,24,6,25,176,0,209,222,192.57142857142858,193.71428571428572,201.14285714285714,223,
resort_hotel,c31c4e41-2181-5ea7-875e-e62ec156c77b,2016-06-25,14,2016-06-12T00:00:00+00:00,train,182,5,25,6,25,177,1,181,178,180.42857142857142,174.92857142857142,174.14285714285714,160,
city_hotel,c7fb00b8-6205-5d73-95ad-5f774926f2cc,2016-06-25,14,2016-06-12T00:00:00+00:00,train,224,5,25,6,25,177,1,217,223,194.14285714285714,193.28571428571428,201.10714285714286,227,
resort_hotel,c31c4e41-2181-5ea7-875e-e62ec156c77b,2016-06-26,14,2016-06-13T00:00:00+00:00,train,183,6,26,6,25,178,1,169,161,180.0,175.5,174.57142857142858,172,
city_hotel,c7fb00b8-6205-5d73-95ad-5f774926f2cc,2016-06-26,14,2016-06-13T00:00:00+00:00,train,161,6,26,6,25,178,1,173,146,196.71428571428572,195.21428571428572,199.32142857142858,147,
resort_hotel,c31c4e41-2181-5ea7-875e-e62ec156c77b,2016-06-27,14,2016-06-14T00:00:00+00:00,train,181,0,27,6,26,179,0,182,143,180.14285714285714,178.28571428571428,175.28571428571428,170,
city_hotel,c7fb00b8-6205-5d73-95ad-5f774926f2cc,2016-06-27,14,2016-06-14T00:00:00+00:00,train,184,0,27,6,26,179,0,137,177,184.85714285714286,192.35714285714286,196.64285714285714,168,
resort_hotel,c31c4e41-2181-5ea7-875e-e62ec156c77b,2016-06-28,14,2016-06-15T00:00:00+00:00,train,181,1,28,6,26,180,0,183,169,180.14285714285714,179.28571428571428,175.39285714285714,175,
city_hotel,c7fb00b8-6205-5d73-95ad-5f774926f2cc,2016-06-28,14,2016-06-15T00:00:00+00:00,train,204,1,28,6,26,180,0,153,191,176.0,189.64285714285714,194.10714285714286,190,
resort_hotel,c31c4e41-2181-5ea7-875e-e62ec156c77b,2016-06-29,14,2016-06-16T00:00:00+00:00,train,178,2,29,6,26,181,0,183,179,180.28571428571428,179.57142857142858,176.0,174,
city_hotel,c7fb00b8-6205-5d73-95ad-5f774926f2cc,2016-06-29,14,2016-06-16T00:00:00+00:00,train,201,2,29,6,26,181,0,189,190,177.57142857142858,189.57142857142858,193.03571428571428,202,
resort_hotel,c31c4e41-2181-5ea7-875e-e62ec156c77b,2016-06-30,14,2016-06-17T00:00:00+00:00,train,181,3,30,6,26,182,0,176,180,179.42857142857142,179.28571428571428,175.75,173,
city_hotel,c7fb00b8-6205-5d73-95ad-5f774926f2cc,2016-06-30,14,2016-06-17T00:00:00+00:00,train,209,3,30,6,26,182,0,217,218,185.0,189.5,192.92857142857142,197,
resort_hotel,c31c4e41-2181-5ea7-875e-e62ec156c77b,2016-07-01,14,2016-06-18T00:00:00+00:00,train,180,4,1,7,26,183,0,182,173,179.42857142857142,179.92857142857142,176.14285714285714,171,
city_hotel,c7fb00b8-6205-5d73-95ad-5f774926f2cc,2016-07-01,14,2016-06-18T00:00:00+00:00,train,210,4,1,7,26,183,0,198,219,183.42857142857142,188.0,192.46428571428572,217,
resort_hotel,c31c4e41-2181-5ea7-875e-e62ec156c77b,2016-07-02,14,2016-06-19T00:00:00+00:00,train,183,5,2,7,26,184,1,177,181,178.85714285714286,179.64285714285714,176.14285714285714,179,
city_hotel,c7fb00b8-6205-5d73-95ad-5f774926f2cc,2016-07-02,14,2016-06-19T00:00:00+00:00,train,187,5,2,7,26,184,1,214,206,183.0,188.57142857142858,192.17857142857142,202,
resort_hotel,c31c4e41-2181-5ea7-875e-e62ec156c77b,2016-07-03,14,2016-06-20T00:00:00+00:00,train,164,6,3,7,26,185,1,173,172,179.42857142857142,179.71428571428572,176.17857142857142,162,
city_hotel,c7fb00b8-6205-5d73-95ad-5f774926f2cc,2016-07-03,14,2016-06-20T00:00:00+00:00,train,194,6,3,7,26,185,1,208,155,188.0,192.35714285714286,192.28571428571428,199,
resort_hotel,c31c4e41-2181-5ea7-875e-e62ec156c77b,2016-07-04,14,2016-06-21T00:00:00+00:00,train,180,0,4,7,27,186,0,175,181,178.42857142857142,179.28571428571428,176.10714285714286,176,
city_hotel,c7fb00b8-6205-5d73-95ad-5f774926f2cc,2016-07-04,14,2016-06-21T00:00:00+00:00,train,208,0,4,7,27,186,0,203,220,197.42857142857142,191.14285714285714,192.82142857142858,202,
resort_hotel,c31c4e41-2181-5ea7-875e-e62ec156c77b,2016-07-05,14,2016-06-22T00:00:00+00:00,train,182,1,5,7,27,187,0,179,183,177.85714285714286,179.0,176.10714285714286,175,
city_hotel,c7fb00b8-6205-5d73-95ad-5f774926f2cc,2016-07-05,14,2016-06-22T00:00:00+00:00,train,215,1,5,7,27,187,0,206,215,205.0,190.5,193.57142857142858,202,
resort_hotel,c31c4e41-2181-5ea7-875e-e62ec156c77b,2016-07-06,14,2016-06-23T00:00:00+00:00,train,181,2,6,7,27,188,0,179,182,177.28571428571428,178.78571428571428,176.0,172,
city_hotel,c7fb00b8-6205-5d73-95ad-5f774926f2cc,2016-07-06,14,2016-06-23T00:00:00+00:00,train,223,2,6,7,27,188,0,192,178,205.42857142857142,191.5,194.64285714285714,210,
resort_hotel,c31c4e41-2181-5ea7-875e-e62ec156c77b,2016-07-07,14,2016-06-24T00:00:00+00:00,train,179,3,7,7,27,189,0,177,182,177.42857142857142,178.42857142857142,176.0,167,
city_hotel,c7fb00b8-6205-5d73-95ad-5f774926f2cc,2016-07-07,14,2016-06-24T00:00:00+00:00,train,217,3,7,7,27,189,0,146,165,195.28571428571428,190.14285714285714,192.39285714285714,212,
resort_hotel,c31c4e41-2181-5ea7-875e-e62ec156c77b,2016-07-08,14,2016-06-25T00:00:00+00:00,train,179,4,8,7,27,190,0,178,182,176.85714285714286,178.14285714285714,176.42857142857142,172,
city_hotel,c7fb00b8-6205-5d73-95ad-5f774926f2cc,2016-07-08,14,2016-06-25T00:00:00+00:00,train,219,4,8,7,27,190,0,222,209,198.71428571428572,191.07142857142858,192.39285714285714,213,
resort_hotel,c31c4e41-2181-5ea7-875e-e62ec156c77b,2016-07-09,14,2016-06-26T00:00:00+00:00,train,183,5,9,7,27,191,1,182,181,177.57142857142858,178.21428571428572,176.57142857142858,175,
city_hotel,c7fb00b8-6205-5d73-95ad-5f774926f2cc,2016-07-09,14,2016-06-26T00:00:00+00:00,train,213,5,9,7,27,191,1,224,217,200.14285714285714,191.57142857142858,192.42857142857142,211,
resort_hotel,c31c4e41-2181-5ea7-875e-e62ec156c77b,2016-07-10,14,2016-06-27T00:00:00+00:00,train,179,6,10,7,27,192,1,183,169,179.0,179.21428571428572,177.35714285714286,179,
city_hotel,c7fb00b8-6205-5d73-95ad-5f774926f2cc,2016-07-10,14,2016-06-27T00:00:00+00:00,train,217,6,10,7,27,192,1,161,173,193.42857142857142,190.71428571428572,192.96428571428572,207,
resort_hotel,c31c4e41-2181-5ea7-875e-e62ec156c77b,2016-07-11,14,2016-06-28T00:00:00+00:00,train,182,0,11,7,28,193,0,181,182,179.85714285714286,179.14285714285714,178.71428571428572,176,
city_hotel,c7fb00b8-6205-5d73-95ad-5f774926f2cc,2016-07-11,14,2016-06-28T00:00:00+00:00,train,221,0,11,7,28,193,0,184,137,190.71428571428572,194.07142857142858,193.21428571428572,206,
resort_hotel,c31c4e41-2181-5ea7-875e-e62ec156c77b,2016-07-12,14,2016-06-29T00:00:00+00:00,train,184,1,12,7,28,194,0,181,183,180.14285714285714,179.0,179.14285714285714,178,
city_hotel,c7fb00b8-6205-5d73-95ad-5f774926f2cc,2016-07-12,14,2016-06-29T00:00:00+00:00,train,216,1,12,7,28,194,0,204,153,190.42857142857142,197.71428571428572,193.67857142857142,208,
resort_hotel,c31c4e41-2181-5ea7-875e-e62ec156c77b,2016-07-13,14,2016-06-30T00:00:00+00:00,train,182,2,13,7,28,195,0,178,183,180.0,178.64285714285714,179.10714285714286,176,
city_hotel,c7fb00b8-6205-5d73-95ad-5f774926f2cc,2016-07-13,14,2016-06-30T00:00:00+00:00,train,224,2,13,7,28,195,0,201,189,191.71428571428572,198.57142857142858,194.07142857142858,222,
resort_hotel,c31c4e41-2181-5ea7-875e-e62ec156c77b,2016-07-14,14,2016-07-01T00:00:00+00:00,train,178,3,14,7,28,196,0,181,176,180.57142857142858,179.0,179.14285714285714,168,
city_hotel,c7fb00b8-6205-5d73-95ad-5f774926f2cc,2016-07-14,14,2016-07-01T00:00:00+00:00,train,222,3,14,7,28,196,0,209,217,200.71428571428572,198.0,193.75,216,
resort_hotel,c31c4e41-2181-5ea7-875e-e62ec156c77b,2016-07-15,14,2016-07-02T00:00:00+00:00,train,182,4,15,7,28,197,0,180,182,180.85714285714286,178.85714285714286,179.39285714285714,163,
city_hotel,c7fb00b8-6205-5d73-95ad-5f774926f2cc,2016-07-15,14,2016-07-02T00:00:00+00:00,train,222,4,15,7,28,197,0,210,198,199.0,198.85714285714286,193.42857142857142,219,
resort_hotel,c31c4e41-2181-5ea7-875e-e62ec156c77b,2016-07-16,14,2016-07-03T00:00:00+00:00,train,182,5,16,7,28,198,1,183,177,181.0,179.28571428571428,179.46428571428572,157,
city_hotel,c7fb00b8-6205-5d73-95ad-5f774926f2cc,2016-07-16,14,2016-07-03T00:00:00+00:00,train,222,5,16,7,28,198,1,187,214,193.71428571428572,196.92857142857142,192.75,226,
resort_hotel,c31c4e41-2181-5ea7-875e-e62ec156c77b,2016-07-17,14,2016-07-04T00:00:00+00:00,train,175,6,17,7,28,199,1,164,173,178.28571428571428,178.64285714285714,179.17857142857142,163,
city_hotel,c7fb00b8-6205-5d73-95ad-5f774926f2cc,2016-07-17,14,2016-07-04T00:00:00+00:00,train,205,6,17,7,28,199,1,194,208,198.42857142857142,195.92857142857142,194.14285714285714,211,
resort_hotel,c31c4e41-2181-5ea7-875e-e62ec156c77b,2016-07-18,14,2016-07-05T00:00:00+00:00,train,180,0,18,7,29,200,0,180,175,178.14285714285714,179.0,179.14285714285714,170,
city_hotel,c7fb00b8-6205-5d73-95ad-5f774926f2cc,2016-07-18,14,2016-07-05T00:00:00+00:00,train,215,0,18,7,29,200,0,208,203,201.85714285714286,196.28571428571428,193.71428571428572,212,
resort_hotel,c31c4e41-2181-5ea7-875e-e62ec156c77b,2016-07-19,14,2016-07-06T00:00:00+00:00,train,175,1,19,7,29,201,0,182,179,178.28571428571428,179.21428571428572,179.10714285714286,156,
city_hotel,c7fb00b8-6205-5d73-95ad-5f774926f2cc,2016-07-19,14,2016-07-06T00:00:00+00:00,train,213,1,19,7,29,201,0,215,206,203.42857142857142,196.92857142857142,193.71428571428572,201,
resort_hotel,c31c4e41-2181-5ea7-875e-e62ec156c77b,2016-07-20,14,2016-07-07T00:00:00+00:00,train,179,2,20,7,29,202,0,181,179,178.71428571428572,179.35714285714286,179.07142857142858,170,
city_hotel,c7fb00b8-6205-5d73-95ad-5f774926f2cc,2016-07-20,14,2016-07-07T00:00:00+00:00,train,202,2,20,7,29,202,0,223,192,206.57142857142858,199.14285714285714,195.32142857142858,167,
resort_hotel,c31c4e41-2181-5ea7-875e-e62ec156c77b,2016-07-21,14,2016-07-08T00:00:00+00:00,train,181,3,21,7,29,203,0,179,177,178.42857142857142,179.5,178.96428571428572,170,
city_hotel,c7fb00b8-6205-5d73-95ad-5f774926f2cc,2016-07-21,14,2016-07-08T00:00:00+00:00,train,222,3,21,7,29,203,0,217,146,207.71428571428572,204.21428571428572,197.17857142857142,216,
resort_hotel,c31c4e41-2181-5ea7-875e-e62ec156c77b,2016-07-22,14,2016-07-09T00:00:00+00:00,train,183,4,22,7,29,204,0,179,178,178.28571428571428,179.57142857142858,178.85714285714286,174,
city_hotel,c7fb00b8-6205-5d73-95ad-5f774926f2cc,2016-07-22,14,2016-07-09T00:00:00+00:00,train,217,4,22,7,29,204,0,219,222,209.0,204.0,197.53571428571428,223,
resort_hotel,c31c4e41-2181-5ea7-875e-e62ec156c77b,2016-07-23,14,2016-07-10T00:00:00+00:00,train,184,5,23,7,29,205,1,183,182,178.28571428571428,179.64285714285714,178.92857142857142,179,
city_hotel,c7fb00b8-6205-5d73-95ad-5f774926f2cc,2016-07-23,14,2016-07-10T00:00:00+00:00,train,214,5,23,7,29,205,1,213,224,212.71428571428572,203.21428571428572,197.39285714285714,211,
resort_hotel,c31c4e41-2181-5ea7-875e-e62ec156c77b,2016-07-24,14,2016-07-11T00:00:00+00:00,train,176,6,24,7,29,206,1,179,183,180.42857142857142,179.35714285714286,179.28571428571428,178,
city_hotel,c7fb00b8-6205-5d73-95ad-5f774926f2cc,2016-07-24,14,2016-07-11T00:00:00+00:00,train,200,6,24,7,29,206,1,217,161,216.0,207.21428571428572,198.96428571428572,189,
resort_hotel,c31c4e41-2181-5ea7-875e-e62ec156c77b,2016-07-25,14,2016-07-12T00:00:00+00:00,train,177,0,25,7,30,207,0,182,181,180.71428571428572,179.42857142857142,179.28571428571428,178,
city_hotel,c7fb00b8-6205-5d73-95ad-5f774926f2cc,2016-07-25,14,2016-07-12T00:00:00+00:00,train,214,0,25,7,30,207,0,221,184,217.85714285714286,209.85714285714286,201.96428571428572,207,
resort_hotel,c31c4e41-2181-5ea7-875e-e62ec156c77b,2016-07-26,14,2016-07-13T00:00:00+00:00,train,180,1,26,7,30,208,0,184,181,181.0,179.64285714285714,179.32142857142858,173,
city_hotel,c7fb00b8-6205-5d73-95ad-5f774926f2cc,2016-07-26,14,2016-07-13T00:00:00+00:00,train,221,1,26,7,30,208,0,216,204,218.0,210.71428571428572,204.21428571428572,212,
resort_hotel,c31c4e41-2181-5ea7-875e-e62ec156c77b,2016-07-27,14,2016-07-14T00:00:00+00:00,train,180,2,27,7,30,209,0,182,178,181.14285714285714,179.92857142857142,179.28571428571428,176,
city_hotel,c7fb00b8-6205-5d73-95ad-5f774926f2cc,2016-07-27,14,2016-07-14T00:00:00+00:00,train,217,2,27,7,30,209,0,224,201,218.14285714285714,212.35714285714286,205.46428571428572,214,
resort_hotel,c31c4e41-2181-5ea7-875e-e62ec156c77b,2016-07-28,14,2016-07-15T00:00:00+00:00,train,177,3,28,7,30,210,0,178,181,181.0,179.71428571428572,179.35714285714286,166,
city_hotel,c7fb00b8-6205-5d73-95ad-5f774926f2cc,2016-07-28,14,2016-07-15T00:00:00+00:00,train,212,3,28,7,30,210,0,222,209,218.85714285714286,213.28571428571428,205.64285714285714,211,
resort_hotel,c31c4e41-2181-5ea7-875e-e62ec156c77b,2016-07-29,14,2016-07-16T00:00:00+00:00,train,181,4,29,7,30,211,0,182,180,181.42857142857142,179.85714285714286,179.35714285714286,173,
city_hotel,c7fb00b8-6205-5d73-95ad-5f774926f2cc,2016-07-29,14,2016-07-16T00:00:00+00:00,train,199,4,29,7,30,211,0,222,210,219.28571428571428,214.14285714285714,206.5,187,
resort_hotel,c31c4e41-2181-5ea7-875e-e62ec156c77b,2016-07-30,14,2016-07-17T00:00:00+00:00,train,175,5,30,7,30,212,1,182,183,181.28571428571428,179.78571428571428,179.53571428571428,153,
city_hotel,c7fb00b8-6205-5d73-95ad-5f774926f2cc,2016-07-30,14,2016-07-17T00:00:00+00:00,train,216,5,30,7,30,212,1,222,187,220.57142857142858,216.64285714285714,206.78571428571428,214,
resort_hotel,c31c4e41-2181-5ea7-875e-e62ec156c77b,2016-07-31,14,2016-07-18T00:00:00+00:00,train,170,6,31,7,30,213,1,175,164,180.71428571428572,180.57142857142858,179.60714285714286,154,
city_hotel,c7fb00b8-6205-5d73-95ad-5f774926f2cc,2016-07-31,14,2016-07-18T00:00:00+00:00,train,211,6,31,7,30,213,1,205,194,218.85714285714286,217.42857142857142,206.67857142857142,212,
resort_hotel,c31c4e41-2181-5ea7-875e-e62ec156c77b,2016-08-01,14,2016-07-19T00:00:00+00:00,train,180,0,1,8,31,214,0,180,180,180.42857142857142,180.57142857142858,179.78571428571428,171,
city_hotel,c7fb00b8-6205-5d73-95ad-5f774926f2cc,2016-08-01,14,2016-07-19T00:00:00+00:00,train,192,0,1,8,31,214,0,215,208,218.0,217.92857142857142,207.10714285714286,175,
resort_hotel,c31c4e41-2181-5ea7-875e-e62ec156c77b,2016-08-02,14,2016-07-20T00:00:00+00:00,train,183,1,2,8,31,215,0,175,182,179.14285714285714,180.07142857142858,179.64285714285714,178,
city_hotel,c7fb00b8-6205-5d73-95ad-5f774926f2cc,2016-08-02,14,2016-07-20T00:00:00+00:00,train,218,1,2,8,31,215,0,213,215,217.57142857142858,217.78571428571428,207.35714285714286,191,
resort_hotel,c31c4e41-2181-5ea7-875e-e62ec156c77b,2016-08-03,14,2016-07-21T00:00:00+00:00,train,182,2,3,8,31,216,0,179,181,178.71428571428572,179.92857142857142,179.64285714285714,172,
city_hotel,c7fb00b8-6205-5d73-95ad-5f774926f2cc,2016-08-03,14,2016-07-21T00:00:00+00:00,train,219,2,3,8,31,216,0,202,223,214.42857142857142,216.28571428571428,207.71428571428572,216,
resort_hotel,c31c4e41-2181-5ea7-875e-e62ec156c77b,2016-08-04,14,2016-07-22T00:00:00+00:00,train,183,3,4,8,31,217,0,181,179,179.14285714285714,180.07142857142858,179.78571428571428,177,
city_hotel,c7fb00b8-6205-5d73-95ad-5f774926f2cc,2016-08-04,14,2016-07-22T00:00:00+00:00,train,224,3,4,8,31,217,0,222,217,214.42857142857142,216.64285714285714,210.42857142857142,211,
resort_hotel,c31c4e41-2181-5ea7-875e-e62ec156c77b,2016-08-05,14,2016-07-23T00:00:00+00:00,train,183,4,5,8,31,218,0,183,179,179.28571428571428,180.35714285714286,179.96428571428572,174,
city_hotel,c7fb00b8-6205-5d73-95ad-5f774926f2cc,2016-08-05,14,2016-07-23T00:00:00+00:00,train,221,4,5,8,31,218,0,217,219,213.71428571428572,216.5,210.25,216,
resort_hotel,c31c4e41-2181-5ea7-875e-e62ec156c77b,2016-08-06,14,2016-07-24T00:00:00+00:00,train,180,5,6,8,31,219,1,184,183,179.57142857142858,180.42857142857142,180.03571428571428,173,
city_hotel,c7fb00b8-6205-5d73-95ad-5f774926f2cc,2016-08-06,14,2016-07-24T00:00:00+00:00,train,224,5,6,8,31,219,1,214,213,212.57142857142858,216.57142857142858,209.89285714285714,213,
resort_hotel,c31c4e41-2181-5ea7-875e-e62ec156c77b,2016-08-07,14,2016-07-25T00:00:00+00:00,train,178,6,7,8,31,220,1,176,179,179.71428571428572,180.21428571428572,179.78571428571428,167,
city_hotel,c7fb00b8-6205-5d73-95ad-5f774926f2cc,2016-08-07,14,2016-07-25T00:00:00+00:00,train,218,6,7,8,31,220,1,200,217,211.85714285714286,215.35714285714286,211.28571428571428,200,
resort_hotel,c31c4e41-2181-5ea7-875e-e62ec156c77b,2016-08-08,14,2016-07-26T00:00:00+00:00,train,183,0,8,8,32,221,0,177,182,179.28571428571428,179.85714285714286,179.64285714285714,177,
city_hotel,c7fb00b8-6205-5d73-95ad-5f774926f2cc,2016-08-08,14,2016-07-26T00:00:00+00:00,train,220,0,8,8,32,221,0,214,221,211.71428571428572,214.85714285714286,212.35714285714286,212,
resort_hotel,c31c4e41-2181-5ea7-875e-e62ec156c77b,2016-08-09,14,2016-07-27T00:00:00+00:00,train,183,1,9,8,32,222,0,180,184,180.0,179.57142857142858,179.60714285714286,181,
city_hotel,c7fb00b8-6205-5d73-95ad-5f774926f2cc,2016-08-09,14,2016-07-27T00:00:00+00:00,train,223,1,9,8,32,222,0,221,216,212.85714285714286,215.21428571428572,212.96428571428572,225,
resort_hotel,c31c4e41-2181-5ea7-875e-e62ec156c77b,2016-08-10,14,2016-07-28T00:00:00+00:00,train,183,2,10,8,32,223,0,180,182,180.14285714285714,179.42857142857142,179.67857142857142,178,
city_hotel,c7fb00b8-6205-5d73-95ad-5f774926f2cc,2016-08-10,14,2016-07-28T00:00:00+00:00,train,223,2,10,8,32,223,0,217,224,215.0,214.71428571428572,213.53571428571428,215,
resort_hotel,c31c4e41-2181-5ea7-875e-e62ec156c77b,2016-08-11,14,2016-07-29T00:00:00+00:00,train,179,3,11,8,32,224,0,177,178,179.57142857142858,179.35714285714286,179.53571428571428,165,
city_hotel,c7fb00b8-6205-5d73-95ad-5f774926f2cc,2016-08-11,14,2016-07-29T00:00:00+00:00,train,224,3,11,8,32,224,0,212,222,213.57142857142858,214.0,213.64285714285714,219,
resort_hotel,c31c4e41-2181-5ea7-875e-e62ec156c77b,2016-08-12,14,2016-07-30T00:00:00+00:00,train,182,4,12,8,32,225,0,181,182,179.28571428571428,179.28571428571428,179.57142857142858,177,
city_hotel,c7fb00b8-6205-5d73-95ad-5f774926f2cc,2016-08-12,14,2016-07-30T00:00:00+00:00,train,225,4,12,8,32,225,0,199,222,211.0,212.35714285714286,213.25,222,
resort_hotel,c31c4e41-2181-5ea7-875e-e62ec156c77b,2016-08-13,14,2016-07-31T00:00:00+00:00,train,183,5,13,8,32,226,1,175,182,178.0,178.78571428571428,179.28571428571428,176,
city_hotel,c7fb00b8-6205-5d73-95ad-5f774926f2cc,2016-08-13,14,2016-07-31T00:00:00+00:00,train,226,5,13,8,32,226,1,216,222,211.28571428571428,211.92857142857142,214.28571428571428,222,
resort_hotel,c31c4e41-2181-5ea7-875e-e62ec156c77b,2016-08-14,14,2016-08-01T00:00:00+00:00,train,183,6,14,8,32,227,1,170,175,177.14285714285714,178.42857142857142,179.5,171,
city_hotel,c7fb00b8-6205-5d73-95ad-5f774926f2cc,2016-08-14,14,2016-08-01T00:00:00+00:00,train,225,6,14,8,32,227,1,211,205,212.85714285714286,212.35714285714286,214.89285714285714,214,
resort_hotel,c31c4e41-2181-5ea7-875e-e62ec156c77b,2016-08-15,14,2016-08-02T00:00:00+00:00,train,179,0,15,8,33,228,0,180,180,177.57142857142858,178.42857142857142,179.5,175,
city_hotel,c7fb00b8-6205-5d73-95ad-5f774926f2cc,2016-08-15,14,2016-08-02T00:00:00+00:00,train,212,0,15,8,33,228,0,192,215,209.71428571428572,210.71428571428572,214.32142857142858,197,
resort_hotel,c31c4e41-2181-5ea7-875e-e62ec156c77b,2016-08-16,14,2016-08-03T00:00:00+00:00,train,181,1,16,8,33,229,0,183,175,178.0,179.0,179.53571428571428,178,
city_hotel,c7fb00b8-6205-5d73-95ad-5f774926f2cc,2016-08-16,14,2016-08-03T00:00:00+00:00,train,224,1,16,8,33,229,0,218,213,209.28571428571428,211.07142857142858,214.42857142857142,205,
resort_hotel,c31c4e41-2181-5ea7-875e-e62ec156c77b,2016-08-17,14,2016-08-04T00:00:00+00:00,train,183,2,17,8,33,230,0,182,179,178.28571428571428,179.21428571428572,179.57142857142858,179,
city_hotel,c7fb00b8-6205-5d73-95ad-5f774926f2cc,2016-08-17,14,2016-08-04T00:00:00+00:00,train,225,2,17,8,33,230,0,219,202,209.57142857142858,212.28571428571428,214.28571428571428,193,
resort_hotel,c31c4e41-2181-5ea7-875e-e62ec156c77b,2016-08-18,14,2016-08-05T00:00:00+00:00,train,183,3,18,8,33,231,0,183,181,179.14285714285714,179.35714285714286,179.71428571428572,165,
city_hotel,c7fb00b8-6205-5d73-95ad-5f774926f2cc,2016-08-18,14,2016-08-05T00:00:00+00:00,train,223,3,18,8,33,231,0,224,222,211.28571428571428,212.42857142857142,214.53571428571428,228,
resort_hotel,c31c4e41-2181-5ea7-875e-e62ec156c77b,2016-08-19,14,2016-08-06T00:00:00+00:00,train,182,4,19,8,33,232,0,183,183,179.42857142857142,179.35714285714286,179.85714285714286,166,
city_hotel,c7fb00b8-6205-5d73-95ad-5f774926f2cc,2016-08-19,14,2016-08-06T00:00:00+00:00,train,226,4,19,8,33,232,0,221,217,214.42857142857142,212.71428571428572,214.60714285714286,219,
resort_hotel,c31c4e41-2181-5ea7-875e-e62ec156c77b,2016-08-20,14,2016-08-07T00:00:00+00:00,train,183,5,20,8,33,233,1,180,184,180.14285714285714,179.07142857142858,179.75,176,
city_hotel,c7fb00b8-6205-5d73-95ad-5f774926f2cc,2016-08-20,14,2016-08-07T00:00:00+00:00,train,214,5,20,8,33,233,1,224,214,215.57142857142858,213.42857142857142,215.0,192,
resort_hotel,c31c4e41-2181-5ea7-875e-e62ec156c77b,2016-08-21,14,2016-08-08T00:00:00+00:00,train,180,6,21,8,33,234,1,178,176,181.28571428571428,179.21428571428572,179.71428571428572,174,
city_hotel,c7fb00b8-6205-5d73-95ad-5f774926f2cc,2016-08-21,14,2016-08-08T00:00:00+00:00,train,220,6,21,8,33,234,1,218,200,216.57142857142858,214.71428571428572,215.03571428571428,220,
resort_hotel,c31c4e41-2181-5ea7-875e-e62ec156c77b,2016-08-22,14,2016-08-09T00:00:00+00:00,train,180,0,22,8,34,235,0,183,177,181.71428571428572,179.64285714285714,179.75,173,
city_hotel,c7fb00b8-6205-5d73-95ad-5f774926f2cc,2016-08-22,14,2016-08-09T00:00:00+00:00,train,225,0,22,8,34,235,0,220,214,220.57142857142858,215.14285714285714,215.0,223,
resort_hotel,c31c4e41-2181-5ea7-875e-e62ec156c77b,2016-08-23,14,2016-08-10T00:00:00+00:00,train,182,1,23,8,34,236,0,183,180,181.71428571428572,179.85714285714286,179.71428571428572,175,
city_hotel,c7fb00b8-6205-5d73-95ad-5f774926f2cc,2016-08-23,14,2016-08-10T00:00:00+00:00,train,223,1,23,8,34,236,0,223,221,221.28571428571428,215.28571428571428,215.25,210,
resort_hotel,c31c4e41-2181-5ea7-875e-e62ec156c77b,2016-08-24,14,2016-08-11T00:00:00+00:00,train,181,2,24,8,34,237,0,183,180,181.85714285714286,180.07142857142858,179.75,174,
city_hotel,c7fb00b8-6205-5d73-95ad-5f774926f2cc,2016-08-24,14,2016-08-11T00:00:00+00:00,train,209,2,24,8,34,237,0,223,217,221.85714285714286,215.71428571428572,215.21428571428572,191,
resort_hotel,c31c4e41-2181-5ea7-875e-e62ec156c77b,2016-08-25,14,2016-08-12T00:00:00+00:00,train,183,3,25,8,34,238,0,179,177,181.28571428571428,180.21428571428572,179.78571428571428,174,
city_hotel,c7fb00b8-6205-5d73-95ad-5f774926f2cc,2016-08-25,14,2016-08-12T00:00:00+00:00,train,223,3,25,8,34,238,0,224,212,221.85714285714286,216.57142857142858,215.28571428571428,217,
resort_hotel,c31c4e41-2181-5ea7-875e-e62ec156c77b,2016-08-26,14,2016-08-13T00:00:00+00:00,train,181,4,26,8,34,239,0,182,181,181.14285714285714,180.28571428571428,179.78571428571428,162,
city_hotel,c7fb00b8-6205-5d73-95ad-5f774926f2cc,2016-08-26,14,2016-08-13T00:00:00+00:00,train,224,4,26,8,34,239,0,225,199,222.42857142857142,218.42857142857142,215.39285714285714,216,
resort_hotel,c31c4e41-2181-5ea7-875e-e62ec156c77b,2016-08-27,14,2016-08-14T00:00:00+00:00,train,183,5,27,8,34,240,1,183,175,181.57142857142858,180.85714285714286,179.82142857142858,173,
city_hotel,c7fb00b8-6205-5d73-95ad-5f774926f2cc,2016-08-27,14,2016-08-14T00:00:00+00:00,train,221,5,27,8,34,240,1,226,216,222.71428571428572,219.14285714285714,215.53571428571428,209,
resort_hotel,c31c4e41-2181-5ea7-875e-e62ec156c77b,2016-08-28,14,2016-08-15T00:00:00+00:00,train,178,6,28,8,34,241,1,183,170,182.28571428571428,181.78571428571428,180.10714285714286,164,
city_hotel,c7fb00b8-6205-5d73-95ad-5f774926f2cc,2016-08-28,14,2016-08-15T00:00:00+00:00,train,222,6,28,8,34,241,1,225,211,223.71428571428572,220.14285714285714,216.25,197,
resort_hotel,c31c4e41-2181-5ea7-875e-e62ec156c77b,2016-08-29,14,2016-08-16T00:00:00+00:00,train,179,0,29,8,35,242,0,179,180,181.71428571428572,181.71428571428572,180.07142857142858,163,
city_hotel,c7fb00b8-6205-5d73-95ad-5f774926f2cc,2016-08-29,14,2016-08-16T00:00:00+00:00,train,221,0,29,8,35,242,0,212,192,222.57142857142858,221.57142857142858,216.14285714285714,198,
resort_hotel,c31c4e41-2181-5ea7-875e-e62ec156c77b,2016-08-30,14,2016-08-17T00:00:00+00:00,train,178,1,30,8,35,243,0,181,183,181.42857142857142,181.57142857142858,180.28571428571428,168,
city_hotel,c7fb00b8-6205-5d73-95ad-5f774926f2cc,2016-08-30,14,2016-08-17T00:00:00+00:00,train,205,1,30,8,35,243,0,224,218,222.71428571428572,222.0,216.53571428571428,187,
resort_hotel,c31c4e41-2181-5ea7-875e-e62ec156c77b,2016-08-31,14,2016-08-18T00:00:00+00:00,train,171,2,31,8,35,244,0,183,182,181.42857142857142,181.64285714285714,180.42857142857142,158,
city_hotel,c7fb00b8-6205-5d73-95ad-5f774926f2cc,2016-08-31,14,2016-08-18T00:00:00+00:00,train,210,2,31,8,35,244,0,225,219,223.0,222.42857142857142,217.35714285714286,202,
resort_hotel,c31c4e41-2181-5ea7-875e-e62ec156c77b,2016-09-01,14,2016-08-19T00:00:00+00:00,train,183,3,1,9,35,245,0,183,183,182.0,181.64285714285714,180.5,175,
city_hotel,c7fb00b8-6205-5d73-95ad-5f774926f2cc,2016-09-01,14,2016-08-19T00:00:00+00:00,train,225,3,1,9,35,245,0,223,224,222.85714285714286,222.35714285714286,217.39285714285714,214,
resort_hotel,c31c4e41-2181-5ea7-875e-e62ec156c77b,2016-09-02,14,2016-08-20T00:00:00+00:00,train,183,4,2,9,35,246,0,182,183,182.0,181.57142857142858,180.46428571428572,177,
city_hotel,c7fb00b8-6205-5d73-95ad-5f774926f2cc,2016-09-02,14,2016-08-20T00:00:00+00:00,train,219,4,2,9,35,246,0,226,221,223.0,222.71428571428572,217.71428571428572,214,
resort_hotel,c31c4e41-2181-5ea7-875e-e62ec156c77b,2016-09-03,14,2016-08-21T00:00:00+00:00,train,183,5,3,9,35,247,1,183,180,182.0,181.78571428571428,180.42857142857142,177,
city_hotel,c7fb00b8-6205-5d73-95ad-5f774926f2cc,2016-09-03,14,2016-08-21T00:00:00+00:00,train,217,5,3,9,35,247,1,214,224,221.28571428571428,222.0,217.71428571428572,224,
resort_hotel,c31c4e41-2181-5ea7-875e-e62ec156c77b,2016-09-04,14,2016-08-22T00:00:00+00:00,train,182,6,4,9,35,248,1,180,178,181.57142857142858,181.92857142857142,180.57142857142858,183,
city_hotel,c7fb00b8-6205-5d73-95ad-5f774926f2cc,2016-09-04,14,2016-08-22T00:00:00+00:00,train,209,6,4,9,35,248,1,220,218,220.57142857142858,222.14285714285714,218.42857142857142,220,
resort_hotel,c31c4e41-2181-5ea7-875e-e62ec156c77b,2016-09-05,14,2016-08-23T00:00:00+00:00,train,180,0,5,9,36,249,0,180,183,181.71428571428572,181.71428571428572,180.67857142857142,177,
city_hotel,c7fb00b8-6205-5d73-95ad-5f774926f2cc,2016-09-05,14,2016-08-23T00:00:00+00:00,train,214,0,5,9,36,249,0,225,220,222.42857142857142,222.5,218.82142857142858,219,
resort_hotel,c31c4e41-2181-5ea7-875e-e62ec156c77b,2016-09-06,14,2016-08-24T00:00:00+00:00,train,183,1,6,9,36,250,0,182,183,181.85714285714286,181.64285714285714,180.75,182,
city_hotel,c7fb00b8-6205-5d73-95ad-5f774926f2cc,2016-09-06,14,2016-08-24T00:00:00+00:00,train,226,1,6,9,36,250,0,223,223,222.28571428571428,222.5,218.89285714285714,224,
resort_hotel,c31c4e41-2181-5ea7-875e-e62ec156c77b,2016-09-07,14,2016-08-25T00:00:00+00:00,train,182,2,7,9,36,251,0,181,183,181.57142857142858,181.5,180.78571428571428,181,
city_hotel,c7fb00b8-6205-5d73-95ad-5f774926f2cc,2016-09-07,14,2016-08-25T00:00:00+00:00,train,225,2,7,9,36,251,0,209,223,220.0,221.5,218.60714285714286,225,
resort_hotel,c31c4e41-2181-5ea7-875e-e62ec156c77b,2016-09-08,14,2016-08-26T00:00:00+00:00,train,182,3,8,9,36,252,0,183,179,181.57142857142858,181.78571428571428,181.0,176,
city_hotel,c7fb00b8-6205-5d73-95ad-5f774926f2cc,2016-09-08,14,2016-08-26T00:00:00+00:00,train,226,3,8,9,36,252,0,223,224,220.0,221.42857142857142,219.0,221,
resort_hotel,c31c4e41-2181-5ea7-875e-e62ec156c77b,2016-09-09,14,2016-08-27T00:00:00+00:00,train,183,4,9,9,36,253,0,181,182,181.42857142857142,181.71428571428572,181.0,175,
city_hotel,c7fb00b8-6205-5d73-95ad-5f774926f2cc,2016-09-09,14,2016-08-27T00:00:00+00:00,train,219,4,9,9,36,253,0,224,225,219.71428571428572,221.35714285714286,219.89285714285714,216,
resort_hotel,c31c4e41-2181-5ea7-875e-e62ec156c77b,2016-09-10,14,2016-08-28T00:00:00+00:00,train,182,5,10,9,36,254,1,183,183,181.42857142857142,181.71428571428572,181.28571428571428,171,
city_hotel,c7fb00b8-6205-5d73-95ad-5f774926f2cc,2016-09-10,14,2016-08-28T00:00:00+00:00,train,220,5,10,9,36,254,1,221,226,220.71428571428572,221.0,220.07142857142858,225,
resort_hotel,c31c4e41-2181-5ea7-875e-e62ec156c77b,2016-09-11,14,2016-08-29T00:00:00+00:00,train,179,6,11,9,36,255,1,178,183,181.14285714285714,181.35714285714286,181.57142857142858,169,
city_hotel,c7fb00b8-6205-5d73-95ad-5f774926f2cc,2016-09-11,14,2016-08-29T00:00:00+00:00,train,211,6,11,9,36,255,1,222,225,221.0,220.78571428571428,220.46428571428572,193,
resort_hotel,c31c4e41-2181-5ea7-875e-e62ec156c77b,2016-09-12,14,2016-08-30T00:00:00+00:00,train,181,0,12,9,37,256,0,179,179,181.0,181.35714285714286,181.53571428571428,170,
city_hotel,c7fb00b8-6205-5d73-95ad-5f774926f2cc,2016-09-12,14,2016-08-30T00:00:00+00:00,train,204,0,12,9,37,256,0,221,212,220.42857142857142,221.42857142857142,221.5,180,
resort_hotel,c31c4e41-2181-5ea7-875e-e62ec156c77b,2016-09-13,14,2016-08-31T00:00:00+00:00,train,179,1,13,9,37,257,0,178,181,180.42857142857142,181.14285714285714,181.35714285714286,159,
city_hotel,c7fb00b8-6205-5d73-95ad-5f774926f2cc,2016-09-13,14,2016-08-31T00:00:00+00:00,train,225,1,13,9,37,257,0,205,224,217.85714285714286,220.07142857142858,221.03571428571428,208,
resort_hotel,c31c4e41-2181-5ea7-875e-e62ec156c77b,2016-09-14,14,2016-09-01T00:00:00+00:00,train,172,2,14,9,37,258,0,171,183,179.0,180.28571428571428,180.96428571428572,153,
city_hotel,c7fb00b8-6205-5d73-95ad-5f774926f2cc,2016-09-14,14,2016-09-01T00:00:00+00:00,train,225,2,14,9,37,258,0,210,225,218.0,219.0,220.71428571428572,217,
resort_hotel,c31c4e41-2181-5ea7-875e-e62ec156c77b,2016-09-15,14,2016-09-02T00:00:00+00:00,train,182,3,15,9,37,259,0,183,183,179.0,180.28571428571428,180.96428571428572,181,
city_hotel,c7fb00b8-6205-5d73-95ad-5f774926f2cc,2016-09-15,14,2016-09-02T00:00:00+00:00,train,221,3,15,9,37,259,0,225,223,218.28571428571428,219.14285714285714,220.75,195,
resort_hotel,c31c4e41-2181-5ea7-875e-e62ec156c77b,2016-09-16,14,2016-09-03T00:00:00+00:00,train,181,4,16,9,37,260,0,183,182,179.28571428571428,180.35714285714286,180.96428571428572,178,
city_hotel,c7fb00b8-6205-5d73-95ad-5f774926f2cc,2016-09-16,14,2016-09-03T00:00:00+00:00,train,224,4,16,9,37,260,0,219,226,217.57142857142858,218.64285714285714,220.67857142857142,227,
resort_hotel,c31c4e41-2181-5ea7-875e-e62ec156c77b,2016-09-17,14,2016-09-04T00:00:00+00:00,train,181,5,17,9,37,261,1,183,183,179.28571428571428,180.35714285714286,181.07142857142858,181,
city_hotel,c7fb00b8-6205-5d73-95ad-5f774926f2cc,2016-09-17,14,2016-09-04T00:00:00+00:00,train,222,5,17,9,37,261,1,217,214,217.0,218.85714285714286,220.42857142857142,225,
resort_hotel,c31c4e41-2181-5ea7-875e-e62ec156c77b,2016-09-18,14,2016-09-05T00:00:00+00:00,train,182,6,18,9,37,262,1,182,180,179.85714285714286,180.5,181.21428571428572,169,
city_hotel,c7fb00b8-6205-5d73-95ad-5f774926f2cc,2016-09-18,14,2016-09-05T00:00:00+00:00,train,200,6,18,9,37,262,1,209,220,215.14285714285714,218.07142857142858,220.10714285714286,188,
resort_hotel,c31c4e41-2181-5ea7-875e-e62ec156c77b,2016-09-19,14,2016-09-06T00:00:00+00:00,train,172,0,19,9,38,263,0,180,180,180.0,180.5,181.10714285714286,161,
city_hotel,c7fb00b8-6205-5d73-95ad-5f774926f2cc,2016-09-19,14,2016-09-06T00:00:00+00:00,train,224,0,19,9,38,263,0,214,225,214.14285714285714,217.28571428571428,219.89285714285714,185,
resort_hotel,c31c4e41-2181-5ea7-875e-e62ec156c77b,2016-09-20,14,2016-09-07T00:00:00+00:00,train,183,1,20,9,38,264,0,183,182,180.71428571428572,180.57142857142858,181.10714285714286,171,
city_hotel,c7fb00b8-6205-5d73-95ad-5f774926f2cc,2016-09-20,14,2016-09-07T00:00:00+00:00,train,216,1,20,9,38,264,0,226,223,217.14285714285714,217.5,220.0,180,
resort_hotel,c31c4e41-2181-5ea7-875e-e62ec156c77b,2016-09-21,14,2016-09-08T00:00:00+00:00,train,182,2,21,9,38,265,0,182,181,182.28571428571428,180.64285714285714,181.07142857142858,180,
city_hotel,c7fb00b8-6205-5d73-95ad-5f774926f2cc,2016-09-21,14,2016-09-08T00:00:00+00:00,train,224,2,21,9,38,265,0,225,209,219.28571428571428,218.64285714285714,220.07142857142858,216,
resort_hotel,c31c4e41-2181-5ea7-875e-e62ec156c77b,2016-09-22,14,2016-09-09T00:00:00+00:00,train,183,3,22,9,38,266,0,182,183,182.14285714285714,180.57142857142858,181.17857142857142,180,
city_hotel,c7fb00b8-6205-5d73-95ad-5f774926f2cc,2016-09-22,14,2016-09-09T00:00:00+00:00,train,226,3,22,9,38,266,0,226,223,219.42857142857142,218.85714285714286,220.14285714285714,197,
resort_hotel,c31c4e41-2181-5ea7-875e-e62ec156c77b,2016-09-23,14,2016-09-10T00:00:00+00:00,train,178,4,23,9,38,267,0,183,181,182.14285714285714,180.71428571428572,181.21428571428572,171,
city_hotel,c7fb00b8-6205-5d73-95ad-5f774926f2cc,2016-09-23,14,2016-09-10T00:00:00+00:00,train,226,4,23,9,38,267,0,219,224,219.42857142857142,218.5,219.92857142857142,225,
resort_hotel,c31c4e41-2181-5ea7-875e-e62ec156c77b,2016-09-24,14,2016-09-11T00:00:00+00:00,train,183,5,24,9,38,268,1,182,183,182.0,180.64285714285714,181.17857142857142,169,
city_hotel,c7fb00b8-6205-5d73-95ad-5f774926f2cc,2016-09-24,14,2016-09-11T00:00:00+00:00,train,223,5,24,9,38,268,1,220,221,219.85714285714286,218.42857142857142,219.71428571428572,224,
resort_hotel,c31c4e41-2181-5ea7-875e-e62ec156c77b,2016-09-25,14,2016-09-12T00:00:00+00:00,train,160,6,25,9,38,269,1,179,178,181.57142857142858,180.71428571428572,181.03571428571428,146,
city_hotel,c7fb00b8-6205-5d73-95ad-5f774926f2cc,2016-09-25,14,2016-09-12T00:00:00+00:00,train,180,6,25,9,38,269,1,211,222,220.14285714285714,217.64285714285714,219.21428571428572,177,
resort_hotel,c31c4e41-2181-5ea7-875e-e62ec156c77b,2016-09-26,14,2016-09-13T00:00:00+00:00,train,182,0,26,9,39,270,0,181,179,181.71428571428572,180.85714285714286,181.10714285714286,183,
city_hotel,c7fb00b8-6205-5d73-95ad-5f774926f2cc,2016-09-26,14,2016-09-13T00:00:00+00:00,train,207,0,26,9,39,270,0,204,221,218.71428571428572,216.42857142857142,218.92857142857142,193,
resort_hotel,c31c4e41-2181-5ea7-875e-e62ec156c77b,2016-09-27,14,2016-09-14T00:00:00+00:00,train,174,1,27,9,39,271,0,179,178,181.14285714285714,180.92857142857142,181.03571428571428,170,
city_hotel,c7fb00b8-6205-5d73-95ad-5f774926f2cc,2016-09-27,14,2016-09-14T00:00:00+00:00,train,220,1,27,9,39,271,0,225,205,218.57142857142858,217.85714285714286,218.96428571428572,199,
resort_hotel,c31c4e41-2181-5ea7-875e-e62ec156c77b,2016-09-28,14,2016-09-15T00:00:00+00:00,train,182,2,28,9,39,272,0,172,171,179.71428571428572,181.0,180.64285714285714,178,
city_hotel,c7fb00b8-6205-5d73-95ad-5f774926f2cc,2016-09-28,14,2016-09-15T00:00:00+00:00,train,225,2,28,9,39,272,0,225,210,218.57142857142858,218.92857142857142,218.96428571428572,218,
resort_hotel,c31c4e41-2181-5ea7-875e-e62ec156c77b,2016-09-29,14,2016-09-16T00:00:00+00:00,train,183,3,29,9,39,273,0,182,183,179.71428571428572,180.92857142857142,180.60714285714286,176,
city_hotel,c7fb00b8-6205-5d73-95ad-5f774926f2cc,2016-09-29,14,2016-09-16T00:00:00+00:00,train,192,3,29,9,39,273,0,221,225,217.85714285714286,218.64285714285714,218.89285714285714,184,
resort_hotel,c31c4e41-2181-5ea7-875e-e62ec156c77b,2016-09-30,14,2016-09-17T00:00:00+00:00,train,183,4,30,9,39,274,0,181,183,179.42857142857142,180.78571428571428,180.57142857142858,172,
city_hotel,c7fb00b8-6205-5d73-95ad-5f774926f2cc,2016-09-30,14,2016-09-17T00:00:00+00:00,train,220,4,30,9,39,274,0,224,219,218.57142857142858,219.0,218.82142857142858,211,
resort_hotel,c31c4e41-2181-5ea7-875e-e62ec156c77b,2016-10-01,14,2016-09-18T00:00:00+00:00,train,184,5,1,10,39,275,1,181,183,179.28571428571428,180.64285714285714,180.5,176,
city_hotel,c7fb00b8-6205-5d73-95ad-5f774926f2cc,2016-10-01,14,2016-09-18T00:00:00+00:00,train,211,5,1,10,39,275,1,222,217,218.85714285714286,219.35714285714286,219.10714285714286,208,
resort_hotel,c31c4e41-2181-5ea7-875e-e62ec156c77b,2016-10-02,14,2016-09-19T00:00:00+00:00,train,179,6,2,10,39,276,1,182,182,179.71428571428572,180.64285714285714,180.57142857142858,172,
city_hotel,c7fb00b8-6205-5d73-95ad-5f774926f2cc,2016-10-02,14,2016-09-19T00:00:00+00:00,train,193,6,2,10,39,276,1,200,209,217.28571428571428,218.71428571428572,218.39285714285714,190,
resort_hotel,c31c4e41-2181-5ea7-875e-e62ec156c77b,2016-10-03,14,2016-09-20T00:00:00+00:00,train,172,0,3,10,40,277,0,172,180,178.42857142857142,180.07142857142858,180.28571428571428,154,
city_hotel,c7fb00b8-6205-5d73-95ad-5f774926f2cc,2016-10-03,14,2016-09-20T00:00:00+00:00,train,220,0,3,10,40,277,0,224,214,220.14285714285714,219.42857142857142,218.35714285714286,194,
resort_hotel,c31c4e41-2181-5ea7-875e-e62ec156c77b,2016-10-04,14,2016-09-21T00:00:00+00:00,train,184,1,4,10,40,278,0,183,183,179.0,180.07142857142858,180.32142857142858,158,
city_hotel,c7fb00b8-6205-5d73-95ad-5f774926f2cc,2016-10-04,14,2016-09-21T00:00:00+00:00,train,213,1,4,10,40,278,0,216,226,218.85714285714286,218.71428571428572,218.10714285714286,186,
resort_hotel,c31c4e41-2181-5ea7-875e-e62ec156c77b,2016-10-05,14,2016-09-22T00:00:00+00:00,train,179,2,5,10,40,279,0,182,182,180.42857142857142,180.07142857142858,180.35714285714286,142,
city_hotel,c7fb00b8-6205-5d73-95ad-5f774926f2cc,2016-10-05,14,2016-09-22T00:00:00+00:00,train,205,2,5,10,40,279,0,224,225,218.71428571428572,218.64285714285714,218.64285714285714,188,
resort_hotel,c31c4e41-2181-5ea7-875e-e62ec156c77b,2016-10-06,14,2016-09-23T00:00:00+00:00,train,178,3,6,10,40,280,0,183,182,180.57142857142858,180.14285714285714,180.35714285714286,147,
city_hotel,c7fb00b8-6205-5d73-95ad-5f774926f2cc,2016-10-06,14,2016-09-23T00:00:00+00:00,train,224,3,6,10,40,280,0,226,226,219.42857142857142,218.64285714285714,218.75,217,
resort_hotel,c31c4e41-2181-5ea7-875e-e62ec156c77b,2016-10-07,14,2016-09-24T00:00:00+00:00,train,180,4,7,10,40,281,0,178,183,180.14285714285714,179.78571428571428,180.25,150,
city_hotel,c7fb00b8-6205-5d73-95ad-5f774926f2cc,2016-10-07,14,2016-09-24T00:00:00+00:00,train,213,4,7,10,40,281,0,226,219,219.71428571428572,219.14285714285714,218.82142857142858,208,
resort_hotel,c31c4e41-2181-5ea7-875e-e62ec156c77b,2016-10-08,14,2016-09-25T00:00:00+00:00,train,179,5,8,10,40,282,1,183,182,180.42857142857142,179.85714285714286,180.25,143,
city_hotel,c7fb00b8-6205-5d73-95ad-5f774926f2cc,2016-10-08,14,2016-09-25T00:00:00+00:00,train,215,5,8,10,40,282,1,223,220,219.85714285714286,219.35714285714286,218.89285714285714,208,
resort_hotel,c31c4e41-2181-5ea7-875e-e62ec156c77b,2016-10-09,14,2016-09-26T00:00:00+00:00,train,178,6,9,10,40,283,1,160,179,177.28571428571428,178.5,179.60714285714286,140,
city_hotel,c7fb00b8-6205-5d73-95ad-5f774926f2cc,2016-10-09,14,2016-09-26T00:00:00+00:00,train,216,6,9,10,40,283,1,180,211,217.0,217.14285714285714,217.39285714285714,215,
resort_hotel,c31c4e41-2181-5ea7-875e-e62ec156c77b,2016-10-10,14,2016-09-27T00:00:00+00:00,train,159,0,10,10,41,284,0,182,181,178.71428571428572,178.57142857142858,179.71428571428572,135,
city_hotel,c7fb00b8-6205-5d73-95ad-5f774926f2cc,2016-10-10,14,2016-09-27T00:00:00+00:00,train,209,0,10,10,41,284,0,207,204,214.57142857142858,217.35714285714286,216.89285714285714,205,
resort_hotel,c31c4e41-2181-5ea7-875e-e62ec156c77b,2016-10-11,14,2016-09-28T00:00:00+00:00,train,152,1,11,10,41,285,0,174,179,177.42857142857142,178.21428571428572,179.57142857142858,122,
city_hotel,c7fb00b8-6205-5d73-95ad-5f774926f2cc,2016-10-11,14,2016-09-28T00:00:00+00:00,train,207,1,11,10,41,285,0,220,225,215.14285714285714,217.0,217.42857142857142,222,
resort_hotel,c31c4e41-2181-5ea7-875e-e62ec156c77b,2016-10-12,14,2016-09-29T00:00:00+00:00,train,177,2,12,10,41,286,0,182,172,177.42857142857142,178.92857142857142,179.96428571428572,164,
city_hotel,c7fb00b8-6205-5d73-95ad-5f774926f2cc,2016-10-12,14,2016-09-29T00:00:00+00:00,train,208,2,12,10,41,286,0,225,225,215.28571428571428,217.0,217.96428571428572,220,
resort_hotel,c31c4e41-2181-5ea7-875e-e62ec156c77b,2016-10-13,14,2016-09-30T00:00:00+00:00,train,176,3,13,10,41,287,0,183,182,177.42857142857142,179.0,179.96428571428572,173,
city_hotel,c7fb00b8-6205-5d73-95ad-5f774926f2cc,2016-10-13,14,2016-09-30T00:00:00+00:00,train,212,3,13,10,41,287,0,192,221,210.42857142857142,214.92857142857142,216.78571428571428,197,
resort_hotel,c31c4e41-2181-5ea7-875e-e62ec156c77b,2016-10-14,14,2016-10-01T00:00:00+00:00,train,181,4,14,10,41,288,0,183,181,178.14285714285714,179.14285714285714,179.96428571428572,183,
city_hotel,c7fb00b8-6205-5d73-95ad-5f774926f2cc,2016-10-14,14,2016-10-01T00:00:00+00:00,train,223,4,14,10,41,288,0,220,224,209.57142857142858,214.64285714285714,216.82142857142858,222,
resort_hotel,c31c4e41-2181-5ea7-875e-e62ec156c77b,2016-10-15,14,2016-10-02T00:00:00+00:00,train,178,5,15,10,41,289,1,184,181,178.28571428571428,179.35714285714286,180.0,175,
city_hotel,c7fb00b8-6205-5d73-95ad-5f774926f2cc,2016-10-15,14,2016-10-02T00:00:00+00:00,train,222,5,15,10,41,289,1,211,222,207.85714285714286,213.85714285714286,216.60714285714286,215,
resort_hotel,c31c4e41-2181-5ea7-875e-e62ec156c77b,2016-10-16,14,2016-10-03T00:00:00+00:00,train,183,6,16,10,41,290,1,179,182,181.0,179.14285714285714,179.89285714285714,178,
city_hotel,c7fb00b8-6205-5d73-95ad-5f774926f2cc,2016-10-16,14,2016-10-03T00:00:00+00:00,train,170,6,16,10,41,290,1,193,200,209.71428571428572,213.35714285714286,216.03571428571428,164,
resort_hotel,c31c4e41-2181-5ea7-875e-e62ec156c77b,2016-10-17,14,2016-10-04T00:00:00+00:00,train,155,0,17,10,42,291,0,172,172,179.57142857142858,179.14285714285714,179.60714285714286,141,
city_hotel,c7fb00b8-6205-5d73-95ad-5f774926f2cc,2016-10-17,14,2016-10-04T00:00:00+00:00,train,207,0,17,10,42,291,0,220,224,211.57142857142858,213.07142857142858,216.25,194,
resort_hotel,c31c4e41-2181-5ea7-875e-e62ec156c77b,2016-10-18,14,2016-10-05T00:00:00+00:00,train,174,1,18,10,42,292,0,184,183,181.0,179.21428571428572,179.64285714285714,151,
city_hotel,c7fb00b8-6205-5d73-95ad-5f774926f2cc,2016-10-18,14,2016-10-05T00:00:00+00:00,train,211,1,18,10,42,292,0,213,216,210.57142857142858,212.85714285714286,215.78571428571428,213,
resort_hotel,c31c4e41-2181-5ea7-875e-e62ec156c77b,2016-10-19,14,2016-10-06T00:00:00+00:00,train,172,2,19,10,42,293,0,179,182,180.57142857142858,179.0,179.53571428571428,143,
city_hotel,c7fb00b8-6205-5d73-95ad-5f774926f2cc,2016-10-19,14,2016-10-06T00:00:00+00:00,train,205,2,19,10,42,293,0,205,224,207.71428571428572,211.5,215.07142857142858,209,
resort_hotel,c31c4e41-2181-5ea7-875e-e62ec156c77b,2016-10-20,14,2016-10-07T00:00:00+00:00,train,179,3,20,10,42,294,0,178,183,179.85714285714286,178.64285714285714,179.39285714285714,165,
city_hotel,c7fb00b8-6205-5d73-95ad-5f774926f2cc,2016-10-20,14,2016-10-07T00:00:00+00:00,train,204,3,20,10,42,294,0,224,226,212.28571428571428,211.35714285714286,215.0,202,
resort_hotel,c31c4e41-2181-5ea7-875e-e62ec156c77b,2016-10-21,14,2016-10-08T00:00:00+00:00,train,165,4,21,10,42,295,0,180,178,179.42857142857142,178.78571428571428,179.28571428571428,157,
city_hotel,c7fb00b8-6205-5d73-95ad-5f774926f2cc,2016-10-21,14,2016-10-08T00:00:00+00:00,train,193,4,21,10,42,295,0,213,226,211.28571428571428,210.42857142857142,214.78571428571428,193,
resort_hotel,c31c4e41-2181-5ea7-875e-e62ec156c77b,2016-10-22,14,2016-10-09T00:00:00+00:00,train,176,5,22,10,42,296,1,179,183,178.71428571428572,178.5,179.17857142857142,173,
city_hotel,c7fb00b8-6205-5d73-95ad-5f774926f2cc,2016-10-22,14,2016-10-09T00:00:00+00:00,train,189,5,22,10,42,296,1,215,223,211.85714285714286,209.85714285714286,214.60714285714286,176,
resort_hotel,c31c4e41-2181-5ea7-875e-e62ec156c77b,2016-10-23,14,2016-10-10T00:00:00+00:00,train,180,6,23,10,42,297,1,178,160,178.57142857142858,179.78571428571428,179.14285714285714,175,
city_hotel,c7fb00b8-6205-5d73-95ad-5f774926f2cc,2016-10-23,14,2016-10-10T00:00:00+00:00,train,217,6,23,10,42,297,1,216,180,215.14285714285714,212.42857142857142,214.78571428571428,222,
resort_hotel,c31c4e41-2181-5ea7-875e-e62ec156c77b,2016-10-24,14,2016-10-11T00:00:00+00:00,train,160,0,24,10,43,298,0,159,182,176.71428571428572,178.14285714285714,178.35714285714286,139,
city_hotel,c7fb00b8-6205-5d73-95ad-5f774926f2cc,2016-10-24,14,2016-10-11T00:00:00+00:00,train,225,0,24,10,43,298,0,209,207,213.57142857142858,212.57142857142858,214.96428571428572,218,
resort_hotel,c31c4e41-2181-5ea7-875e-e62ec156c77b,2016-10-25,14,2016-10-12T00:00:00+00:00,train,171,1,25,10,43,299,0,152,174,172.14285714285714,176.57142857142858,177.39285714285714,148,
city_hotel,c7fb00b8-6205-5d73-95ad-5f774926f2cc,2016-10-25,14,2016-10-12T00:00:00+00:00,train,217,1,25,10,43,299,0,207,220,212.71428571428572,211.64285714285714,214.32142857142858,183,
resort_hotel,c31c4e41-2181-5ea7-875e-e62ec156c77b,2016-10-26,14,2016-10-13T00:00:00+00:00,train,179,2,26,10,43,300,0,177,182,171.85714285714286,176.21428571428572,177.57142857142858,141,
city_hotel,c7fb00b8-6205-5d73-95ad-5f774926f2cc,2016-10-26,14,2016-10-13T00:00:00+00:00,train,224,2,26,10,43,300,0,208,225,213.14285714285714,210.42857142857142,213.71428571428572,193,
resort_hotel,c31c4e41-2181-5ea7-875e-e62ec156c77b,2016-10-27,14,2016-10-14T00:00:00+00:00,train,154,3,27,10,43,301,0,176,183,171.57142857142858,175.71428571428572,177.35714285714286,127,
city_hotel,c7fb00b8-6205-5d73-95ad-5f774926f2cc,2016-10-27,14,2016-10-14T00:00:00+00:00,train,217,3,27,10,43,301,0,212,192,211.42857142857142,211.85714285714286,213.39285714285714,193,
resort_hotel,c31c4e41-2181-5ea7-875e-e62ec156c77b,2016-10-28,14,2016-10-15T00:00:00+00:00,train,161,4,28,10,43,302,0,181,183,171.71428571428572,175.57142857142858,177.35714285714286,139,
city_hotel,c7fb00b8-6205-5d73-95ad-5f774926f2cc,2016-10-28,14,2016-10-15T00:00:00+00:00,train,214,4,28,10,43,302,0,223,220,212.85714285714286,212.07142857142858,213.35714285714286,214,
resort_hotel,c31c4e41-2181-5ea7-875e-e62ec156c77b,2016-10-29,14,2016-10-16T00:00:00+00:00,train,182,5,29,10,43,303,1,178,184,171.57142857142858,175.14285714285714,177.25,163,
city_hotel,c7fb00b8-6205-5d73-95ad-5f774926f2cc,2016-10-29,14,2016-10-16T00:00:00+00:00,train,214,5,29,10,43,303,1,222,211,213.85714285714286,212.85714285714286,213.35714285714286,209,
resort_hotel,c31c4e41-2181-5ea7-875e-e62ec156c77b,2016-10-30,14,2016-10-17T00:00:00+00:00,train,168,6,30,10,43,304,1,183,179,172.28571428571428,175.42857142857142,177.28571428571428,151,
city_hotel,c7fb00b8-6205-5d73-95ad-5f774926f2cc,2016-10-30,14,2016-10-17T00:00:00+00:00,train,218,6,30,10,43,304,1,170,193,207.28571428571428,211.21428571428572,212.28571428571428,213,
resort_hotel,c31c4e41-2181-5ea7-875e-e62ec156c77b,2016-10-31,14,2016-10-18T00:00:00+00:00,train,178,0,31,10,44,305,0,155,172,171.71428571428572,174.21428571428572,176.67857142857142,152,
city_hotel,c7fb00b8-6205-5d73-95ad-5f774926f2cc,2016-10-31,14,2016-10-18T00:00:00+00:00,train,220,0,31,10,44,305,0,207,220,207.0,210.28571428571428,211.67857142857142,196,
resort_hotel,c31c4e41-2181-5ea7-875e-e62ec156c77b,2016-11-01,14,2016-10-19T00:00:00+00:00,train,168,1,1,11,44,306,0,174,184,174.85714285714286,173.5,176.35714285714286,150,
city_hotel,c7fb00b8-6205-5d73-95ad-5f774926f2cc,2016-11-01,14,2016-10-19T00:00:00+00:00,train,190,1,1,11,44,306,0,211,213,207.57142857142858,210.14285714285714,211.5,186,
resort_hotel,c31c4e41-2181-5ea7-875e-e62ec156c77b,2016-11-02,14,2016-10-20T00:00:00+00:00,train,164,2,2,11,44,307,0,172,179,174.14285714285714,173.0,176.0,140,
city_hotel,c7fb00b8-6205-5d73-95ad-5f774926f2cc,2016-11-02,14,2016-10-20T00:00:00+00:00,train,210,2,2,11,44,307,0,205,205,207.14285714285714,210.14285714285714,210.82142857142858,202,
resort_hotel,c31c4e41-2181-5ea7-875e-e62ec156c77b,2016-11-03,14,2016-10-21T00:00:00+00:00,train,176,3,3,11,44,308,0,179,178,174.57142857142858,173.07142857142858,175.85714285714286,147,
city_hotel,c7fb00b8-6205-5d73-95ad-5f774926f2cc,2016-11-03,14,2016-10-21T00:00:00+00:00,train,200,3,3,11,44,308,0,204,224,206.0,208.71428571428572,210.03571428571428,196,
resort_hotel,c31c4e41-2181-5ea7-875e-e62ec156c77b,2016-11-04,14,2016-10-22T00:00:00+00:00,train,172,4,4,11,44,309,0,165,180,172.28571428571428,172.0,175.39285714285714,142,
city_hotel,c7fb00b8-6205-5d73-95ad-5f774926f2cc,2016-11-04,14,2016-10-22T00:00:00+00:00,train,195,4,4,11,44,309,0,193,213,201.71428571428572,207.28571428571428,208.85714285714286,204,
resort_hotel,c31c4e41-2181-5ea7-875e-e62ec156c77b,2016-11-05,14,2016-10-23T00:00:00+00:00,train,170,5,5,11,44,310,1,176,179,172.0,171.78571428571428,175.14285714285714,145,
city_hotel,c7fb00b8-6205-5d73-95ad-5f774926f2cc,2016-11-05,14,2016-10-23T00:00:00+00:00,train,185,5,5,11,44,310,1,189,215,197.0,205.42857142857142,207.64285714285714,158,
resort_hotel,c31c4e41-2181-5ea7-875e-e62ec156c77b,2016-11-06,14,2016-10-24T00:00:00+00:00,train,144,6,6,11,44,311,1,180,178,171.57142857142858,171.92857142857142,175.85714285714286,136,
city_hotel,c7fb00b8-6205-5d73-95ad-5f774926f2cc,2016-11-06,14,2016-10-24T00:00:00+00:00,train,148,6,6,11,44,311,1,217,216,203.71428571428572,205.5,208.96428571428572,146,
resort_hotel,c31c4e41-2181-5ea7-875e-e62ec156c77b,2016-11-07,14,2016-10-25T00:00:00+00:00,train,147,0,7,11,45,312,0,160,159,172.28571428571428,172.0,175.07142857142858,126,
city_hotel,c7fb00b8-6205-5d73-95ad-5f774926f2cc,2016-11-07,14,2016-10-25T00:00:00+00:00,train,186,0,7,11,45,312,0,225,209,206.28571428571428,206.64285714285714,209.60714285714286,171,
resort_hotel,c31c4e41-2181-5ea7-875e-e62ec156c77b,2016-11-08,14,2016-10-26T00:00:00+00:00,train,157,1,8,11,45,313,0,171,152,171.85714285714286,173.35714285714286,174.96428571428572,135,
city_hotel,c7fb00b8-6205-5d73-95ad-5f774926f2cc,2016-11-08,14,2016-10-26T00:00:00+00:00,train,198,1,8,11,45,313,0,217,207,207.14285714285714,207.35714285714286,209.5,174,
resort_hotel,c31c4e41-2181-5ea7-875e-e62ec156c77b,2016-11-09,14,2016-10-27T00:00:00+00:00,train,155,2,9,11,45,314,0,179,177,172.85714285714286,173.5,174.85714285714286,137,
city_hotel,c7fb00b8-6205-5d73-95ad-5f774926f2cc,2016-11-09,14,2016-10-27T00:00:00+00:00,train,189,2,9,11,45,314,0,224,208,209.85714285714286,208.5,209.46428571428572,176,
resort_hotel,c31c4e41-2181-5ea7-875e-e62ec156c77b,2016-11-10,14,2016-10-28T00:00:00+00:00,validation,158,3,10,11,45,315,0,154,176,169.28571428571428,171.92857142857142,173.82142857142858,148,
city_hotel,c7fb00b8-6205-5d73-95ad-5f774926f2cc,2016-11-10,14,2016-10-28T00:00:00+00:00,validation,166,3,10,11,45,315,0,217,212,211.71428571428572,208.85714285714286,210.35714285714286,144,
resort_hotel,c31c4e41-2181-5ea7-875e-e62ec156c77b,2016-11-11,14,2016-10-29T00:00:00+00:00,validation,161,4,11,11,45,316,0,161,181,168.71428571428572,170.5,173.03571428571428,154,
city_hotel,c7fb00b8-6205-5d73-95ad-5f774926f2cc,2016-11-11,14,2016-10-29T00:00:00+00:00,validation,199,4,11,11,45,316,0,214,223,214.71428571428572,208.21428571428572,210.14285714285714,185,
resort_hotel,c31c4e41-2181-5ea7-875e-e62ec156c77b,2016-11-12,14,2016-10-30T00:00:00+00:00,validation,138,5,12,11,45,317,1,182,178,169.57142857142858,170.78571428571428,172.96428571428572,128,
city_hotel,c7fb00b8-6205-5d73-95ad-5f774926f2cc,2016-11-12,14,2016-10-30T00:00:00+00:00,validation,203,5,12,11,45,317,1,214,222,218.28571428571428,207.64285714285714,210.25,202,
resort_hotel,c31c4e41-2181-5ea7-875e-e62ec156c77b,2016-11-13,14,2016-10-31T00:00:00+00:00,validation,131,6,13,11,45,318,1,168,183,167.85714285714286,169.71428571428572,172.57142857142858,111,
city_hotel,c7fb00b8-6205-5d73-95ad-5f774926f2cc,2016-11-13,14,2016-10-31T00:00:00+00:00,validation,193,6,13,11,45,318,1,218,170,218.42857142857142,211.07142857142858,211.14285714285714,186,
resort_hotel,c31c4e41-2181-5ea7-875e-e62ec156c77b,2016-11-14,14,2016-11-01T00:00:00+00:00,validation,152,0,14,11,46,319,0,178,155,170.42857142857142,171.35714285714286,172.78571428571428,117,
city_hotel,c7fb00b8-6205-5d73-95ad-5f774926f2cc,2016-11-14,14,2016-11-01T00:00:00+00:00,validation,201,0,14,11,46,319,0,220,207,217.71428571428572,212.0,211.14285714285714,171,
resort_hotel,c31c4e41-2181-5ea7-875e-e62ec156c77b,2016-11-15,14,2016-11-02T00:00:00+00:00,validation,164,1,15,11,46,320,0,168,174,170.0,170.92857142857142,172.21428571428572,117,
city_hotel,c7fb00b8-6205-5d73-95ad-5f774926f2cc,2016-11-15,14,2016-11-02T00:00:00+00:00,validation,177,1,15,11,46,320,0,190,211,213.85714285714286,210.5,210.32142857142858,155,
resort_hotel,c31c4e41-2181-5ea7-875e-e62ec156c77b,2016-11-16,14,2016-11-03T00:00:00+00:00,validation,141,2,16,11,46,321,0,164,172,167.85714285714286,170.35714285714286,171.67857142857142,111,
city_hotel,c7fb00b8-6205-5d73-95ad-5f774926f2cc,2016-11-16,14,2016-11-03T00:00:00+00:00,validation,199,2,16,11,46,321,0,210,205,211.85714285714286,210.85714285714286,210.5,165,
resort_hotel,c31c4e41-2181-5ea7-875e-e62ec156c77b,2016-11-17,14,2016-11-04T00:00:00+00:00,validation,148,3,17,11,46,322,0,176,179,171.0,170.14285714285714,171.60714285714286,118,
city_hotel,c7fb00b8-6205-5d73-95ad-5f774926f2cc,2016-11-17,14,2016-11-04T00:00:00+00:00,validation,185,3,17,11,46,322,0,200,204,209.42857142857142,210.57142857142858,209.64285714285714,166,
resort_hotel,c31c4e41-2181-5ea7-875e-e62ec156c77b,2016-11-18,14,2016-11-05T00:00:00+00:00,validation,169,4,18,11,46,323,0,172,165,172.57142857142858,170.64285714285714,171.32142857142858,144,
city_hotel,c7fb00b8-6205-5d73-95ad-5f774926f2cc,2016-11-18,14,2016-11-05T00:00:00+00:00,validation,199,4,18,11,46,323,0,195,193,206.71428571428572,210.71428571428572,209.0,188,
resort_hotel,c31c4e41-2181-5ea7-875e-e62ec156c77b,2016-11-19,14,2016-11-06T00:00:00+00:00,validation,181,5,19,11,46,324,1,170,176,170.85714285714286,170.21428571428572,171.0,141,
city_hotel,c7fb00b8-6205-5d73-95ad-5f774926f2cc,2016-11-19,14,2016-11-06T00:00:00+00:00,validation,199,5,19,11,46,324,1,185,189,202.57142857142858,210.42857142857142,207.92857142857142,181,
resort_hotel,c31c4e41-2181-5ea7-875e-e62ec156c77b,2016-11-20,14,2016-11-07T00:00:00+00:00,validation,137,6,20,11,46,325,1,144,180,167.42857142857142,167.64285714285714,169.78571428571428,117,
city_hotel,c7fb00b8-6205-5d73-95ad-5f774926f2cc,2016-11-20,14,2016-11-07T00:00:00+00:00,validation,154,6,20,11,46,325,1,148,217,192.57142857142858,205.5,205.5,137,
resort_hotel,c31c4e41-2181-5ea7-875e-e62ec156c77b,2016-11-21,14,2016-11-08T00:00:00+00:00,validation,102,0,21,11,47,326,0,147,160,163.0,166.71428571428572,169.35714285714286,76,
city_hotel,c7fb00b8-6205-5d73-95ad-5f774926f2cc,2016-11-21,14,2016-11-08T00:00:00+00:00,validation,207,0,21,11,47,326,0,186,225,187.71428571428572,202.71428571428572,204.67857142857142,191,
resort_hotel,c31c4e41-2181-5ea7-875e-e62ec156c77b,2016-11-22,14,2016-11-09T00:00:00+00:00,validation,106,1,22,11,47,327,0,157,171,161.42857142857142,165.71428571428572,169.53571428571428,72,
city_hotel,c7fb00b8-6205-5d73-95ad-5f774926f2cc,2016-11-22,14,2016-11-09T00:00:00+00:00,validation,202,1,22,11,47,327,0,198,217,188.85714285714286,201.35714285714286,204.35714285714286,189,
resort_hotel,c31c4e41-2181-5ea7-875e-e62ec156c77b,2016-11-23,14,2016-11-10T00:00:00+00:00,validation,105,2,23,11,47,328,0,155,179,160.14285714285714,164.0,168.75,72,
city_hotel,c7fb00b8-6205-5d73-95ad-5f774926f2cc,2016-11-23,14,2016-11-10T00:00:00+00:00,validation,158,2,23,11,47,328,0,189,224,185.85714285714286,198.85714285714286,203.67857142857142,132,
resort_hotel,c31c4e41-2181-5ea7-875e-e62ec156c77b,2016-11-24,14,2016-11-11T00:00:00+00:00,validation,104,3,24,11,47,329,0,158,154,157.57142857142858,164.28571428571428,168.10714285714286,71,
city_hotel,c7fb00b8-6205-5d73-95ad-5f774926f2cc,2016-11-24,14,2016-11-11T00:00:00+00:00,validation,130,3,24,11,47,329,0,166,217,181.0,195.21428571428572,202.03571428571428,105,
resort_hotel,c31c4e41-2181-5ea7-875e-e62ec156c77b,2016-11-25,14,2016-11-12T00:00:00+00:00,validation,100,4,25,11,47,330,0,161,161,156.0,164.28571428571428,167.39285714285714,71,
city_hotel,c7fb00b8-6205-5d73-95ad-5f774926f2cc,2016-11-25,14,2016-11-12T00:00:00+00:00,validation,182,4,25,11,47,330,0,199,214,181.57142857142858,194.14285714285714,201.17857142857142,162,
resort_hotel,c31c4e41-2181-5ea7-875e-e62ec156c77b,2016-11-26,14,2016-11-13T00:00:00+00:00,validation,107,5,26,11,47,331,1,138,182,151.42857142857142,161.14285714285714,165.96428571428572,68,
city_hotel,c7fb00b8-6205-5d73-95ad-5f774926f2cc,2016-11-26,14,2016-11-13T00:00:00+00:00,validation,162,5,26,11,47,331,1,203,214,184.14285714285714,193.35714285714286,200.5,145,
resort_hotel,c31c4e41-2181-5ea7-875e-e62ec156c77b,2016-11-27,14,2016-11-14T00:00:00+00:00,validation,66,6,27,11,47,332,1,131,168,149.57142857142858,158.5,164.10714285714286,44,
city_hotel,c7fb00b8-6205-5d73-95ad-5f774926f2cc,2016-11-27,14,2016-11-14T00:00:00+00:00,validation,112,6,27,11,47,332,1,193,218,190.57142857142858,191.57142857142858,201.32142857142858,113,
resort_hotel,c31c4e41-2181-5ea7-875e-e62ec156c77b,2016-11-28,14,2016-11-15T00:00:00+00:00,validation,79,0,28,11,48,333,0,152,178,150.28571428571428,156.64285714285714,164.0,52,
city_hotel,c7fb00b8-6205-5d73-95ad-5f774926f2cc,2016-11-28,14,2016-11-15T00:00:00+00:00,validation,132,0,28,11,48,333,0,201,220,192.71428571428572,190.21428571428572,201.10714285714286,137,
resort_hotel,c31c4e41-2181-5ea7-875e-e62ec156c77b,2016-11-29,14,2016-11-16T00:00:00+00:00,validation,90,1,29,11,48,334,0,164,168,151.28571428571428,156.35714285714286,163.64285714285714,70,
city_hotel,c7fb00b8-6205-5d73-95ad-5f774926f2cc,2016-11-29,14,2016-11-16T00:00:00+00:00,validation,126,1,29,11,48,334,0,177,190,189.71428571428572,189.28571428571428,199.89285714285714,119,
resort_hotel,c31c4e41-2181-5ea7-875e-e62ec156c77b,2016-11-30,14,2016-11-17T00:00:00+00:00,validation,60,2,30,11,48,335,0,141,164,149.28571428571428,154.71428571428572,162.53571428571428,51,
city_hotel,c7fb00b8-6205-5d73-95ad-5f774926f2cc,2016-11-30,14,2016-11-17T00:00:00+00:00,validation,104,2,30,11,48,335,0,199,210,191.14285714285714,188.5,199.67857142857142,81,
resort_hotel,c31c4e41-2181-5ea7-875e-e62ec156c77b,2016-12-01,14,2016-11-18T00:00:00+00:00,validation,78,3,1,12,48,336,0,148,176,147.85714285714286,152.71428571428572,161.42857142857142,56,
city_hotel,c7fb00b8-6205-5d73-95ad-5f774926f2cc,2016-12-01,14,2016-11-18T00:00:00+00:00,validation,108,3,1,12,48,336,0,185,200,193.85714285714286,187.42857142857142,199.0,95,
resort_hotel,c31c4e41-2181-5ea7-875e-e62ec156c77b,2016-12-02,14,2016-11-19T00:00:00+00:00,validation,112,4,2,12,48,337,0,169,172,149.0,152.5,161.57142857142858,80,
city_hotel,c7fb00b8-6205-5d73-95ad-5f774926f2cc,2016-12-02,14,2016-11-19T00:00:00+00:00,validation,134,4,2,12,48,337,0,199,195,193.85714285714286,187.71428571428572,199.21428571428572,138,
resort_hotel,c31c4e41-2181-5ea7-875e-e62ec156c77b,2016-12-03,14,2016-11-20T00:00:00+00:00,validation,130,5,3,12,48,338,1,181,170,155.14285714285714,153.28571428571428,161.75,110,
city_hotel,c7fb00b8-6205-5d73-95ad-5f774926f2cc,2016-12-03,14,2016-11-20T00:00:00+00:00,validation,175,5,3,12,48,338,1,199,185,193.28571428571428,188.71428571428572,199.57142857142858,173,
resort_hotel,c31c4e41-2181-5ea7-875e-e62ec156c77b,2016-12-04,14,2016-11-21T00:00:00+00:00,validation,69,6,4,12,48,339,1,137,144,156.0,152.78571428571428,160.21428571428572,54,
city_hotel,c7fb00b8-6205-5d73-95ad-5f774926f2cc,2016-12-04,14,2016-11-21T00:00:00+00:00,validation,142,6,4,12,48,339,1,154,148,187.71428571428572,189.14285714285714,197.32142857142858,146,
resort_hotel,c31c4e41-2181-5ea7-875e-e62ec156c77b,2016-12-05,14,2016-11-22T00:00:00+00:00,validation,104,0,5,12,49,340,0,102,147,148.85714285714286,149.57142857142858,158.14285714285714,87,
city_hotel,c7fb00b8-6205-5d73-95ad-5f774926f2cc,2016-12-05,14,2016-11-22T00:00:00+00:00,validation,168,0,5,12,49,340,0,207,186,188.57142857142858,190.64285714285714,196.67857142857142,147,
resort_hotel,c31c4e41-2181-5ea7-875e-e62ec156c77b,2016-12-06,14,2016-11-23T00:00:00+00:00,validation,106,1,6,12,49,341,0,106,157,140.57142857142858,145.92857142857142,155.82142857142858,87,
city_hotel,c7fb00b8-6205-5d73-95ad-5f774926f2cc,2016-12-06,14,2016-11-23T00:00:00+00:00,validation,127,1,6,12,49,341,0,202,198,192.14285714285714,190.92857142857142,196.14285714285714,117,
resort_hotel,c31c4e41-2181-5ea7-875e-e62ec156c77b,2016-12-07,14,2016-11-24T00:00:00+00:00,validation,105,2,7,12,49,342,0,105,155,135.42857142857142,142.35714285714286,153.17857142857142,101,
city_hotel,c7fb00b8-6205-5d73-95ad-5f774926f2cc,2016-12-07,14,2016-11-24T00:00:00+00:00,validation,133,2,7,12,49,342,0,158,189,186.28571428571428,188.71428571428572,193.78571428571428,121,
resort_hotel,c31c4e41-2181-5ea7-875e-e62ec156c77b,2016-12-08,14,2016-11-25T00:00:00+00:00,validation,104,3,8,12,49,343,0,104,158,129.14285714285714,138.5,151.39285714285714,100,
city_hotel,c7fb00b8-6205-5d73-95ad-5f774926f2cc,2016-12-08,14,2016-11-25T00:00:00+00:00,validation,174,3,8,12,49,343,0,130,166,178.42857142857142,186.14285714285714,190.67857142857142,171,
resort_hotel,c31c4e41-2181-5ea7-875e-e62ec156c77b,2016-12-09,14,2016-11-26T00:00:00+00:00,validation,103,4,9,12,49,344,0,100,161,119.28571428571429,134.14285714285714,149.21428571428572,100,
city_hotel,c7fb00b8-6205-5d73-95ad-5f774926f2cc,2016-12-09,14,2016-11-26T00:00:00+00:00,validation,186,4,9,12,49,344,0,182,199,176.0,184.92857142857142,189.53571428571428,184,
resort_hotel,c31c4e41-2181-5ea7-875e-e62ec156c77b,2016-12-10,14,2016-11-27T00:00:00+00:00,validation,114,5,10,12,49,345,1,107,138,108.71428571428571,131.92857142857142,146.53571428571428,102,
city_hotel,c7fb00b8-6205-5d73-95ad-5f774926f2cc,2016-12-10,14,2016-11-27T00:00:00+00:00,validation,185,5,10,12,49,345,1,162,203,170.71428571428572,182.0,187.67857142857142,174,
resort_hotel,c31c4e41-2181-5ea7-875e-e62ec156c77b,2016-12-11,14,2016-11-28T00:00:00+00:00,validation,49,6,11,12,49,346,1,66,131,98.57142857142857,127.28571428571429,142.89285714285714,37,
city_hotel,c7fb00b8-6205-5d73-95ad-5f774926f2cc,2016-12-11,14,2016-11-28T00:00:00+00:00,validation,90,6,11,12,49,346,1,112,193,164.71428571428572,176.21428571428572,183.89285714285714,85,
resort_hotel,c31c4e41-2181-5ea7-875e-e62ec156c77b,2016-12-12,14,2016-11-29T00:00:00+00:00,validation,61,0,12,12,50,347,0,79,152,95.28571428571429,122.07142857142857,139.35714285714286,32,
city_hotel,c7fb00b8-6205-5d73-95ad-5f774926f2cc,2016-12-12,14,2016-11-29T00:00:00+00:00,validation,63,0,12,12,50,347,0,132,201,154.0,171.28571428571428,180.75,53,
resort_hotel,c31c4e41-2181-5ea7-875e-e62ec156c77b,2016-12-13,14,2016-11-30T00:00:00+00:00,validation,67,1,13,12,50,348,0,90,164,93.0,116.78571428571429,136.57142857142858,30,
city_hotel,c7fb00b8-6205-5d73-95ad-5f774926f2cc,2016-12-13,14,2016-11-30T00:00:00+00:00,validation,69,1,13,12,50,348,0,126,177,143.14285714285714,167.64285714285714,178.46428571428572,42,
resort_hotel,c31c4e41-2181-5ea7-875e-e62ec156c77b,2016-12-14,14,2016-12-01T00:00:00+00:00,validation,76,2,14,12,50,349,0,60,141,86.57142857142857,111.0,132.85714285714286,28,
city_hotel,c7fb00b8-6205-5d73-95ad-5f774926f2cc,2016-12-14,14,2016-12-01T00:00:00+00:00,validation,72,2,14,12,50,349,0,104,199,135.42857142857142,160.85714285714286,174.67857142857142,43,
resort_hotel,c31c4e41-2181-5ea7-875e-e62ec156c77b,2016-12-15,14,2016-12-02T00:00:00+00:00,validation,63,3,15,12,50,350,0,78,148,82.85714285714286,106.0,129.35714285714286,33,
city_hotel,c7fb00b8-6205-5d73-95ad-5f774926f2cc,2016-12-15,14,2016-12-02T00:00:00+00:00,validation,67,3,15,12,50,350,0,108,185,132.28571428571428,155.35714285714286,171.39285714285714,43,
resort_hotel,c31c4e41-2181-5ea7-875e-e62ec156c77b,2016-12-16,14,2016-12-03T00:00:00+00:00,validation,73,4,16,12,50,351,0,112,169,84.57142857142857,101.92857142857143,127.21428571428571,49,
city_hotel,c7fb00b8-6205-5d73-95ad-5f774926f2cc,2016-12-16,14,2016-12-03T00:00:00+00:00,validation,88,4,16,12,50,351,0,134,199,125.42857142857143,150.71428571428572,169.21428571428572,55,
resort_hotel,c31c4e41-2181-5ea7-875e-e62ec156c77b,2016-12-17,14,2016-12-04T00:00:00+00:00,validation,90,5,17,12,50,352,1,130,181,87.85714285714286,98.28571428571429,125.78571428571429,57,
city_hotel,c7fb00b8-6205-5d73-95ad-5f774926f2cc,2016-12-17,14,2016-12-04T00:00:00+00:00,validation,85,5,17,12,50,352,1,175,199,127.28571428571429,149.0,168.85714285714286,71,
resort_hotel,c31c4e41-2181-5ea7-875e-e62ec156c77b,2016-12-18,14,2016-12-05T00:00:00+00:00,validation,57,6,18,12,50,353,1,69,137,88.28571428571429,93.42857142857143,123.10714285714286,40,
city_hotel,c7fb00b8-6205-5d73-95ad-5f774926f2cc,2016-12-18,14,2016-12-05T00:00:00+00:00,validation,84,6,18,12,50,353,1,142,154,131.57142857142858,148.14285714285714,168.64285714285714,65,
resort_hotel,c31c4e41-2181-5ea7-875e-e62ec156c77b,2016-12-19,14,2016-12-06T00:00:00+00:00,validation,73,0,19,12,51,354,0,104,102,91.85714285714286,93.57142857142857,121.57142857142857,48,
city_hotel,c7fb00b8-6205-5d73-95ad-5f774926f2cc,2016-12-19,14,2016-12-06T00:00:00+00:00,validation,99,0,19,12,51,354,0,168,207,136.71428571428572,145.35714285714286,168.0,64,
resort_hotel,c31c4e41-2181-5ea7-875e-e62ec156c77b,2016-12-20,14,2016-12-07T00:00:00+00:00,validation,74,1,20,12,51,355,0,106,106,94.14285714285714,93.57142857142857,119.75,54,
city_hotel,c7fb00b8-6205-5d73-95ad-5f774926f2cc,2016-12-20,14,2016-12-07T00:00:00+00:00,validation,97,1,20,12,51,355,0,127,202,136.85714285714286,140.0,165.46428571428572,66,
resort_hotel,c31c4e41-2181-5ea7-875e-e62ec156c77b,2016-12-21,14,2016-12-08T00:00:00+00:00,validation,80,2,21,12,51,356,0,105,105,100.57142857142857,93.57142857142857,117.96428571428571,64,
city_hotel,c7fb00b8-6205-5d73-95ad-5f774926f2cc,2016-12-21,14,2016-12-08T00:00:00+00:00,validation,99,2,21,12,51,356,0,133,158,141.0,138.21428571428572,163.46428571428572,68,
resort_hotel,c31c4e41-2181-5ea7-875e-e62ec156c77b,2016-12-22,14,2016-12-09T00:00:00+00:00,validation,88,3,22,12,51,357,0,104,104,104.28571428571429,93.57142857142857,116.03571428571429,77,
city_hotel,c7fb00b8-6205-5d73-95ad-5f774926f2cc,2016-12-22,14,2016-12-09T00:00:00+00:00,validation,100,3,22,12,51,357,0,174,130,150.42857142857142,141.35714285714286,163.75,84,
resort_hotel,c31c4e41-2181-5ea7-875e-e62ec156c77b,2016-12-23,14,2016-12-10T00:00:00+00:00,validation,114,4,23,12,51,358,0,103,100,103.0,93.78571428571429,113.96428571428571,104,
city_hotel,c7fb00b8-6205-5d73-95ad-5f774926f2cc,2016-12-23,14,2016-12-10T00:00:00+00:00,validation,110,4,23,12,51,358,0,186,182,157.85714285714286,141.64285714285714,163.28571428571428,104,
resort_hotel,c31c4e41-2181-5ea7-875e-e62ec156c77b,2016-12-24,14,2016-12-11T00:00:00+00:00,validation,142,5,24,12,51,359,1,114,107,100.71428571428571,94.28571428571429,113.10714285714286,133,
city_hotel,c7fb00b8-6205-5d73-95ad-5f774926f2cc,2016-12-24,14,2016-12-11T00:00:00+00:00,validation,128,5,24,12,51,359,1,185,162,159.28571428571428,143.28571428571428,162.64285714285714,123,
resort_hotel,c31c4e41-2181-5ea7-875e-e62ec156c77b,2016-12-25,14,2016-12-12T00:00:00+00:00,validation,156,6,25,12,51,360,1,49,66,97.85714285714286,93.07142857142857,110.17857142857143,150,
city_hotel,c7fb00b8-6205-5d73-95ad-5f774926f2cc,2016-12-25,14,2016-12-12T00:00:00+00:00,validation,140,6,25,12,51,360,1,90,112,151.85714285714286,141.71428571428572,158.96428571428572,132,
resort_hotel,c31c4e41-2181-5ea7-875e-e62ec156c77b,2016-12-26,14,2016-12-13T00:00:00+00:00,validation,153,0,26,12,52,361,0,61,79,91.71428571428571,91.78571428571429,106.92857142857143,154,
city_hotel,c7fb00b8-6205-5d73-95ad-5f774926f2cc,2016-12-26,14,2016-12-13T00:00:00+00:00,validation,148,0,26,12,52,361,0,63,132,136.85714285714286,136.78571428571428,154.03571428571428,137,
resort_hotel,c31c4e41-2181-5ea7-875e-e62ec156c77b,2016-12-27,14,2016-12-14T00:00:00+00:00,validation,154,1,27,12,52,362,0,67,90,86.14285714285714,90.14285714285714,103.46428571428571,141,
city_hotel,c7fb00b8-6205-5d73-95ad-5f774926f2cc,2016-12-27,14,2016-12-14T00:00:00+00:00,validation,224,1,27,12,52,362,0,69,126,128.57142857142858,132.71428571428572,150.17857142857142,215,
resort_hotel,c31c4e41-2181-5ea7-875e-e62ec156c77b,2016-12-28,14,2016-12-15T00:00:00+00:00,validation,151,2,28,12,52,363,0,76,60,82.0,91.28571428571429,101.14285714285714,141,
city_hotel,c7fb00b8-6205-5d73-95ad-5f774926f2cc,2016-12-28,14,2016-12-15T00:00:00+00:00,validation,203,2,28,12,52,363,0,72,104,119.85714285714286,130.42857142857142,145.64285714285714,183,
resort_hotel,c31c4e41-2181-5ea7-875e-e62ec156c77b,2016-12-29,14,2016-12-16T00:00:00+00:00,validation,127,3,29,12,52,364,0,63,78,76.14285714285714,90.21428571428571,98.10714285714286,117,
city_hotel,c7fb00b8-6205-5d73-95ad-5f774926f2cc,2016-12-29,14,2016-12-16T00:00:00+00:00,validation,214,3,29,12,52,364,0,67,108,104.57142857142857,127.5,141.42857142857142,205,
resort_hotel,c31c4e41-2181-5ea7-875e-e62ec156c77b,2016-12-30,14,2016-12-17T00:00:00+00:00,validation,180,4,30,12,52,365,0,73,112,71.85714285714286,87.42857142857143,94.67857142857143,178,
city_hotel,c7fb00b8-6205-5d73-95ad-5f774926f2cc,2016-12-30,14,2016-12-17T00:00:00+00:00,validation,222,4,30,12,52,365,0,88,134,90.57142857142857,124.21428571428571,137.46428571428572,210,
resort_hotel,c31c4e41-2181-5ea7-875e-e62ec156c77b,2016-12-31,14,2016-12-18T00:00:00+00:00,validation,174,5,31,12,52,366,1,90,130,68.42857142857143,84.57142857142857,91.42857142857143,172,
city_hotel,c7fb00b8-6205-5d73-95ad-5f774926f2cc,2016-12-31,14,2016-12-18T00:00:00+00:00,validation,219,5,31,12,52,366,1,85,175,76.28571428571429,117.78571428571429,133.39285714285714,211,
resort_hotel,c31c4e41-2181-5ea7-875e-e62ec156c77b,2017-01-01,14,2016-12-19T00:00:00+00:00,validation,125,6,1,1,52,1,1,57,69,69.57142857142857,83.71428571428571,88.57142857142857,127,
city_hotel,c7fb00b8-6205-5d73-95ad-5f774926f2cc,2017-01-01,14,2016-12-19T00:00:00+00:00,validation,220,6,1,1,52,1,1,84,142,75.42857142857143,113.64285714285714,130.89285714285714,215,
resort_hotel,c31c4e41-2181-5ea7-875e-e62ec156c77b,2017-01-02,14,2016-12-20T00:00:00+00:00,validation,98,0,2,1,1,2,0,73,104,71.28571428571429,81.5,87.53571428571429,83,
city_hotel,c7fb00b8-6205-5d73-95ad-5f774926f2cc,2017-01-02,14,2016-12-20T00:00:00+00:00,validation,184,0,2,1,1,2,0,99,168,80.57142857142857,108.71428571428571,127.03571428571429,174,
resort_hotel,c31c4e41-2181-5ea7-875e-e62ec156c77b,2017-01-03,14,2016-12-21T00:00:00+00:00,validation,101,1,3,1,1,3,0,74,106,72.28571428571429,79.21428571428571,86.39285714285714,82,
city_hotel,c7fb00b8-6205-5d73-95ad-5f774926f2cc,2017-01-03,14,2016-12-21T00:00:00+00:00,validation,175,1,3,1,1,3,0,97,127,84.57142857142857,106.57142857142857,123.28571428571429,151,
resort_hotel,c31c4e41-2181-5ea7-875e-e62ec156c77b,2017-01-04,14,2016-12-22T00:00:00+00:00,validation,103,2,4,1,1,4,0,80,105,72.85714285714286,77.42857142857143,85.5,72,
city_hotel,c7fb00b8-6205-5d73-95ad-5f774926f2cc,2017-01-04,14,2016-12-22T00:00:00+00:00,validation,170,2,4,1,1,4,0,99,133,88.42857142857143,104.14285714285714,121.17857142857143,142,
resort_hotel,c31c4e41-2181-5ea7-875e-e62ec156c77b,2017-01-05,14,2016-12-23T00:00:00+00:00,validation,89,3,5,1,1,5,0,88,104,76.42857142857143,76.28571428571429,84.92857142857143,56,
city_hotel,c7fb00b8-6205-5d73-95ad-5f774926f2cc,2017-01-05,14,2016-12-23T00:00:00+00:00,validation,151,3,5,1,1,5,0,100,174,93.14285714285714,98.85714285714286,120.10714285714286,129,
resort_hotel,c31c4e41-2181-5ea7-875e-e62ec156c77b,2017-01-06,14,2016-12-24T00:00:00+00:00,validation,96,4,6,1,1,6,0,114,103,82.28571428571429,77.07142857142857,85.42857142857143,63,
city_hotel,c7fb00b8-6205-5d73-95ad-5f774926f2cc,2017-01-06,14,2016-12-24T00:00:00+00:00,validation,125,4,6,1,1,6,0,110,186,96.28571428571429,93.42857142857143,117.53571428571429,101,
resort_hotel,c31c4e41-2181-5ea7-875e-e62ec156c77b,2017-01-07,14,2016-12-25T00:00:00+00:00,validation,97,5,7,1,1,7,1,142,114,89.71428571428571,79.07142857142857,86.67857142857143,67,
city_hotel,c7fb00b8-6205-5d73-95ad-5f774926f2cc,2017-01-07,14,2016-12-25T00:00:00+00:00,validation,122,5,7,1,1,7,1,128,185,102.42857142857143,89.35714285714286,116.32142857142857,95,
resort_hotel,c31c4e41-2181-5ea7-875e-e62ec156c77b,2017-01-08,14,2016-12-26T00:00:00+00:00,validation,74,6,8,1,1,8,1,156,49,103.85714285714286,86.71428571428571,89.89285714285714,55,
city_hotel,c7fb00b8-6205-5d73-95ad-5f774926f2cc,2017-01-08,14,2016-12-26T00:00:00+00:00,validation,111,6,8,1,1,8,1,140,90,110.42857142857143,92.92857142857143,117.32142857142857,84,
resort_hotel,c31c4e41-2181-5ea7-875e-e62ec156c77b,2017-01-09,14,2016-12-27T00:00:00+00:00,validation,75,0,9,1,2,9,0,153,61,115.28571428571429,93.28571428571429,92.53571428571429,53,
city_hotel,c7fb00b8-6205-5d73-95ad-5f774926f2cc,2017-01-09,14,2016-12-27T00:00:00+00:00,validation,113,0,9,1,2,9,0,148,63,117.42857142857143,99.0,117.89285714285714,79,
resort_hotel,c31c4e41-2181-5ea7-875e-e62ec156c77b,2017-01-10,14,2016-12-28T00:00:00+00:00,validation,89,1,10,1,2,10,0,154,67,126.71428571428571,99.5,94.82142857142857,47,
city_hotel,c7fb00b8-6205-5d73-95ad-5f774926f2cc,2017-01-10,14,2016-12-28T00:00:00+00:00,validation,139,1,10,1,2,10,0,224,69,135.57142857142858,110.07142857142857,121.39285714285714,75,
resort_hotel,c31c4e41-2181-5ea7-875e-e62ec156c77b,2017-01-11,14,2016-12-29T00:00:00+00:00,validation,85,2,11,1,2,11,0,151,76,136.85714285714286,104.85714285714286,98.07142857142857,43,
city_hotel,c7fb00b8-6205-5d73-95ad-5f774926f2cc,2017-01-11,14,2016-12-29T00:00:00+00:00,validation,122,2,11,1,2,11,0,203,72,150.42857142857142,119.42857142857143,124.92857142857143,67,
resort_hotel,c31c4e41-2181-5ea7-875e-e62ec156c77b,2017-01-12,14,2016-12-30T00:00:00+00:00,validation,90,3,12,1,2,12,0,127,63,142.42857142857142,109.42857142857143,99.82142857142857,47,
city_hotel,c7fb00b8-6205-5d73-95ad-5f774926f2cc,2017-01-12,14,2016-12-30T00:00:00+00:00,validation,115,3,12,1,2,12,0,214,67,166.71428571428572,129.92857142857142,128.71428571428572,81,
resort_hotel,c31c4e41-2181-5ea7-875e-e62ec156c77b,2017-01-13,14,2016-12-31T00:00:00+00:00,validation,71,4,13,1,2,13,0,180,73,151.85714285714286,117.07142857142857,102.25,47,
city_hotel,c7fb00b8-6205-5d73-95ad-5f774926f2cc,2017-01-13,14,2016-12-31T00:00:00+00:00,validation,123,4,13,1,2,13,0,222,88,182.71428571428572,139.5,131.85714285714286,86,
resort_hotel,c31c4e41-2181-5ea7-875e-e62ec156c77b,2017-01-14,14,2017-01-01T00:00:00+00:00,validation,102,5,14,1,2,14,1,174,90,156.42857142857142,123.07142857142857,103.82142857142857,40,
city_hotel,c7fb00b8-6205-5d73-95ad-5f774926f2cc,2017-01-14,14,2017-01-01T00:00:00+00:00,validation,107,5,14,1,2,14,1,219,85,195.71428571428572,149.07142857142858,133.42857142857142,61,
resort_hotel,c31c4e41-2181-5ea7-875e-e62ec156c77b,2017-01-15,14,2017-01-02T00:00:00+00:00,validation,55,6,15,1,2,15,1,125,57,152.0,127.92857142857143,105.82142857142857,39,
city_hotel,c7fb00b8-6205-5d73-95ad-5f774926f2cc,2017-01-15,14,2017-01-02T00:00:00+00:00,validation,90,6,15,1,2,15,1,220,84,207.14285714285714,158.78571428571428,136.21428571428572,59,
resort_hotel,c31c4e41-2181-5ea7-875e-e62ec156c77b,2017-01-16,14,2017-01-03T00:00:00+00:00,validation,151,0,16,1,3,16,0,98,73,144.14285714285714,129.71428571428572,105.60714285714286,144,
city_hotel,c7fb00b8-6205-5d73-95ad-5f774926f2cc,2017-01-16,14,2017-01-03T00:00:00+00:00,validation,108,0,16,1,3,16,0,184,99,212.28571428571428,164.85714285714286,136.78571428571428,73,
resort_hotel,c31c4e41-2181-5ea7-875e-e62ec156c77b,2017-01-17,14,2017-01-04T00:00:00+00:00,validation,149,1,17,1,3,17,0,101,74,136.57142857142858,131.64285714285714,105.42857142857143,138,
city_hotel,c7fb00b8-6205-5d73-95ad-5f774926f2cc,2017-01-17,14,2017-01-04T00:00:00+00:00,validation,104,1,17,1,3,17,0,175,97,205.28571428571428,170.42857142857142,138.5,66,
resort_hotel,c31c4e41-2181-5ea7-875e-e62ec156c77b,2017-01-18,14,2017-01-05T00:00:00+00:00,validation,151,2,18,1,3,18,0,103,80,129.71428571428572,133.28571428571428,105.35714285714286,133,
city_hotel,c7fb00b8-6205-5d73-95ad-5f774926f2cc,2017-01-18,14,2017-01-05T00:00:00+00:00,validation,194,2,18,1,3,18,0,170,99,200.57142857142858,175.5,139.82142857142858,155,
resort_hotel,c31c4e41-2181-5ea7-875e-e62ec156c77b,2017-01-19,14,2017-01-06T00:00:00+00:00,validation,83,3,19,1,3,19,0,89,88,124.28571428571429,133.35714285714286,104.82142857142857,46,
city_hotel,c7fb00b8-6205-5d73-95ad-5f774926f2cc,2017-01-19,14,2017-01-06T00:00:00+00:00,validation,162,3,19,1,3,19,0,151,100,191.57142857142858,179.14285714285714,139.0,121,
resort_hotel,c31c4e41-2181-5ea7-875e-e62ec156c77b,2017-01-20,14,2017-01-07T00:00:00+00:00,validation,71,4,20,1,3,20,0,96,114,112.28571428571429,132.07142857142858,104.57142857142857,41,
city_hotel,c7fb00b8-6205-5d73-95ad-5f774926f2cc,2017-01-20,14,2017-01-07T00:00:00+00:00,validation,167,4,20,1,3,20,0,125,110,177.71428571428572,180.21428571428572,136.82142857142858,133,
resort_hotel,c31c4e41-2181-5ea7-875e-e62ec156c77b,2017-01-21,14,2017-01-08T00:00:00+00:00,validation,100,5,21,1,3,21,1,97,142,101.28571428571429,128.85714285714286,103.96428571428571,48,
city_hotel,c7fb00b8-6205-5d73-95ad-5f774926f2cc,2017-01-21,14,2017-01-08T00:00:00+00:00,validation,146,5,21,1,3,21,1,122,128,163.85714285714286,179.78571428571428,134.57142857142858,103,
resort_hotel,c31c4e41-2181-5ea7-875e-e62ec156c77b,2017-01-22,14,2017-01-09T00:00:00+00:00,validation,82,6,22,1,3,22,1,74,156,94.0,123.0,104.85714285714286,50,
city_hotel,c7fb00b8-6205-5d73-95ad-5f774926f2cc,2017-01-22,14,2017-01-09T00:00:00+00:00,validation,138,6,22,1,3,22,1,111,140,148.28571428571428,177.71428571428572,135.32142857142858,101,
resort_hotel,c31c4e41-2181-5ea7-875e-e62ec156c77b,2017-01-23,14,2017-01-10T00:00:00+00:00,validation,89,0,23,1,4,23,0,75,153,90.71428571428571,117.42857142857143,105.35714285714286,51,
city_hotel,c7fb00b8-6205-5d73-95ad-5f774926f2cc,2017-01-23,14,2017-01-10T00:00:00+00:00,validation,122,0,23,1,4,23,0,113,148,138.14285714285714,175.21428571428572,137.10714285714286,77,
resort_hotel,c31c4e41-2181-5ea7-875e-e62ec156c77b,2017-01-24,14,2017-01-11T00:00:00+00:00,validation,96,1,24,1,4,24,0,89,154,89.0,112.78571428571429,106.14285714285714,49,
city_hotel,c7fb00b8-6205-5d73-95ad-5f774926f2cc,2017-01-24,14,2017-01-11T00:00:00+00:00,validation,122,1,24,1,4,24,0,139,224,133.0,169.14285714285714,139.60714285714286,82,
resort_hotel,c31c4e41-2181-5ea7-875e-e62ec156c77b,2017-01-25,14,2017-01-12T00:00:00+00:00,validation,104,2,25,1,4,25,0,85,151,86.42857142857143,108.07142857142857,106.46428571428571,52,
city_hotel,c7fb00b8-6205-5d73-95ad-5f774926f2cc,2017-01-25,14,2017-01-12T00:00:00+00:00,validation,133,2,25,1,4,25,0,122,203,126.14285714285714,163.35714285714286,141.39285714285714,100,
resort_hotel,c31c4e41-2181-5ea7-875e-e62ec156c77b,2017-01-26,14,2017-01-13T00:00:00+00:00,validation,109,3,26,1,4,26,0,90,127,86.57142857142857,105.42857142857143,107.42857142857143,58,
city_hotel,c7fb00b8-6205-5d73-95ad-5f774926f2cc,2017-01-26,14,2017-01-13T00:00:00+00:00,validation,131,3,26,1,4,26,0,115,214,121.0,156.28571428571428,143.10714285714286,113,
resort_hotel,c31c4e41-2181-5ea7-875e-e62ec156c77b,2017-01-27,14,2017-01-14T00:00:00+00:00,validation,141,4,27,1,4,27,0,71,180,83.0,97.64285714285714,107.35714285714286,78,
city_hotel,c7fb00b8-6205-5d73-95ad-5f774926f2cc,2017-01-27,14,2017-01-14T00:00:00+00:00,validation,122,4,27,1,4,27,0,123,222,120.71428571428571,149.21428571428572,144.35714285714286,94,
resort_hotel,c31c4e41-2181-5ea7-875e-e62ec156c77b,2017-01-28,14,2017-01-15T00:00:00+00:00,validation,155,5,28,1,4,28,1,102,174,83.71428571428571,92.5,107.78571428571429,91,
city_hotel,c7fb00b8-6205-5d73-95ad-5f774926f2cc,2017-01-28,14,2017-01-15T00:00:00+00:00,validation,123,5,28,1,4,28,1,107,219,118.57142857142857,141.21428571428572,145.14285714285714,89,
resort_hotel,c31c4e41-2181-5ea7-875e-e62ec156c77b,2017-01-29,14,2017-01-16T00:00:00+00:00,validation,111,6,29,1,4,29,1,55,125,81.0,87.5,107.71428571428571,56,
city_hotel,c7fb00b8-6205-5d73-95ad-5f774926f2cc,2017-01-29,14,2017-01-16T00:00:00+00:00,validation,88,6,29,1,4,29,1,90,220,115.57142857142857,131.92857142857142,145.35714285714286,68,
resort_hotel,c31c4e41-2181-5ea7-875e-e62ec156c77b,2017-01-30,14,2017-01-17T00:00:00+00:00,validation,95,0,30,1,5,30,0,151,98,91.85714285714286,91.28571428571429,110.5,46,
city_hotel,c7fb00b8-6205-5d73-95ad-5f774926f2cc,2017-01-30,14,2017-01-17T00:00:00+00:00,validation,87,0,30,1,5,30,0,108,184,114.85714285714286,126.5,145.67857142857142,66,
resort_hotel,c31c4e41-2181-5ea7-875e-e62ec156c77b,2017-01-31,14,2017-01-18T00:00:00+00:00,validation,93,1,31,1,5,31,0,149,101,100.42857142857143,94.71428571428571,113.17857142857143,43,
city_hotel,c7fb00b8-6205-5d73-95ad-5f774926f2cc,2017-01-31,14,2017-01-18T00:00:00+00:00,validation,96,1,31,1,5,31,0,104,175,109.85714285714286,121.42857142857143,145.92857142857142,47,
resort_hotel,c31c4e41-2181-5ea7-875e-e62ec156c77b,2017-02-01,14,2017-01-19T00:00:00+00:00,validation,78,2,1,2,5,32,0,151,103,109.85714285714286,98.14285714285714,115.71428571428571,29,
city_hotel,c7fb00b8-6205-5d73-95ad-5f774926f2cc,2017-02-01,14,2017-01-19T00:00:00+00:00,validation,96,2,1,2,5,32,0,194,170,120.14285714285714,123.14285714285714,149.32142857142858,62,
resort_hotel,c31c4e41-2181-5ea7-875e-e62ec156c77b,2017-02-02,14,2017-01-20T00:00:00+00:00,validation,73,3,2,2,5,33,0,83,89,108.85714285714286,97.71428571428571,115.53571428571429,36,
city_hotel,c7fb00b8-6205-5d73-95ad-5f774926f2cc,2017-02-02,14,2017-01-20T00:00:00+00:00,validation,120,3,2,2,5,33,0,162,151,126.85714285714286,123.92857142857143,151.53571428571428,79,
resort_hotel,c31c4e41-2181-5ea7-875e-e62ec156c77b,2017-02-03,14,2017-01-21T00:00:00+00:00,validation,88,4,3,2,5,34,0,71,96,108.85714285714286,95.92857142857143,114.0,47,
city_hotel,c7fb00b8-6205-5d73-95ad-5f774926f2cc,2017-02-03,14,2017-01-21T00:00:00+00:00,validation,133,4,3,2,5,34,0,167,125,133.14285714285714,126.92857142857143,153.57142857142858,106,
resort_hotel,c31c4e41-2181-5ea7-875e-e62ec156c77b,2017-02-04,14,2017-01-22T00:00:00+00:00,validation,123,5,4,2,5,35,1,100,97,108.57142857142857,96.14285714285714,112.5,70,
city_hotel,c7fb00b8-6205-5d73-95ad-5f774926f2cc,2017-02-04,14,2017-01-22T00:00:00+00:00,validation,143,5,4,2,5,35,1,146,122,138.71428571428572,128.64285714285714,154.21428571428572,108,
resort_hotel,c31c4e41-2181-5ea7-875e-e62ec156c77b,2017-02-05,14,2017-01-23T00:00:00+00:00,validation,83,6,5,2,5,36,1,82,74,112.42857142857143,96.71428571428571,109.85714285714286,60,
city_hotel,c7fb00b8-6205-5d73-95ad-5f774926f2cc,2017-02-05,14,2017-01-23T00:00:00+00:00,validation,133,6,5,2,5,36,1,138,111,145.57142857142858,130.57142857142858,154.14285714285714,115,
resort_hotel,c31c4e41-2181-5ea7-875e-e62ec156c77b,2017-02-06,14,2017-01-24T00:00:00+00:00,validation,106,0,6,2,6,37,0,89,75,103.57142857142857,97.71428571428571,107.57142857142857,58,
city_hotel,c7fb00b8-6205-5d73-95ad-5f774926f2cc,2017-02-06,14,2017-01-24T00:00:00+00:00,validation,123,0,6,2,6,37,0,122,113,147.57142857142858,131.21428571428572,153.21428571428572,98,
resort_hotel,c31c4e41-2181-5ea7-875e-e62ec156c77b,2017-02-07,14,2017-01-25T00:00:00+00:00,validation,105,1,7,2,6,38,0,96,89,96.0,98.21428571428571,105.5,53,
city_hotel,c7fb00b8-6205-5d73-95ad-5f774926f2cc,2017-02-07,14,2017-01-25T00:00:00+00:00,validation,139,1,7,2,6,38,0,122,139,150.14285714285714,130.0,149.57142857142858,101,
resort_hotel,c31c4e41-2181-5ea7-875e-e62ec156c77b,2017-02-08,14,2017-01-26T00:00:00+00:00,validation,94,2,8,2,6,39,0,104,85,89.28571428571429,99.57142857142857,103.82142857142857,53,
city_hotel,c7fb00b8-6205-5d73-95ad-5f774926f2cc,2017-02-08,14,2017-01-26T00:00:00+00:00,validation,137,2,8,2,6,39,0,133,122,141.42857142857142,130.78571428571428,147.07142857142858,103,
resort_hotel,c31c4e41-2181-5ea7-875e-e62ec156c77b,2017-02-09,14,2017-01-27T00:00:00+00:00,validation,99,3,9,2,6,40,0,109,90,93.0,100.92857142857143,103.17857142857143,62,
city_hotel,c7fb00b8-6205-5d73-95ad-5f774926f2cc,2017-02-09,14,2017-01-27T00:00:00+00:00,validation,159,3,9,2,6,40,0,131,115,137.0,131.92857142857142,144.10714285714286,121,
resort_hotel,c31c4e41-2181-5ea7-875e-e62ec156c77b,2017-02-10,14,2017-01-28T00:00:00+00:00,validation,113,4,10,2,6,41,0,141,71,103.0,105.92857142857143,101.78571428571429,75,
city_hotel,c7fb00b8-6205-5d73-95ad-5f774926f2cc,2017-02-10,14,2017-01-28T00:00:00+00:00,validation,176,4,10,2,6,41,0,122,123,130.57142857142858,131.85714285714286,140.53571428571428,141,
resort_hotel,c31c4e41-2181-5ea7-875e-e62ec156c77b,2017-02-11,14,2017-01-29T00:00:00+00:00,validation,128,5,11,2,6,42,1,155,102,110.85714285714286,109.71428571428571,101.10714285714286,84,
city_hotel,c7fb00b8-6205-5d73-95ad-5f774926f2cc,2017-02-11,14,2017-01-29T00:00:00+00:00,validation,174,5,11,2,6,42,1,123,107,127.28571428571429,133.0,137.10714285714286,156,
resort_hotel,c31c4e41-2181-5ea7-875e-e62ec156c77b,2017-02-12,14,2017-01-30T00:00:00+00:00,validation,90,6,12,2,6,43,1,111,55,115.0,113.71428571428571,100.60714285714286,72,
city_hotel,c7fb00b8-6205-5d73-95ad-5f774926f2cc,2017-02-12,14,2017-01-30T00:00:00+00:00,validation,174,6,12,2,6,43,1,88,90,120.14285714285714,132.85714285714286,132.39285714285714,147,
resort_hotel,c31c4e41-2181-5ea7-875e-e62ec156c77b,2017-02-13,14,2017-01-31T00:00:00+00:00,validation,137,0,13,2,7,44,0,95,151,115.85714285714286,109.71428571428571,100.5,115,
city_hotel,c7fb00b8-6205-5d73-95ad-5f774926f2cc,2017-02-13,14,2017-01-31T00:00:00+00:00,validation,206,0,13,2,7,44,0,87,108,115.14285714285714,131.35714285714286,128.92857142857142,168,
resort_hotel,c31c4e41-2181-5ea7-875e-e62ec156c77b,2017-02-14,14,2017-02-01T00:00:00+00:00,validation,162,1,14,2,7,45,0,93,149,115.42857142857143,105.71428571428571,100.21428571428571,135,
city_hotel,c7fb00b8-6205-5d73-95ad-5f774926f2cc,2017-02-14,14,2017-02-01T00:00:00+00:00,validation,214,1,14,2,7,45,0,96,104,111.42857142857143,130.78571428571428,126.10714285714286,178,
resort_hotel,c31c4e41-2181-5ea7-875e-e62ec156c77b,2017-02-15,14,2017-02-02T00:00:00+00:00,validation,153,2,15,2,7,46,0,78,151,111.71428571428571,100.5,99.32142857142857,122,
city_hotel,c7fb00b8-6205-5d73-95ad-5f774926f2cc,2017-02-15,14,2017-02-02T00:00:00+00:00,validation,222,2,15,2,7,46,0,96,194,106.14285714285714,123.78571428571429,123.46428571428571,204,
resort_hotel,c31c4e41-2181-5ea7-875e-e62ec156c77b,2017-02-16,14,2017-02-03T00:00:00+00:00,validation,148,3,16,2,7,47,0,73,83,106.57142857142857,99.78571428571429,98.75,128,
city_hotel,c7fb00b8-6205-5d73-95ad-5f774926f2cc,2017-02-16,14,2017-02-03T00:00:00+00:00,validation,209,3,16,2,7,47,0,120,162,104.57142857142857,120.78571428571429,122.35714285714286,188,
resort_hotel,c31c4e41-2181-5ea7-875e-e62ec156c77b,2017-02-17,14,2017-02-04T00:00:00+00:00,validation,149,4,17,2,7,48,0,88,71,99.0,101.0,98.46428571428571,129,
city_hotel,c7fb00b8-6205-5d73-95ad-5f774926f2cc,2017-02-17,14,2017-02-04T00:00:00+00:00,validation,201,4,17,2,7,48,0,133,167,106.14285714285714,118.35714285714286,122.64285714285714,180,
resort_hotel,c31c4e41-2181-5ea7-875e-e62ec156c77b,2017-02-18,14,2017-02-05T00:00:00+00:00,validation,177,5,18,2,7,49,1,123,100,94.42857142857143,102.64285714285714,99.39285714285714,139,
city_hotel,c7fb00b8-6205-5d73-95ad-5f774926f2cc,2017-02-18,14,2017-02-05T00:00:00+00:00,validation,199,5,18,2,7,49,1,143,146,109.0,118.14285714285714,123.39285714285714,176,
resort_hotel,c31c4e41-2181-5ea7-875e-e62ec156c77b,2017-02-19,14,2017-02-06T00:00:00+00:00,validation,154,6,19,2,7,50,1,83,82,90.42857142857143,102.71428571428571,99.71428571428571,139,
city_hotel,c7fb00b8-6205-5d73-95ad-5f774926f2cc,2017-02-19,14,2017-02-06T00:00:00+00:00,validation,169,6,19,2,7,50,1,133,138,115.42857142857143,117.78571428571429,124.17857142857143,138,
resort_hotel,c31c4e41-2181-5ea7-875e-e62ec156c77b,2017-02-20,14,2017-02-07T00:00:00+00:00,validation,140,0,20,2,8,51,0,106,89,92.0,103.92857142857143,100.82142857142857,111,
city_hotel,c7fb00b8-6205-5d73-95ad-5f774926f2cc,2017-02-20,14,2017-02-07T00:00:00+00:00,validation,187,0,20,2,8,51,0,123,122,120.57142857142857,117.85714285714286,124.53571428571429,147,
resort_hotel,c31c4e41-2181-5ea7-875e-e62ec156c77b,2017-02-21,14,2017-02-08T00:00:00+00:00,validation,143,1,21,2,8,52,0,105,96,93.71428571428571,104.57142857142857,101.39285714285714,99,
city_hotel,c7fb00b8-6205-5d73-95ad-5f774926f2cc,2017-02-21,14,2017-02-08T00:00:00+00:00,validation,191,1,21,2,8,52,0,139,122,126.71428571428571,119.07142857142857,124.53571428571429,145,
resort_hotel,c31c4e41-2181-5ea7-875e-e62ec156c77b,2017-02-22,14,2017-02-09T00:00:00+00:00,validation,163,2,22,2,8,53,0,94,104,96.0,103.85714285714286,101.71428571428571,114,
city_hotel,c7fb00b8-6205-5d73-95ad-5f774926f2cc,2017-02-22,14,2017-02-09T00:00:00+00:00,validation,226,2,22,2,8,53,0,137,133,132.57142857142858,119.35714285714286,125.07142857142857,187,
resort_hotel,c31c4e41-2181-5ea7-875e-e62ec156c77b,2017-02-23,14,2017-02-10T00:00:00+00:00,validation,167,3,23,2,8,54,0,99,109,99.71428571428571,103.14285714285714,102.03571428571429,146,
city_hotel,c7fb00b8-6205-5d73-95ad-5f774926f2cc,2017-02-23,14,2017-02-10T00:00:00+00:00,validation,207,3,23,2,8,54,0,159,131,138.14285714285714,121.35714285714286,126.64285714285714,162,
resort_hotel,c31c4e41-2181-5ea7-875e-e62ec156c77b,2017-02-24,14,2017-02-11T00:00:00+00:00,validation,164,4,24,2,8,55,0,113,141,103.28571428571429,101.14285714285714,103.53571428571429,159,
city_hotel,c7fb00b8-6205-5d73-95ad-5f774926f2cc,2017-02-24,14,2017-02-11T00:00:00+00:00,validation,139,4,24,2,8,55,0,176,122,144.28571428571428,125.21428571428571,128.53571428571428,94,
resort_hotel,c31c4e41-2181-5ea7-875e-e62ec156c77b,2017-02-25,14,2017-02-12T00:00:00+00:00,validation,184,5,25,2,8,56,1,128,155,104.0,99.21428571428571,104.46428571428571,178,
city_hotel,c7fb00b8-6205-5d73-95ad-5f774926f2cc,2017-02-25,14,2017-02-12T00:00:00+00:00,validation,185,5,25,2,8,56,1,174,123,148.71428571428572,128.85714285714286,130.92857142857142,216,
resort_hotel,c31c4e41-2181-5ea7-875e-e62ec156c77b,2017-02-26,14,2017-02-13T00:00:00+00:00,validation,183,6,26,2,8,57,1,90,111,105.0,97.71428571428571,105.71428571428571,154,
city_hotel,c7fb00b8-6205-5d73-95ad-5f774926f2cc,2017-02-26,14,2017-02-13T00:00:00+00:00,validation,170,6,26,2,8,57,1,174,88,154.57142857142858,135.0,133.92857142857142,141,
resort_hotel,c31c4e41-2181-5ea7-875e-e62ec156c77b,2017-02-27,14,2017-02-14T00:00:00+00:00,validation,159,0,27,2,9,58,0,137,95,109.42857142857143,100.71428571428571,105.21428571428571,121,
city_hotel,c7fb00b8-6205-5d73-95ad-5f774926f2cc,2017-02-27,14,2017-02-14T00:00:00+00:00,validation,215,0,27,2,9,58,0,206,87,166.42857142857142,143.5,137.42857142857142,171,
resort_hotel,c31c4e41-2181-5ea7-875e-e62ec156c77b,2017-02-28,14,2017-02-15T00:00:00+00:00,validation,112,1,28,2,9,59,0,162,93,117.57142857142857,105.64285714285714,105.67857142857143,76,
city_hotel,c7fb00b8-6205-5d73-95ad-5f774926f2cc,2017-02-28,14,2017-02-15T00:00:00+00:00,validation,190,1,28,2,9,59,0,214,96,177.14285714285714,151.92857142857142,141.35714285714286,154,
resort_hotel,c31c4e41-2181-5ea7-875e-e62ec156c77b,2017-03-01,14,2017-02-16T00:00:00+00:00,validation,125,2,1,3,9,60,0,153,78,126.0,111.0,105.75,75,
city_hotel,c7fb00b8-6205-5d73-95ad-5f774926f2cc,2017-03-01,14,2017-02-16T00:00:00+00:00,validation,179,2,1,3,9,60,0,222,96,189.28571428571428,160.92857142857142,142.35714285714286,141,
resort_hotel,c31c4e41-2181-5ea7-875e-e62ec156c77b,2017-03-02,14,2017-02-17T00:00:00+00:00,validation,176,3,2,3,9,61,0,148,73,133.0,116.35714285714286,108.07142857142857,67,
city_hotel,c7fb00b8-6205-5d73-95ad-5f774926f2cc,2017-03-02,14,2017-02-17T00:00:00+00:00,validation,201,3,2,3,9,61,0,209,120,196.42857142857142,167.28571428571428,144.03571428571428,154,
resort_hotel,c31c4e41-2181-5ea7-875e-e62ec156c77b,2017-03-03,14,2017-02-18T00:00:00+00:00,validation,177,4,3,3,9,62,0,149,88,138.14285714285714,120.71428571428571,110.85714285714286,70,
city_hotel,c7fb00b8-6205-5d73-95ad-5f774926f2cc,2017-03-03,14,2017-02-18T00:00:00+00:00,validation,207,4,3,3,9,62,0,201,133,200.0,172.14285714285714,145.25,168,
resort_hotel,c31c4e41-2181-5ea7-875e-e62ec156c77b,2017-03-04,14,2017-02-19T00:00:00+00:00,validation,181,5,4,3,9,63,1,177,123,145.14285714285714,124.57142857142857,113.60714285714286,65,
city_hotel,c7fb00b8-6205-5d73-95ad-5f774926f2cc,2017-03-04,14,2017-02-19T00:00:00+00:00,validation,190,5,4,3,9,63,1,199,143,203.57142857142858,176.14285714285714,147.14285714285714,168,
resort_hotel,c31c4e41-2181-5ea7-875e-e62ec156c77b,2017-03-05,14,2017-02-20T00:00:00+00:00,validation,176,6,5,3,9,64,1,154,83,154.28571428571428,129.64285714285714,116.17857142857143,102,
city_hotel,c7fb00b8-6205-5d73-95ad-5f774926f2cc,2017-03-05,14,2017-02-20T00:00:00+00:00,validation,175,6,5,3,9,64,1,169,133,202.85714285714286,178.71428571428572,148.25,157,
resort_hotel,c31c4e41-2181-5ea7-875e-e62ec156c77b,2017-03-06,14,2017-02-21T00:00:00+00:00,validation,123,0,6,3,10,65,0,140,106,154.71428571428572,132.07142857142858,118.0,102,
city_hotel,c7fb00b8-6205-5d73-95ad-5f774926f2cc,2017-03-06,14,2017-02-21T00:00:00+00:00,validation,217,0,6,3,10,65,0,187,123,200.14285714285714,183.28571428571428,150.57142857142858,198,
resort_hotel,c31c4e41-2181-5ea7-875e-e62ec156c77b,2017-03-07,14,2017-02-22T00:00:00+00:00,validation,144,1,7,3,10,66,0,143,105,152.0,134.78571428571428,119.67857142857143,115,
city_hotel,c7fb00b8-6205-5d73-95ad-5f774926f2cc,2017-03-07,14,2017-02-22T00:00:00+00:00,validation,220,1,7,3,10,66,0,191,139,196.85714285714286,187.0,153.03571428571428,206,
resort_hotel,c31c4e41-2181-5ea7-875e-e62ec156c77b,2017-03-08,14,2017-02-23T00:00:00+00:00,validation,148,2,8,3,10,67,0,163,94,153.42857142857142,139.71428571428572,121.78571428571429,121,
city_hotel,c7fb00b8-6205-5d73-95ad-5f774926f2cc,2017-03-08,14,2017-02-23T00:00:00+00:00,validation,191,2,8,3,10,67,0,226,137,197.42857142857142,193.35714285714286,156.35714285714286,167,
resort_hotel,c31c4e41-2181-5ea7-875e-e62ec156c77b,2017-03-09,14,2017-02-24T00:00:00+00:00,validation,172,3,9,3,10,68,0,167,99,156.14285714285714,144.57142857142858,123.85714285714286,145,
city_hotel,c7fb00b8-6205-5d73-95ad-5f774926f2cc,2017-03-09,14,2017-02-24T00:00:00+00:00,validation,186,3,9,3,10,68,0,207,159,197.14285714285714,196.78571428571428,159.07142857142858,169,
resort_hotel,c31c4e41-2181-5ea7-875e-e62ec156c77b,2017-03-10,14,2017-02-25T00:00:00+00:00,validation,181,4,10,3,10,69,0,164,113,158.28571428571428,148.21428571428572,124.67857142857143,155,
city_hotel,c7fb00b8-6205-5d73-95ad-5f774926f2cc,2017-03-10,14,2017-02-25T00:00:00+00:00,validation,212,4,10,3,10,69,0,139,176,188.28571428571428,194.14285714285714,159.67857142857142,206,
resort_hotel,c31c4e41-2181-5ea7-875e-e62ec156c77b,2017-03-11,14,2017-02-26T00:00:00+00:00,validation,174,5,11,3,10,70,1,184,128,159.28571428571428,152.21428571428572,125.71428571428571,155,
city_hotel,c7fb00b8-6205-5d73-95ad-5f774926f2cc,2017-03-11,14,2017-02-26T00:00:00+00:00,validation,223,5,11,3,10,70,1,185,174,186.28571428571428,194.92857142857142,161.89285714285714,205,
resort_hotel,c31c4e41-2181-5ea7-875e-e62ec156c77b,2017-03-12,14,2017-02-27T00:00:00+00:00,validation,140,6,12,3,10,71,1,183,90,163.42857142857142,158.85714285714286,128.28571428571428,134,
city_hotel,c7fb00b8-6205-5d73-95ad-5f774926f2cc,2017-03-12,14,2017-02-27T00:00:00+00:00,validation,191,6,12,3,10,71,1,170,174,186.42857142857142,194.64285714285714,164.82142857142858,180,
resort_hotel,c31c4e41-2181-5ea7-875e-e62ec156c77b,2017-03-13,14,2017-02-28T00:00:00+00:00,validation,166,0,13,3,11,72,0,159,137,166.14285714285714,160.42857142857142,130.57142857142858,155,
city_hotel,c7fb00b8-6205-5d73-95ad-5f774926f2cc,2017-03-13,14,2017-02-28T00:00:00+00:00,validation,169,0,13,3,11,72,0,215,206,190.42857142857142,195.28571428571428,169.39285714285714,147,
resort_hotel,c31c4e41-2181-5ea7-875e-e62ec156c77b,2017-03-14,14,2017-03-01T00:00:00+00:00,validation,173,1,14,3,11,73,0,112,162,161.71428571428572,156.85714285714286,131.25,154,
city_hotel,c7fb00b8-6205-5d73-95ad-5f774926f2cc,2017-03-14,14,2017-03-01T00:00:00+00:00,validation,208,1,14,3,11,73,0,190,214,190.28571428571428,193.57142857142858,172.75,187,
resort_hotel,c31c4e41-2181-5ea7-875e-e62ec156c77b,2017-03-15,14,2017-03-02T00:00:00+00:00,validation,170,2,15,3,11,74,0,125,153,156.28571428571428,154.85714285714286,132.92857142857142,157,
city_hotel,c7fb00b8-6205-5d73-95ad-5f774926f2cc,2017-03-15,14,2017-03-02T00:00:00+00:00,validation,220,2,15,3,11,74,0,179,222,183.57142857142858,190.5,175.71428571428572,206,
resort_hotel,c31c4e41-2181-5ea7-875e-e62ec156c77b,2017-03-16,14,2017-03-03T00:00:00+00:00,validation,182,3,16,3,11,75,0,176,148,157.57142857142858,156.85714285714286,136.60714285714286,176,
city_hotel,c7fb00b8-6205-5d73-95ad-5f774926f2cc,2017-03-16,14,2017-03-03T00:00:00+00:00,validation,217,3,16,3,11,75,0,201,209,182.71428571428572,189.92857142857142,178.60714285714286,212,
resort_hotel,c31c4e41-2181-5ea7-875e-e62ec156c77b,2017-03-17,14,2017-03-04T00:00:00+00:00,validation,179,4,17,3,11,76,0,177,149,159.42857142857142,158.85714285714286,139.78571428571428,172,
city_hotel,c7fb00b8-6205-5d73-95ad-5f774926f2cc,2017-03-17,14,2017-03-04T00:00:00+00:00,validation,220,4,17,3,11,76,0,207,201,192.42857142857142,190.35714285714286,181.25,215,
resort_hotel,c31c4e41-2181-5ea7-875e-e62ec156c77b,2017-03-18,14,2017-03-05T00:00:00+00:00,validation,156,5,18,3,11,77,1,181,177,159.0,159.14285714285714,141.85714285714286,138,
city_hotel,c7fb00b8-6205-5d73-95ad-5f774926f2cc,2017-03-18,14,2017-03-05T00:00:00+00:00,validation,226,5,18,3,11,77,1,190,199,193.14285714285714,189.71428571428572,182.92857142857142,222,
resort_hotel,c31c4e41-2181-5ea7-875e-e62ec156c77b,2017-03-19,14,2017-03-06T00:00:00+00:00,validation,154,6,19,3,11,78,1,176,154,158.0,160.71428571428572,145.17857142857142,143,
city_hotel,c7fb00b8-6205-5d73-95ad-5f774926f2cc,2017-03-19,14,2017-03-06T00:00:00+00:00,validation,223,6,19,3,11,78,1,175,169,193.85714285714286,190.14285714285714,184.42857142857142,217,
resort_hotel,c31c4e41-2181-5ea7-875e-e62ec156c77b,2017-03-20,14,2017-03-07T00:00:00+00:00,validation,170,0,20,3,12,79,0,123,140,152.85714285714286,159.5,145.78571428571428,152,
city_hotel,c7fb00b8-6205-5d73-95ad-5f774926f2cc,2017-03-20,14,2017-03-07T00:00:00+00:00,validation,219,0,20,3,12,79,0,217,187,194.14285714285714,192.28571428571428,187.78571428571428,210,
resort_hotel,c31c4e41-2181-5ea7-875e-e62ec156c77b,2017-03-21,14,2017-03-08T00:00:00+00:00,validation,179,1,21,3,12,80,0,144,143,157.42857142857142,159.57142857142858,147.17857142857142,162,
city_hotel,c7fb00b8-6205-5d73-95ad-5f774926f2cc,2017-03-21,14,2017-03-08T00:00:00+00:00,validation,216,1,21,3,12,80,0,220,191,198.42857142857142,194.35714285714286,190.67857142857142,201,
resort_hotel,c31c4e41-2181-5ea7-875e-e62ec156c77b,2017-03-22,14,2017-03-09T00:00:00+00:00,validation,178,2,22,3,12,81,0,148,163,160.71428571428572,158.5,149.10714285714286,164,
city_hotel,c7fb00b8-6205-5d73-95ad-5f774926f2cc,2017-03-22,14,2017-03-09T00:00:00+00:00,validation,184,2,22,3,12,81,0,191,226,200.14285714285714,191.85714285714286,192.60714285714286,170,
resort_hotel,c31c4e41-2181-5ea7-875e-e62ec156c77b,2017-03-23,14,2017-03-10T00:00:00+00:00,validation,150,3,23,3,12,82,0,172,167,160.14285714285714,158.85714285714286,151.71428571428572,137,
city_hotel,c7fb00b8-6205-5d73-95ad-5f774926f2cc,2017-03-23,14,2017-03-10T00:00:00+00:00,validation,198,3,23,3,12,82,0,186,207,198.0,190.35714285714286,193.57142857142858,188,
resort_hotel,c31c4e41-2181-5ea7-875e-e62ec156c77b,2017-03-24,14,2017-03-11T00:00:00+00:00,validation,150,4,24,3,12,83,0,181,164,160.71428571428572,160.07142857142858,154.14285714285714,148,
city_hotel,c7fb00b8-6205-5d73-95ad-5f774926f2cc,2017-03-24,14,2017-03-11T00:00:00+00:00,validation,222,4,24,3,12,83,0,212,139,198.71428571428572,195.57142857142858,194.85714285714286,220,
resort_hotel,c31c4e41-2181-5ea7-875e-e62ec156c77b,2017-03-25,14,2017-03-12T00:00:00+00:00,validation,175,5,25,3,12,84,1,174,184,159.71428571428572,159.35714285714286,155.78571428571428,163,
city_hotel,c7fb00b8-6205-5d73-95ad-5f774926f2cc,2017-03-25,14,2017-03-12T00:00:00+00:00,validation,225,5,25,3,12,84,1,223,185,203.42857142857142,198.28571428571428,196.60714285714286,223,
resort_hotel,c31c4e41-2181-5ea7-875e-e62ec156c77b,2017-03-26,14,2017-03-13T00:00:00+00:00,validation,139,6,26,3,12,85,1,140,183,154.57142857142858,156.28571428571428,157.57142857142858,134,
city_hotel,c7fb00b8-6205-5d73-95ad-5f774926f2cc,2017-03-26,14,2017-03-13T00:00:00+00:00,validation,166,6,26,3,12,85,1,191,170,205.71428571428572,199.78571428571428,197.21428571428572,166,
resort_hotel,c31c4e41-2181-5ea7-875e-e62ec156c77b,2017-03-27,14,2017-03-14T00:00:00+00:00,validation,147,0,27,3,13,86,0,166,159,160.71428571428572,156.78571428571428,158.60714285714286,135,
city_hotel,c7fb00b8-6205-5d73-95ad-5f774926f2cc,2017-03-27,14,2017-03-14T00:00:00+00:00,validation,214,0,27,3,13,86,0,169,215,198.85714285714286,196.5,195.89285714285714,209,
resort_hotel,c31c4e41-2181-5ea7-875e-e62ec156c77b,2017-03-28,14,2017-03-15T00:00:00+00:00,validation,154,1,28,3,13,87,0,173,112,164.85714285714286,161.14285714285714,159.0,134,
city_hotel,c7fb00b8-6205-5d73-95ad-5f774926f2cc,2017-03-28,14,2017-03-15T00:00:00+00:00,validation,215,1,28,3,13,87,0,208,190,197.14285714285714,197.78571428571428,195.67857142857142,209,
resort_hotel,c31c4e41-2181-5ea7-875e-e62ec156c77b,2017-03-29,14,2017-03-16T00:00:00+00:00,validation,161,2,29,3,13,88,0,170,125,168.0,164.35714285714286,159.60714285714286,142,
city_hotel,c7fb00b8-6205-5d73-95ad-5f774926f2cc,2017-03-29,14,2017-03-16T00:00:00+00:00,validation,197,2,29,3,13,88,0,220,179,201.28571428571428,200.71428571428572,195.60714285714286,175,
resort_hotel,c31c4e41-2181-5ea7-875e-e62ec156c77b,2017-03-30,14,2017-03-17T00:00:00+00:00,validation,167,3,30,3,13,89,0,182,176,169.42857142857142,164.78571428571428,160.82142857142858,152,
city_hotel,c7fb00b8-6205-5d73-95ad-5f774926f2cc,2017-03-30,14,2017-03-17T00:00:00+00:00,validation,217,3,30,3,13,89,0,217,201,205.71428571428572,201.85714285714286,195.89285714285714,200,
resort_hotel,c31c4e41-2181-5ea7-875e-e62ec156c77b,2017-03-31,14,2017-03-18T00:00:00+00:00,validation,172,4,31,3,13,90,0,179,177,169.14285714285714,164.92857142857142,161.89285714285714,155,
city_hotel,c7fb00b8-6205-5d73-95ad-5f774926f2cc,2017-03-31,14,2017-03-18T00:00:00+00:00,validation,212,4,31,3,13,90,0,220,207,206.85714285714286,202.78571428571428,196.57142857142858,209,
resort_hotel,c31c4e41-2181-5ea7-875e-e62ec156c77b,2017-04-01,14,2017-03-19T00:00:00+00:00,validation,161,5,1,4,13,91,1,156,181,166.57142857142858,163.14285714285714,161.14285714285714,149,
city_hotel,c7fb00b8-6205-5d73-95ad-5f774926f2cc,2017-04-01,14,2017-03-19T00:00:00+00:00,validation,215,5,1,4,13,91,1,226,190,207.28571428571428,205.35714285714286,197.53571428571428,217,
resort_hotel,c31c4e41-2181-5ea7-875e-e62ec156c77b,2017-04-02,14,2017-03-20T00:00:00+00:00,validation,149,6,2,4,13,92,1,154,176,168.57142857142858,161.57142857142858,161.14285714285714,142,
city_hotel,c7fb00b8-6205-5d73-95ad-5f774926f2cc,2017-04-02,14,2017-03-20T00:00:00+00:00,validation,189,6,2,4,13,92,1,223,175,211.85714285714286,208.78571428571428,199.46428571428572,186,
resort_hotel,c31c4e41-2181-5ea7-875e-e62ec156c77b,2017-04-03,14,2017-03-21T00:00:00+00:00,validation,155,0,3,4,14,93,0,170,123,169.14285714285714,164.92857142857142,162.21428571428572,136,
city_hotel,c7fb00b8-6205-5d73-95ad-5f774926f2cc,2017-04-03,14,2017-03-21T00:00:00+00:00,validation,223,0,3,4,14,93,0,219,217,219.0,208.92857142857142,200.60714285714286,215,
resort_hotel,c31c4e41-2181-5ea7-875e-e62ec156c77b,2017-04-04,14,2017-03-22T00:00:00+00:00,validation,139,1,4,4,14,94,0,179,144,170.0,167.42857142857142,163.5,122,
city_hotel,c7fb00b8-6205-5d73-95ad-5f774926f2cc,2017-04-04,14,2017-03-22T00:00:00+00:00,validation,218,1,4,4,14,94,0,216,220,220.14285714285714,208.64285714285714,201.5,201,
resort_hotel,c31c4e41-2181-5ea7-875e-e62ec156c77b,2017-04-05,14,2017-03-23T00:00:00+00:00,validation,179,2,5,4,14,95,0,178,148,171.14285714285714,169.57142857142858,164.03571428571428,177,
city_hotel,c7fb00b8-6205-5d73-95ad-5f774926f2cc,2017-04-05,14,2017-03-23T00:00:00+00:00,validation,215,2,5,4,14,95,0,184,191,215.0,208.14285714285714,200.0,193,
resort_hotel,c31c4e41-2181-5ea7-875e-e62ec156c77b,2017-04-06,14,2017-03-24T00:00:00+00:00,test,178,3,6,4,14,96,0,150,172,166.57142857142858,168.0,163.42857142857142,174,
city_hotel,c7fb00b8-6205-5d73-95ad-5f774926f2cc,2017-04-06,14,2017-03-24T00:00:00+00:00,test,222,3,6,4,14,96,0,198,186,212.28571428571428,209.0,199.67857142857142,211,
resort_hotel,c31c4e41-2181-5ea7-875e-e62ec156c77b,2017-04-07,14,2017-03-25T00:00:00+00:00,test,157,4,7,4,14,97,0,150,181,162.42857142857142,165.78571428571428,162.92857142857142,147,
city_hotel,c7fb00b8-6205-5d73-95ad-5f774926f2cc,2017-04-07,14,2017-03-25T00:00:00+00:00,test,215,4,7,4,14,97,0,222,212,212.57142857142858,209.71428571428572,202.64285714285714,218,
resort_hotel,c31c4e41-2181-5ea7-875e-e62ec156c77b,2017-04-08,14,2017-03-26T00:00:00+00:00,test,180,5,8,4,14,98,1,175,174,165.14285714285714,165.85714285714286,162.60714285714286,163,
city_hotel,c7fb00b8-6205-5d73-95ad-5f774926f2cc,2017-04-08,14,2017-03-26T00:00:00+00:00,test,218,5,8,4,14,98,1,225,223,212.42857142857142,209.85714285714286,204.07142857142858,215,
resort_hotel,c31c4e41-2181-5ea7-875e-e62ec156c77b,2017-04-09,14,2017-03-27T00:00:00+00:00,test,159,6,9,4,14,99,1,139,140,163.0,165.78571428571428,161.03571428571428,143,
city_hotel,c7fb00b8-6205-5d73-95ad-5f774926f2cc,2017-04-09,14,2017-03-27T00:00:00+00:00,test,197,6,9,4,14,99,1,166,191,204.28571428571428,208.07142857142858,203.92857142857142,199,
resort_hotel,c31c4e41-2181-5ea7-875e-e62ec156c77b,2017-04-10,14,2017-03-28T00:00:00+00:00,test,154,0,10,4,15,100,0,147,166,159.71428571428572,164.42857142857142,160.60714285714286,132,
city_hotel,c7fb00b8-6205-5d73-95ad-5f774926f2cc,2017-04-10,14,2017-03-28T00:00:00+00:00,test,219,0,10,4,15,100,0,214,169,203.57142857142858,211.28571428571428,203.89285714285714,204,
resort_hotel,c31c4e41-2181-5ea7-875e-e62ec156c77b,2017-04-11,14,2017-03-29T00:00:00+00:00,test,178,1,11,4,15,101,0,154,173,156.14285714285714,163.07142857142858,162.10714285714286,147,
city_hotel,c7fb00b8-6205-5d73-95ad-5f774926f2cc,2017-04-11,14,2017-03-29T00:00:00+00:00,test,218,1,11,4,15,101,0,215,208,203.42857142857142,211.78571428571428,204.78571428571428,196,
resort_hotel,c31c4e41-2181-5ea7-875e-e62ec156c77b,2017-04-12,14,2017-03-30T00:00:00+00:00,test,173,2,12,4,15,102,0,161,170,153.71428571428572,162.42857142857142,163.39285714285714,148,
city_hotel,c7fb00b8-6205-5d73-95ad-5f774926f2cc,2017-04-12,14,2017-03-30T00:00:00+00:00,test,210,2,12,4,15,102,0,197,220,205.28571428571428,210.14285714285714,205.42857142857142,202,
resort_hotel,c31c4e41-2181-5ea7-875e-e62ec156c77b,2017-04-13,14,2017-03-31T00:00:00+00:00,test,179,3,13,4,15,103,0,167,182,156.14285714285714,161.35714285714286,163.07142857142858,171,
city_hotel,c7fb00b8-6205-5d73-95ad-5f774926f2cc,2017-04-13,14,2017-03-31T00:00:00+00:00,test,224,3,13,4,15,103,0,217,217,208.0,210.14285714285714,206.0,224,
resort_hotel,c31c4e41-2181-5ea7-875e-e62ec156c77b,2017-04-14,14,2017-04-01T00:00:00+00:00,test,182,4,14,4,15,104,0,172,179,159.28571428571428,160.85714285714286,162.89285714285714,174,
city_hotel,c7fb00b8-6205-5d73-95ad-5f774926f2cc,2017-04-14,14,2017-04-01T00:00:00+00:00,test,223,4,14,4,15,104,0,212,220,206.57142857142858,209.57142857142858,206.17857142857142,219,
resort_hotel,c31c4e41-2181-5ea7-875e-e62ec156c77b,2017-04-15,14,2017-04-02T00:00:00+00:00,test,166,5,15,4,15,105,1,161,156,157.28571428571428,161.21428571428572,162.17857142857142,158,
city_hotel,c7fb00b8-6205-5d73-95ad-5f774926f2cc,2017-04-15,14,2017-04-02T00:00:00+00:00,test,213,5,15,4,15,105,1,215,226,205.14285714285714,208.78571428571428,207.07142857142858,217,
resort_hotel,c31c4e41-2181-5ea7-875e-e62ec156c77b,2017-04-16,14,2017-04-03T00:00:00+00:00,test,151,6,16,4,15,106,1,149,154,158.71428571428572,160.85714285714286,161.21428571428572,143,
city_hotel,c7fb00b8-6205-5d73-95ad-5f774926f2cc,2017-04-16,14,2017-04-03T00:00:00+00:00,test,217,6,16,4,15,106,1,189,223,208.42857142857142,206.35714285714286,207.57142857142858,215,
resort_hotel,c31c4e41-2181-5ea7-875e-e62ec156c77b,2017-04-17,14,2017-04-04T00:00:00+00:00,test,147,0,17,4,16,107,0,155,170,159.85714285714286,159.78571428571428,162.35714285714286,136,
city_hotel,c7fb00b8-6205-5d73-95ad-5f774926f2cc,2017-04-17,14,2017-04-04T00:00:00+00:00,test,208,0,17,4,16,107,0,223,219,209.71428571428572,206.64285714285714,207.78571428571428,196,
resort_hotel,c31c4e41-2181-5ea7-875e-e62ec156c77b,2017-04-18,14,2017-04-05T00:00:00+00:00,test,145,1,18,4,16,108,0,139,179,157.71428571428572,156.92857142857142,162.17857142857142,119,
city_hotel,c7fb00b8-6205-5d73-95ad-5f774926f2cc,2017-04-18,14,2017-04-05T00:00:00+00:00,test,195,1,18,4,16,108,0,218,216,210.14285714285714,206.78571428571428,207.71428571428572,173,
resort_hotel,c31c4e41-2181-5ea7-875e-e62ec156c77b,2017-04-19,14,2017-04-06T00:00:00+00:00,test,138,2,19,4,16,109,0,179,178,160.28571428571428,157.0,163.28571428571428,126,
city_hotel,c7fb00b8-6205-5d73-95ad-5f774926f2cc,2017-04-19,14,2017-04-06T00:00:00+00:00,test,217,2,19,4,16,109,0,215,184,212.71428571428572,209.0,208.57142857142858,200,
resort_hotel,c31c4e41-2181-5ea7-875e-e62ec156c77b,2017-04-20,14,2017-04-07T00:00:00+00:00,test,144,3,20,4,16,110,0,178,150,161.85714285714286,159.0,163.5,131,
city_hotel,c7fb00b8-6205-5d73-95ad-5f774926f2cc,2017-04-20,14,2017-04-07T00:00:00+00:00,test,223,3,20,4,16,110,0,222,198,213.42857142857142,210.71428571428572,209.85714285714286,216,
resort_hotel,c31c4e41-2181-5ea7-875e-e62ec156c77b,2017-04-21,14,2017-04-08T00:00:00+00:00,test,138,4,21,4,16,111,0,157,150,159.71428571428572,159.5,162.64285714285714,123,
city_hotel,c7fb00b8-6205-5d73-95ad-5f774926f2cc,2017-04-21,14,2017-04-08T00:00:00+00:00,test,218,4,21,4,16,111,0,215,222,213.85714285714286,210.21428571428572,209.96428571428572,216,
resort_hotel,c31c4e41-2181-5ea7-875e-e62ec156c77b,2017-04-22,14,2017-04-09T00:00:00+00:00,test,177,5,22,4,16,112,1,180,175,162.42857142857142,159.85714285714286,162.85714285714286,168,
city_hotel,c7fb00b8-6205-5d73-95ad-5f774926f2cc,2017-04-22,14,2017-04-09T00:00:00+00:00,test,220,5,22,4,16,112,1,218,225,214.28571428571428,209.71428571428572,209.78571428571428,219,
resort_hotel,c31c4e41-2181-5ea7-875e-e62ec156c77b,2017-04-23,14,2017-04-10T00:00:00+00:00,test,176,6,23,4,16,113,1,159,139,163.85714285714286,161.28571428571428,163.53571428571428,172,
city_hotel,c7fb00b8-6205-5d73-95ad-5f774926f2cc,2017-04-23,14,2017-04-10T00:00:00+00:00,test,189,6,23,4,16,113,1,197,166,215.42857142857142,211.92857142857142,210.0,192,
resort_hotel,c31c4e41-2181-5ea7-875e-e62ec156c77b,2017-04-24,14,2017-04-11T00:00:00+00:00,test,158,0,24,4,17,114,0,154,147,163.71428571428572,161.78571428571428,163.10714285714286,147,
city_hotel,c7fb00b8-6205-5d73-95ad-5f774926f2cc,2017-04-24,14,2017-04-11T00:00:00+00:00,test,222,0,24,4,17,114,0,219,214,214.85714285714286,212.28571428571428,211.78571428571428,220,
resort_hotel,c31c4e41-2181-5ea7-875e-e62ec156c77b,2017-04-25,14,2017-04-12T00:00:00+00:00,test,173,1,25,4,17,115,0,178,154,169.28571428571428,163.5,163.28571428571428,162,
city_hotel,c7fb00b8-6205-5d73-95ad-5f774926f2cc,2017-04-25,14,2017-04-12T00:00:00+00:00,test,217,1,25,4,17,115,0,218,215,214.85714285714286,212.5,212.14285714285714,215,
resort_hotel,c31c4e41-2181-5ea7-875e-e62ec156c77b,2017-04-26,14,2017-04-13T00:00:00+00:00,test,181,2,26,4,17,116,0,173,161,168.42857142857142,164.35714285714286,163.39285714285714,164,
city_hotel,c7fb00b8-6205-5d73-95ad-5f774926f2cc,2017-04-26,14,2017-04-13T00:00:00+00:00,test,222,2,26,4,17,116,0,210,197,214.14285714285714,213.42857142857142,211.78571428571428,198,
resort_hotel,c31c4e41-2181-5ea7-875e-e62ec156c77b,2017-04-27,14,2017-04-14T00:00:00+00:00,test,170,3,27,4,17,117,0,179,167,168.57142857142858,165.21428571428572,163.28571428571428,142,
city_hotel,c7fb00b8-6205-5d73-95ad-5f774926f2cc,2017-04-27,14,2017-04-14T00:00:00+00:00,test,221,3,27,4,17,117,0,224,217,214.42857142857142,213.92857142857142,212.03571428571428,196,
resort_hotel,c31c4e41-2181-5ea7-875e-e62ec156c77b,2017-04-28,14,2017-04-15T00:00:00+00:00,test,183,4,28,4,17,118,0,182,172,172.14285714285714,165.92857142857142,163.39285714285714,157,
city_hotel,c7fb00b8-6205-5d73-95ad-5f774926f2cc,2017-04-28,14,2017-04-15T00:00:00+00:00,test,224,4,28,4,17,118,0,223,212,215.57142857142858,214.71428571428572,212.14285714285714,215,
resort_hotel,c31c4e41-2181-5ea7-875e-e62ec156c77b,2017-04-29,14,2017-04-16T00:00:00+00:00,test,183,5,29,4,17,119,1,166,161,170.14285714285714,166.28571428571428,163.75,162,
city_hotel,c7fb00b8-6205-5d73-95ad-5f774926f2cc,2017-04-29,14,2017-04-16T00:00:00+00:00,test,224,5,29,4,17,119,1,213,215,214.85714285714286,214.57142857142858,211.67857142857142,217,
resort_hotel,c31c4e41-2181-5ea7-875e-e62ec156c77b,2017-04-30,14,2017-04-17T00:00:00+00:00,test,183,6,30,4,17,120,1,151,149,169.0,166.42857142857142,163.64285714285714,164,
city_hotel,c7fb00b8-6205-5d73-95ad-5f774926f2cc,2017-04-30,14,2017-04-17T00:00:00+00:00,test,217,6,30,4,17,120,1,217,189,217.71428571428572,216.57142857142858,211.46428571428572,215,
resort_hotel,c31c4e41-2181-5ea7-875e-e62ec156c77b,2017-05-01,14,2017-04-18T00:00:00+00:00,test,172,0,1,5,18,121,0,147,155,168.0,165.85714285714286,162.82142857142858,157,
city_hotel,c7fb00b8-6205-5d73-95ad-5f774926f2cc,2017-05-01,14,2017-04-18T00:00:00+00:00,test,202,0,1,5,18,121,0,208,223,216.14285714285714,215.5,211.07142857142858,189,
resort_hotel,c31c4e41-2181-5ea7-875e-e62ec156c77b,2017-05-02,14,2017-04-19T00:00:00+00:00,test,157,1,2,5,18,122,0,145,139,163.28571428571428,166.28571428571428,161.60714285714286,137,
city_hotel,c7fb00b8-6205-5d73-95ad-5f774926f2cc,2017-05-02,14,2017-04-19T00:00:00+00:00,test,198,1,2,5,18,122,0,195,218,212.85714285714286,213.85714285714286,210.32142857142858,175,
resort_hotel,c31c4e41-2181-5ea7-875e-e62ec156c77b,2017-05-03,14,2017-04-20T00:00:00+00:00,test,177,2,3,5,18,123,0,138,179,158.28571428571428,163.35714285714286,160.17857142857142,152,
city_hotel,c7fb00b8-6205-5d73-95ad-5f774926f2cc,2017-05-03,14,2017-04-20T00:00:00+00:00,test,213,2,3,5,18,123,0,217,215,213.85714285714286,214.0,211.5,194,
resort_hotel,c31c4e41-2181-5ea7-875e-e62ec156c77b,2017-05-04,14,2017-04-21T00:00:00+00:00,test,177,3,4,5,18,124,0,144,178,153.28571428571428,160.92857142857142,159.96428571428572,164,
city_hotel,c7fb00b8-6205-5d73-95ad-5f774926f2cc,2017-05-04,14,2017-04-21T00:00:00+00:00,test,216,3,4,5,18,124,0,223,222,213.71428571428572,214.07142857142858,212.39285714285714,198,
resort_hotel,c31c4e41-2181-5ea7-875e-e62ec156c77b,2017-05-05,14,2017-04-22T00:00:00+00:00,test,171,4,5,5,18,125,0,138,157,147.0,159.57142857142858,159.53571428571428,154,
city_hotel,c7fb00b8-6205-5d73-95ad-5f774926f2cc,2017-05-05,14,2017-04-22T00:00:00+00:00,test,221,4,5,5,18,125,0,218,215,213.0,214.28571428571428,212.25,207,
resort_hotel,c31c4e41-2181-5ea7-875e-e62ec156c77b,2017-05-06,14,2017-04-23T00:00:00+00:00,test,154,5,6,5,18,126,1,177,180,148.57142857142858,159.35714285714286,159.60714285714286,134,
city_hotel,c7fb00b8-6205-5d73-95ad-5f774926f2cc,2017-05-06,14,2017-04-23T00:00:00+00:00,test,221,5,6,5,18,126,1,220,218,214.0,214.42857142857142,212.07142857142858,218,
resort_hotel,c31c4e41-2181-5ea7-875e-e62ec156c77b,2017-05-07,14,2017-04-24T00:00:00+00:00,test,133,6,7,5,18,127,1,176,159,152.14285714285714,160.57142857142858,160.92857142857142,116,
city_hotel,c7fb00b8-6205-5d73-95ad-5f774926f2cc,2017-05-07,14,2017-04-24T00:00:00+00:00,test,213,6,7,5,18,127,1,189,197,210.0,213.85714285714286,212.89285714285714,206,
resort_hotel,c31c4e41-2181-5ea7-875e-e62ec156c77b,2017-05-08,14,2017-04-25T00:00:00+00:00,test,158,0,8,5,19,128,0,158,154,153.71428571428572,160.85714285714286,161.32142857142858,147,
city_hotel,c7fb00b8-6205-5d73-95ad-5f774926f2cc,2017-05-08,14,2017-04-25T00:00:00+00:00,test,197,0,8,5,19,128,0,222,219,212.0,214.07142857142858,213.17857142857142,182,
resort_hotel,c31c4e41-2181-5ea7-875e-e62ec156c77b,2017-05-09,14,2017-04-26T00:00:00+00:00,test,179,1,9,5,19,129,0,173,178,157.71428571428572,160.5,162.0,166,
city_hotel,c7fb00b8-6205-5d73-95ad-5f774926f2cc,2017-05-09,14,2017-04-26T00:00:00+00:00,test,211,1,9,5,19,129,0,217,218,215.14285714285714,214.0,213.25,166,
resort_hotel,c31c4e41-2181-5ea7-875e-e62ec156c77b,2017-05-10,14,2017-04-27T00:00:00+00:00,test,169,2,10,5,19,130,0,181,173,163.85714285714286,161.07142857142858,162.71428571428572,162,
city_hotel,c7fb00b8-6205-5d73-95ad-5f774926f2cc,2017-05-10,14,2017-04-27T00:00:00+00:00,test,218,2,10,5,19,130,0,222,210,215.85714285714286,214.85714285714286,214.14285714285714,204,
resort_hotel,c31c4e41-2181-5ea7-875e-e62ec156c77b,2017-05-11,14,2017-04-28T00:00:00+00:00,test,174,3,11,5,19,131,0,170,179,167.57142857142858,160.42857142857142,162.82142857142858,161,
city_hotel,c7fb00b8-6205-5d73-95ad-5f774926f2cc,2017-05-11,14,2017-04-28T00:00:00+00:00,test,216,3,11,5,19,131,0,221,224,215.57142857142858,214.64285714285714,214.28571428571428,214,
resort_hotel,c31c4e41-2181-5ea7-875e-e62ec156c77b,2017-05-12,14,2017-04-29T00:00:00+00:00,test,179,4,12,5,19,132,0,183,182,174.0,160.5,163.21428571428572,165,
city_hotel,c7fb00b8-6205-5d73-95ad-5f774926f2cc,2017-05-12,14,2017-04-29T00:00:00+00:00,test,209,4,12,5,19,132,0,224,223,216.42857142857142,214.71428571428572,214.71428571428572,213,
resort_hotel,c31c4e41-2181-5ea7-875e-e62ec156c77b,2017-05-13,14,2017-04-30T00:00:00+00:00,test,175,5,13,5,19,133,1,183,166,174.85714285714286,161.71428571428572,164.0,160,
city_hotel,c7fb00b8-6205-5d73-95ad-5f774926f2cc,2017-05-13,14,2017-04-30T00:00:00+00:00,test,213,5,13,5,19,133,1,224,213,217.0,215.5,215.03571428571428,219,
resort_hotel,c31c4e41-2181-5ea7-875e-e62ec156c77b,2017-05-14,14,2017-05-01T00:00:00+00:00,test,170,6,14,5,19,134,1,183,151,175.85714285714286,164.0,165.21428571428572,152,
city_hotel,c7fb00b8-6205-5d73-95ad-5f774926f2cc,2017-05-14,14,2017-05-01T00:00:00+00:00,test,221,6,14,5,19,134,1,217,217,221.0,215.5,216.03571428571428,207,
resort_hotel,c31c4e41-2181-5ea7-875e-e62ec156c77b,2017-05-15,14,2017-05-02T00:00:00+00:00,test,174,0,15,5,20,135,0,172,147,177.85714285714286,165.78571428571428,165.82142857142858,134,
city_hotel,c7fb00b8-6205-5d73-95ad-5f774926f2cc,2017-05-15,14,2017-05-02T00:00:00+00:00,test,206,0,15,5,20,135,0,202,208,218.14285714285714,215.07142857142858,215.28571428571428,174,
resort_hotel,c31c4e41-2181-5ea7-875e-e62ec156c77b,2017-05-16,14,2017-05-03T00:00:00+00:00,test,182,1,16,5,20,136,0,157,145,175.57142857142858,166.64285714285714,166.46428571428572,159,
city_hotel,c7fb00b8-6205-5d73-95ad-5f774926f2cc,2017-05-16,14,2017-05-03T00:00:00+00:00,test,222,1,16,5,20,136,0,198,195,215.42857142857142,215.28571428571428,214.57142857142858,203,
resort_hotel,c31c4e41-2181-5ea7-875e-e62ec156c77b,2017-05-17,14,2017-05-04T00:00:00+00:00,test,183,2,17,5,20,137,0,177,138,175.0,169.42857142857142,166.39285714285714,168,
city_hotel,c7fb00b8-6205-5d73-95ad-5f774926f2cc,2017-05-17,14,2017-05-04T00:00:00+00:00,test,219,2,17,5,20,137,0,213,217,214.14285714285714,215.0,214.5,212,
resort_hotel,c31c4e41-2181-5ea7-875e-e62ec156c77b,2017-05-18,14,2017-05-05T00:00:00+00:00,test,183,3,18,5,20,138,0,177,144,176.0,171.78571428571428,166.35714285714286,177,
city_hotel,c7fb00b8-6205-5d73-95ad-5f774926f2cc,2017-05-18,14,2017-05-05T00:00:00+00:00,test,219,3,18,5,20,138,0,216,223,213.42857142857142,214.5,214.28571428571428,220,
resort_hotel,c31c4e41-2181-5ea7-875e-e62ec156c77b,2017-05-19,14,2017-05-06T00:00:00+00:00,test,181,4,19,5,20,139,0,171,138,174.28571428571428,174.14285714285714,166.85714285714286,180,
city_hotel,c7fb00b8-6205-5d73-95ad-5f774926f2cc,2017-05-19,14,2017-05-06T00:00:00+00:00,test,222,4,19,5,20,139,0,221,218,213.0,214.71428571428572,214.5,223,
resort_hotel,c31c4e41-2181-5ea7-875e-e62ec156c77b,2017-05-20,14,2017-05-07T00:00:00+00:00,test,174,5,20,5,20,140,1,154,177,170.14285714285714,172.5,165.92857142857142,164,
city_hotel,c7fb00b8-6205-5d73-95ad-5f774926f2cc,2017-05-20,14,2017-05-07T00:00:00+00:00,test,224,5,20,5,20,140,1,221,220,212.57142857142858,214.78571428571428,214.60714285714286,221,
resort_hotel,c31c4e41-2181-5ea7-875e-e62ec156c77b,2017-05-21,14,2017-05-08T00:00:00+00:00,test,176,6,21,5,20,141,1,133,176,163.0,169.42857142857142,165.0,166,
city_hotel,c7fb00b8-6205-5d73-95ad-5f774926f2cc,2017-05-21,14,2017-05-08T00:00:00+00:00,test,217,6,21,5,20,141,1,213,189,212.0,216.5,215.17857142857142,206,
resort_hotel,c31c4e41-2181-5ea7-875e-e62ec156c77b,2017-05-22,14,2017-05-09T00:00:00+00:00,test,182,0,22,5,21,142,0,158,158,161.0,169.42857142857142,165.14285714285714,171,
city_hotel,c7fb00b8-6205-5d73-95ad-5f774926f2cc,2017-05-22,14,2017-05-09T00:00:00+00:00,test,223,0,22,5,21,142,0,197,222,211.28571428571428,214.71428571428572,214.39285714285714,209,
resort_hotel,c31c4e41-2181-5ea7-875e-e62ec156c77b,2017-05-23,14,2017-05-10T00:00:00+00:00,test,178,1,23,5,21,143,0,179,173,164.14285714285714,169.85714285714286,165.17857142857142,140,
city_hotel,c7fb00b8-6205-5d73-95ad-5f774926f2cc,2017-05-23,14,2017-05-10T00:00:00+00:00,test,221,1,23,5,21,143,0,211,217,213.14285714285714,214.28571428571428,214.14285714285714,185,
resort_hotel,c31c4e41-2181-5ea7-875e-e62ec156c77b,2017-05-24,14,2017-05-11T00:00:00+00:00,test,179,2,24,5,21,144,0,169,181,163.0,169.0,165.03571428571428,140,
city_hotel,c7fb00b8-6205-5d73-95ad-5f774926f2cc,2017-05-24,14,2017-05-11T00:00:00+00:00,test,220,2,24,5,21,144,0,218,222,213.85714285714286,214.0,214.42857142857142,211,
resort_hotel,c31c4e41-2181-5ea7-875e-e62ec156c77b,2017-05-25,14,2017-05-12T00:00:00+00:00,test,180,3,25,5,21,145,0,174,170,162.57142857142858,169.28571428571428,164.85714285714286,171,
city_hotel,c7fb00b8-6205-5d73-95ad-5f774926f2cc,2017-05-25,14,2017-05-12T00:00:00+00:00,test,224,3,25,5,21,145,0,216,221,213.85714285714286,213.64285714285714,214.14285714285714,215,
resort_hotel,c31c4e41-2181-5ea7-875e-e62ec156c77b,2017-05-26,14,2017-05-13T00:00:00+00:00,test,179,4,26,5,21,146,0,179,183,163.71428571428572,169.0,164.75,177,
city_hotel,c7fb00b8-6205-5d73-95ad-5f774926f2cc,2017-05-26,14,2017-05-13T00:00:00+00:00,test,222,4,26,5,21,146,0,209,224,212.14285714285714,212.57142857142858,213.64285714285714,219,
resort_hotel,c31c4e41-2181-5ea7-875e-e62ec156c77b,2017-05-27,14,2017-05-14T00:00:00+00:00,test,174,5,27,5,21,147,1,175,183,166.71428571428572,168.42857142857142,165.07142857142858,169,
city_hotel,c7fb00b8-6205-5d73-95ad-5f774926f2cc,2017-05-27,14,2017-05-14T00:00:00+00:00,test,220,5,27,5,21,147,1,213,224,211.0,211.78571428571428,213.64285714285714,220,
resort_hotel,c31c4e41-2181-5ea7-875e-e62ec156c77b,2017-05-28,14,2017-05-15T00:00:00+00:00,test,172,6,28,5,21,148,1,170,183,172.0,167.5,165.75,159,
city_hotel,c7fb00b8-6205-5d73-95ad-5f774926f2cc,2017-05-28,14,2017-05-15T00:00:00+00:00,test,191,6,28,5,21,148,1,221,217,212.14285714285714,212.07142857142858,213.78571428571428,198,
resort_hotel,c31c4e41-2181-5ea7-875e-e62ec156c77b,2017-05-29,14,2017-05-16T00:00:00+00:00,test,180,0,29,5,22,149,0,174,172,174.28571428571428,167.64285714285714,166.71428571428572,165,
city_hotel,c7fb00b8-6205-5d73-95ad-5f774926f2cc,2017-05-29,14,2017-05-16T00:00:00+00:00,test,182,0,29,5,22,149,0,206,202,213.42857142857142,212.35714285714286,213.71428571428572,174,
resort_hotel,c31c4e41-2181-5ea7-875e-e62ec156c77b,2017-05-30,14,2017-05-17T00:00:00+00:00,test,180,1,30,5,22,150,0,182,157,174.71428571428572,169.42857142857142,168.03571428571428,168,
city_hotel,c7fb00b8-6205-5d73-95ad-5f774926f2cc,2017-05-30,14,2017-05-17T00:00:00+00:00,test,180,1,30,5,22,150,0,222,198,215.0,214.07142857142858,214.67857142857142,178,
resort_hotel,c31c4e41-2181-5ea7-875e-e62ec156c77b,2017-05-31,14,2017-05-18T00:00:00+00:00,test,179,2,31,5,22,151,0,183,177,176.71428571428572,169.85714285714286,169.64285714285714,167,
city_hotel,c7fb00b8-6205-5d73-95ad-5f774926f2cc,2017-05-31,14,2017-05-18T00:00:00+00:00,test,199,2,31,5,22,151,0,219,213,215.14285714285714,214.5,214.75,198,
resort_hotel,c31c4e41-2181-5ea7-875e-e62ec156c77b,2017-06-01,14,2017-05-19T00:00:00+00:00,test,164,3,1,6,22,152,0,183,177,178.0,170.28571428571428,171.03571428571428,124,
city_hotel,c7fb00b8-6205-5d73-95ad-5f774926f2cc,2017-06-01,14,2017-05-19T00:00:00+00:00,test,199,3,1,6,22,152,0,219,216,215.57142857142858,214.71428571428572,214.60714285714286,188,
resort_hotel,c31c4e41-2181-5ea7-875e-e62ec156c77b,2017-06-02,14,2017-05-20T00:00:00+00:00,test,173,4,2,6,22,153,0,181,171,178.28571428571428,171.0,172.57142857142858,149,
city_hotel,c7fb00b8-6205-5d73-95ad-5f774926f2cc,2017-06-02,14,2017-05-20T00:00:00+00:00,test,221,4,2,6,22,153,0,222,221,217.42857142857142,214.78571428571428,214.75,218,
resort_hotel,c31c4e41-2181-5ea7-875e-e62ec156c77b,2017-06-03,14,2017-05-21T00:00:00+00:00,test,173,5,3,6,22,154,1,174,154,178.14285714285714,172.42857142857142,172.46428571428572,175,
city_hotel,c7fb00b8-6205-5d73-95ad-5f774926f2cc,2017-06-03,14,2017-05-21T00:00:00+00:00,test,214,5,3,6,22,154,1,224,221,219.0,215.0,214.89285714285714,206,
resort_hotel,c31c4e41-2181-5ea7-875e-e62ec156c77b,2017-06-04,14,2017-05-22T00:00:00+00:00,test,169,6,4,6,22,155,1,176,133,179.0,175.5,172.46428571428572,174,
city_hotel,c7fb00b8-6205-5d73-95ad-5f774926f2cc,2017-06-04,14,2017-05-22T00:00:00+00:00,test,199,6,4,6,22,155,1,217,213,218.42857142857142,215.28571428571428,215.89285714285714,191,
resort_hotel,c31c4e41-2181-5ea7-875e-e62ec156c77b,2017-06-05,14,2017-05-23T00:00:00+00:00,test,163,0,5,6,23,156,0,182,158,180.14285714285714,177.21428571428572,173.32142857142858,166,
city_hotel,c7fb00b8-6205-5d73-95ad-5f774926f2cc,2017-06-05,14,2017-05-23T00:00:00+00:00,test,216,0,5,6,23,156,0,223,197,220.85714285714286,217.14285714285714,215.92857142857142,196,
resort_hotel,c31c4e41-2181-5ea7-875e-e62ec156c77b,2017-06-06,14,2017-05-24T00:00:00+00:00,test,175,1,6,6,23,157,0,178,179,179.57142857142858,177.14285714285714,173.5,167,
city_hotel,c7fb00b8-6205-5d73-95ad-5f774926f2cc,2017-06-06,14,2017-05-24T00:00:00+00:00,test,219,1,6,6,23,157,0,221,211,220.71428571428572,217.85714285714286,216.07142857142858,202,
resort_hotel,c31c4e41-2181-5ea7-875e-e62ec156c77b,2017-06-07,14,2017-05-25T00:00:00+00:00,test,166,2,7,6,23,158,0,179,169,179.0,177.85714285714286,173.42857142857142,163,
city_hotel,c7fb00b8-6205-5d73-95ad-5f774926f2cc,2017-06-07,14,2017-05-25T00:00:00+00:00,test,219,2,7,6,23,158,0,220,218,220.85714285714286,218.0,216.0,213,
resort_hotel,c31c4e41-2181-5ea7-875e-e62ec156c77b,2017-06-08,14,2017-05-26T00:00:00+00:00,test,165,3,8,6,23,159,0,180,174,178.57142857142858,178.28571428571428,173.78571428571428,155,
city_hotel,c7fb00b8-6205-5d73-95ad-5f774926f2cc,2017-06-08,14,2017-05-26T00:00:00+00:00,test,217,3,8,6,23,159,0,224,216,221.57142857142858,218.57142857142858,216.10714285714286,209,
resort_hotel,c31c4e41-2181-5ea7-875e-e62ec156c77b,2017-06-09,14,2017-05-27T00:00:00+00:00,test,164,4,9,6,23,160,0,179,179,178.28571428571428,178.28571428571428,173.64285714285714,163,
city_hotel,c7fb00b8-6205-5d73-95ad-5f774926f2cc,2017-06-09,14,2017-05-27T00:00:00+00:00,test,217,4,9,6,23,160,0,222,209,221.57142857142858,219.5,216.03571428571428,214,
resort_hotel,c31c4e41-2181-5ea7-875e-e62ec156c77b,2017-06-10,14,2017-05-28T00:00:00+00:00,test,178,5,10,6,23,161,1,174,175,178.28571428571428,178.21428571428572,173.32142857142858,167,
city_hotel,c7fb00b8-6205-5d73-95ad-5f774926f2cc,2017-06-10,14,2017-05-28T00:00:00+00:00,test,212,5,10,6,23,161,1,220,213,221.0,220.0,215.89285714285714,204,
resort_hotel,c31c4e41-2181-5ea7-875e-e62ec156c77b,2017-06-11,14,2017-05-29T00:00:00+00:00,test,175,6,11,6,23,162,1,172,170,177.71428571428572,178.35714285714286,172.92857142857142,169,
city_hotel,c7fb00b8-6205-5d73-95ad-5f774926f2cc,2017-06-11,14,2017-05-29T00:00:00+00:00,test,188,6,11,6,23,162,1,191,221,217.28571428571428,217.85714285714286,214.96428571428572,169,
resort_hotel,c31c4e41-2181-5ea7-875e-e62ec156c77b,2017-06-12,14,2017-05-30T00:00:00+00:00,test,172,0,12,6,24,163,0,180,174,177.42857142857142,178.78571428571428,173.21428571428572,163,
city_hotel,c7fb00b8-6205-5d73-95ad-5f774926f2cc,2017-06-12,14,2017-05-30T00:00:00+00:00,test,200,0,12,6,24,163,0,182,206,211.42857142857142,216.14285714285714,214.25,179,
resort_hotel,c31c4e41-2181-5ea7-875e-e62ec156c77b,2017-06-13,14,2017-05-31T00:00:00+00:00,test,175,1,13,6,24,164,0,180,182,177.71428571428572,178.64285714285714,174.03571428571428,169,
city_hotel,c7fb00b8-6205-5d73-95ad-5f774926f2cc,2017-06-13,14,2017-05-31T00:00:00+00:00,test,203,1,13,6,24,164,0,180,222,205.57142857142858,213.14285714285714,213.60714285714286,189,
resort_hotel,c31c4e41-2181-5ea7-875e-e62ec156c77b,2017-06-14,14,2017-06-01T00:00:00+00:00,test,176,2,14,6,24,165,0,179,183,177.71428571428572,178.35714285714286,174.10714285714286,171,
city_hotel,c7fb00b8-6205-5d73-95ad-5f774926f2cc,2017-06-14,14,2017-06-01T00:00:00+00:00,test,216,2,14,6,24,165,0,199,219,202.57142857142858,211.71428571428572,213.10714285714286,209,
resort_hotel,c31c4e41-2181-5ea7-875e-e62ec156c77b,2017-06-15,14,2017-06-02T00:00:00+00:00,test,180,3,15,6,24,166,0,164,183,175.42857142857142,177.0,173.64285714285714,177,
city_hotel,c7fb00b8-6205-5d73-95ad-5f774926f2cc,2017-06-15,14,2017-06-02T00:00:00+00:00,test,217,3,15,6,24,166,0,199,219,199.0,210.28571428571428,212.5,218,
resort_hotel,c31c4e41-2181-5ea7-875e-e62ec156c77b,2017-06-16,14,2017-06-03T00:00:00+00:00,test,179,4,16,6,24,167,0,173,181,174.57142857142858,176.42857142857142,173.71428571428572,169,
city_hotel,c7fb00b8-6205-5d73-95ad-5f774926f2cc,2017-06-16,14,2017-06-03T00:00:00+00:00,test,214,4,16,6,24,167,0,221,222,198.85714285714286,210.21428571428572,212.5,215,
resort_hotel,c31c4e41-2181-5ea7-875e-e62ec156c77b,2017-06-17,14,2017-06-04T00:00:00+00:00,test,183,5,17,6,24,168,1,173,174,174.42857142857142,176.35714285714286,174.39285714285714,174,
city_hotel,c7fb00b8-6205-5d73-95ad-5f774926f2cc,2017-06-17,14,2017-06-04T00:00:00+00:00,test,212,5,17,6,24,168,1,214,224,198.0,209.5,212.25,215,
resort_hotel,c31c4e41-2181-5ea7-875e-e62ec156c77b,2017-06-18,14,2017-06-05T00:00:00+00:00,test,170,6,18,6,24,169,1,169,176,174.0,175.85714285714286,175.67857142857142,166,
city_hotel,c7fb00b8-6205-5d73-95ad-5f774926f2cc,2017-06-18,14,2017-06-05T00:00:00+00:00,test,192,6,18,6,24,169,1,199,217,199.14285714285714,208.21428571428572,211.75,196,
resort_hotel,c31c4e41-2181-5ea7-875e-e62ec156c77b,2017-06-19,14,2017-06-06T00:00:00+00:00,test,178,0,19,6,25,170,0,163,182,171.57142857142858,174.5,175.85714285714286,174,
city_hotel,c7fb00b8-6205-5d73-95ad-5f774926f2cc,2017-06-19,14,2017-06-06T00:00:00+00:00,test,205,0,19,6,25,170,0,216,223,204.0,207.71428571428572,212.42857142857142,198,
resort_hotel,c31c4e41-2181-5ea7-875e-e62ec156c77b,2017-06-20,14,2017-06-07T00:00:00+00:00,test,178,1,20,6,25,171,0,175,178,170.85714285714286,174.28571428571428,175.71428571428572,175,
city_hotel,c7fb00b8-6205-5d73-95ad-5f774926f2cc,2017-06-20,14,2017-06-07T00:00:00+00:00,test,219,1,20,6,25,171,0,219,221,209.57142857142858,207.57142857142858,212.71428571428572,202,
resort_hotel,c31c4e41-2181-5ea7-875e-e62ec156c77b,2017-06-21,14,2017-06-08T00:00:00+00:00,test,180,2,21,6,25,172,0,166,179,169.0,173.35714285714286,175.60714285714286,177,
city_hotel,c7fb00b8-6205-5d73-95ad-5f774926f2cc,2017-06-21,14,2017-06-08T00:00:00+00:00,test,223,2,21,6,25,172,0,219,220,212.42857142857142,207.5,212.75,209,
resort_hotel,c31c4e41-2181-5ea7-875e-e62ec156c77b,2017-06-22,14,2017-06-09T00:00:00+00:00,test,181,3,22,6,25,173,0,165,180,169.14285714285714,172.28571428571428,175.28571428571428,176,
city_hotel,c7fb00b8-6205-5d73-95ad-5f774926f2cc,2017-06-22,14,2017-06-09T00:00:00+00:00,test,213,3,22,6,25,173,0,217,224,215.0,207.0,212.78571428571428,211,
resort_hotel,c31c4e41-2181-5ea7-875e-e62ec156c77b,2017-06-23,14,2017-06-10T00:00:00+00:00,test,180,4,23,6,25,174,0,164,179,167.85714285714286,171.21428571428572,174.75,168,
city_hotel,c7fb00b8-6205-5d73-95ad-5f774926f2cc,2017-06-23,14,2017-06-10T00:00:00+00:00,test,206,4,23,6,25,174,0,217,222,214.42857142857142,206.64285714285714,213.07142857142858,210,
resort_hotel,c31c4e41-2181-5ea7-875e-e62ec156c77b,2017-06-24,14,2017-06-11T00:00:00+00:00,test,183,5,24,6,25,175,1,178,174,168.57142857142858,171.5,174.85714285714286,171,
city_hotel,c7fb00b8-6205-5d73-95ad-5f774926f2cc,2017-06-24,14,2017-06-11T00:00:00+00:00,test,205,5,24,6,25,175,1,212,220,214.14285714285714,206.07142857142858,213.03571428571428,215,
resort_hotel,c31c4e41-2181-5ea7-875e-e62ec156c77b,2017-06-25,14,2017-06-12T00:00:00+00:00,test,172,6,25,6,25,176,1,175,172,169.42857142857142,171.71428571428572,175.03571428571428,163,
city_hotel,c7fb00b8-6205-5d73-95ad-5f774926f2cc,2017-06-25,14,2017-06-12T00:00:00+00:00,test,211,6,25,6,25,176,1,188,191,212.57142857142858,205.85714285714286,211.85714285714286,206,
resort_hotel,c31c4e41-2181-5ea7-875e-e62ec156c77b,2017-06-26,14,2017-06-13T00:00:00+00:00,test,182,0,26,6,26,177,0,172,180,170.71428571428572,171.14285714285714,174.96428571428572,179,
city_hotel,c7fb00b8-6205-5d73-95ad-5f774926f2cc,2017-06-26,14,2017-06-13T00:00:00+00:00,test,224,0,26,6,26,177,0,200,182,210.28571428571428,207.14285714285714,211.64285714285714,219,
resort_hotel,c31c4e41-2181-5ea7-875e-e62ec156c77b,2017-06-27,14,2017-06-14T00:00:00+00:00,test,181,1,27,6,26,178,0,175,180,170.71428571428572,170.78571428571428,174.71428571428572,174,
city_hotel,c7fb00b8-6205-5d73-95ad-5f774926f2cc,2017-06-27,14,2017-06-14T00:00:00+00:00,test,199,1,27,6,26,178,0,203,180,208.0,208.78571428571428,210.96428571428572,183,
resort_hotel,c31c4e41-2181-5ea7-875e-e62ec156c77b,2017-06-28,14,2017-06-15T00:00:00+00:00,test,174,2,28,6,26,179,0,176,179,172.14285714285714,170.57142857142858,174.46428571428572,169,
city_hotel,c7fb00b8-6205-5d73-95ad-5f774926f2cc,2017-06-28,14,2017-06-15T00:00:00+00:00,test,215,2,28,6,26,179,0,216,199,207.57142857142858,210.0,210.85714285714286,198,
resort_hotel,c31c4e41-2181-5ea7-875e-e62ec156c77b,2017-06-29,14,2017-06-16T00:00:00+00:00,test,180,3,29,6,26,180,0,180,164,174.28571428571428,171.71428571428572,174.35714285714286,167,
city_hotel,c7fb00b8-6205-5d73-95ad-5f774926f2cc,2017-06-29,14,2017-06-16T00:00:00+00:00,test,214,3,29,6,26,180,0,217,199,207.57142857142858,211.28571428571428,210.78571428571428,204,
resort_hotel,c31c4e41-2181-5ea7-875e-e62ec156c77b,2017-06-30,14,2017-06-17T00:00:00+00:00,test,175,4,30,6,26,181,0,179,173,176.42857142857142,172.14285714285714,174.28571428571428,163,
city_hotel,c7fb00b8-6205-5d73-95ad-5f774926f2cc,2017-06-30,14,2017-06-17T00:00:00+00:00,test,213,4,30,6,26,181,0,214,221,207.14285714285714,210.78571428571428,210.5,207,
resort_hotel,c31c4e41-2181-5ea7-875e-e62ec156c77b,2017-07-01,14,2017-06-18T00:00:00+00:00,test,176,5,1,7,26,182,1,183,173,177.14285714285714,172.85714285714286,174.60714285714286,168,
city_hotel,c7fb00b8-6205-5d73-95ad-5f774926f2cc,2017-07-01,14,2017-06-18T00:00:00+00:00,test,216,5,1,7,26,182,1,212,214,207.14285714285714,210.64285714285714,210.07142857142858,211,
resort_hotel,c31c4e41-2181-5ea7-875e-e62ec156c77b,2017-07-02,14,2017-06-19T00:00:00+00:00,test,170,6,2,7,26,183,1,170,169,176.42857142857142,172.92857142857142,174.39285714285714,165,
city_hotel,c7fb00b8-6205-5d73-95ad-5f774926f2cc,2017-07-02,14,2017-06-19T00:00:00+00:00,test,201,6,2,7,26,183,1,192,199,207.71428571428572,210.14285714285714,209.17857142857142,186,
resort_hotel,c31c4e41-2181-5ea7-875e-e62ec156c77b,2017-07-03,14,2017-06-20T00:00:00+00:00,test,172,0,3,7,27,184,0,178,163,177.28571428571428,174.0,174.25,169,
city_hotel,c7fb00b8-6205-5d73-95ad-5f774926f2cc,2017-07-03,14,2017-06-20T00:00:00+00:00,test,208,0,3,7,27,184,0,205,216,208.42857142857142,209.35714285714286,208.53571428571428,183,
resort_hotel,c31c4e41-2181-5ea7-875e-e62ec156c77b,2017-07-04,14,2017-06-21T00:00:00+00:00,test,182,1,4,7,27,185,0,178,175,177.71428571428572,174.21428571428572,174.25,178,
city_hotel,c7fb00b8-6205-5d73-95ad-5f774926f2cc,2017-07-04,14,2017-06-21T00:00:00+00:00,test,220,1,4,7,27,185,0,219,219,210.71428571428572,209.35714285714286,208.46428571428572,221,
resort_hotel,c31c4e41-2181-5ea7-875e-e62ec156c77b,2017-07-05,14,2017-06-22T00:00:00+00:00,test,184,2,5,7,27,186,0,180,166,178.28571428571428,175.21428571428572,174.28571428571428,172,
city_hotel,c7fb00b8-6205-5d73-95ad-5f774926f2cc,2017-07-05,14,2017-06-22T00:00:00+00:00,test,224,2,5,7,27,186,0,223,219,211.71428571428572,209.64285714285714,208.57142857142858,223,
resort_hotel,c31c4e41-2181-5ea7-875e-e62ec156c77b,2017-07-06,14,2017-06-23T00:00:00+00:00,test,183,3,6,7,27,187,0,181,165,178.42857142857142,176.35714285714286,174.32142857142858,173,
city_hotel,c7fb00b8-6205-5d73-95ad-5f774926f2cc,2017-07-06,14,2017-06-23T00:00:00+00:00,test,217,3,6,7,27,187,0,213,217,211.14285714285714,209.35714285714286,208.17857142857142,196,
resort_hotel,c31c4e41-2181-5ea7-875e-e62ec156c77b,2017-07-07,14,2017-06-24T00:00:00+00:00,test,183,4,7,7,27,188,0,180,164,178.57142857142858,177.5,174.35714285714286,168,
city_hotel,c7fb00b8-6205-5d73-95ad-5f774926f2cc,2017-07-07,14,2017-06-24T00:00:00+00:00,test,220,4,7,7,27,188,0,206,217,210.0,208.57142857142858,207.60714285714286,218,
resort_hotel,c31c4e41-2181-5ea7-875e-e62ec156c77b,2017-07-08,14,2017-06-25T00:00:00+00:00,test,184,5,8,7,27,189,1,183,178,178.57142857142858,177.85714285714286,174.67857142857142,165,
city_hotel,c7fb00b8-6205-5d73-95ad-5f774926f2cc,2017-07-08,14,2017-06-25T00:00:00+00:00,test,221,5,8,7,27,189,1,205,212,209.0,208.07142857142858,207.07142857142858,224,
resort_hotel,c31c4e41-2181-5ea7-875e-e62ec156c77b,2017-07-09,14,2017-06-26T00:00:00+00:00,test,181,6,9,7,27,190,1,172,175,178.85714285714286,177.64285714285714,174.67857142857142,168,
city_hotel,c7fb00b8-6205-5d73-95ad-5f774926f2cc,2017-07-09,14,2017-06-26T00:00:00+00:00,test,219,6,9,7,27,190,1,211,188,211.71428571428572,209.71428571428572,207.78571428571428,216,
resort_hotel,c31c4e41-2181-5ea7-875e-e62ec156c77b,2017-07-10,14,2017-06-27T00:00:00+00:00,test,182,0,10,7,28,191,0,182,172,179.42857142857142,178.35714285714286,174.75,174,
city_hotel,c7fb00b8-6205-5d73-95ad-5f774926f2cc,2017-07-10,14,2017-06-27T00:00:00+00:00,test,221,0,10,7,28,191,0,224,200,214.42857142857142,211.42857142857142,209.28571428571428,215,
resort_hotel,c31c4e41-2181-5ea7-875e-e62ec156c77b,2017-07-11,14,2017-06-28T00:00:00+00:00,test,184,1,11,7,28,192,0,181,175,179.85714285714286,178.78571428571428,174.78571428571428,163,
city_hotel,c7fb00b8-6205-5d73-95ad-5f774926f2cc,2017-07-11,14,2017-06-28T00:00:00+00:00,test,219,1,11,7,28,192,0,199,203,211.57142857142858,211.14285714285714,209.96428571428572,214,
resort_hotel,c31c4e41-2181-5ea7-875e-e62ec156c77b,2017-07-12,14,2017-06-29T00:00:00+00:00,test,182,2,12,7,28,193,0,174,176,179.0,178.64285714285714,174.60714285714286,170,
city_hotel,c7fb00b8-6205-5d73-95ad-5f774926f2cc,2017-07-12,14,2017-06-29T00:00:00+00:00,test,225,2,12,7,28,193,0,215,216,210.42857142857142,211.07142857142858,210.53571428571428,202,
resort_hotel,c31c4e41-2181-5ea7-875e-e62ec156c77b,2017-07-13,14,2017-06-30T00:00:00+00:00,test,184,3,13,7,28,194,0,180,180,178.85714285714286,178.64285714285714,175.17857142857142,165,
city_hotel,c7fb00b8-6205-5d73-95ad-5f774926f2cc,2017-07-13,14,2017-06-30T00:00:00+00:00,test,224,3,13,7,28,194,0,214,217,210.57142857142858,210.85714285714286,211.07142857142858,211,
resort_hotel,c31c4e41-2181-5ea7-875e-e62ec156c77b,2017-07-14,14,2017-07-01T00:00:00+00:00,test,179,4,14,7,28,195,0,175,179,178.14285714285714,178.35714285714286,175.25,161,
city_hotel,c7fb00b8-6205-5d73-95ad-5f774926f2cc,2017-07-14,14,2017-07-01T00:00:00+00:00,test,222,4,14,7,28,195,0,213,214,211.57142857142858,210.78571428571428,210.78571428571428,211,
resort_hotel,c31c4e41-2181-5ea7-875e-e62ec156c77b,2017-07-15,14,2017-07-02T00:00:00+00:00,test,177,5,15,7,28,196,1,176,183,177.14285714285714,177.85714285714286,175.35714285714286,150,
city_hotel,c7fb00b8-6205-5d73-95ad-5f774926f2cc,2017-07-15,14,2017-07-02T00:00:00+00:00,test,215,5,15,7,28,196,1,216,212,213.14285714285714,211.07142857142858,210.85714285714286,195,
resort_hotel,c31c4e41-2181-5ea7-875e-e62ec156c77b,2017-07-16,14,2017-07-03T00:00:00+00:00,test,165,6,16,7,28,197,1,170,170,176.85714285714286,177.85714285714286,175.39285714285714,152,
city_hotel,c7fb00b8-6205-5d73-95ad-5f774926f2cc,2017-07-16,14,2017-07-03T00:00:00+00:00,test,217,6,16,7,28,197,1,201,192,211.71428571428572,211.71428571428572,210.92857142857142,198,
resort_hotel,c31c4e41-2181-5ea7-875e-e62ec156c77b,2017-07-17,14,2017-07-04T00:00:00+00:00,test,178,0,17,7,29,198,0,172,178,175.42857142857142,177.42857142857142,175.71428571428572,165,
city_hotel,c7fb00b8-6205-5d73-95ad-5f774926f2cc,2017-07-17,14,2017-07-04T00:00:00+00:00,test,224,0,17,7,29,198,0,208,205,209.42857142857142,211.92857142857142,210.64285714285714,215,
resort_hotel,c31c4e41-2181-5ea7-875e-e62ec156c77b,2017-07-18,14,2017-07-05T00:00:00+00:00,test,181,1,18,7,29,199,0,182,178,175.57142857142858,177.71428571428572,175.96428571428572,168,
city_hotel,c7fb00b8-6205-5d73-95ad-5f774926f2cc,2017-07-18,14,2017-07-05T00:00:00+00:00,test,224,1,18,7,29,199,0,220,219,212.42857142857142,212.0,210.67857142857142,220,
resort_hotel,c31c4e41-2181-5ea7-875e-e62ec156c77b,2017-07-19,14,2017-07-06T00:00:00+00:00,test,178,2,19,7,29,200,0,184,180,177.0,178.0,176.60714285714286,164,
city_hotel,c7fb00b8-6205-5d73-95ad-5f774926f2cc,2017-07-19,14,2017-07-06T00:00:00+00:00,test,224,2,19,7,29,200,0,224,223,213.71428571428572,212.07142857142858,210.85714285714286,223,
resort_hotel,c31c4e41-2181-5ea7-875e-e62ec156c77b,2017-07-20,14,2017-07-07T00:00:00+00:00,test,176,3,20,7,29,201,0,183,181,177.42857142857142,178.14285714285714,177.25,165,
city_hotel,c7fb00b8-6205-5d73-95ad-5f774926f2cc,2017-07-20,14,2017-07-07T00:00:00+00:00,test,224,3,20,7,29,201,0,217,213,214.14285714285714,212.35714285714286,210.85714285714286,220,
resort_hotel,c31c4e41-2181-5ea7-875e-e62ec156c77b,2017-07-21,14,2017-07-08T00:00:00+00:00,test,178,4,21,7,29,202,0,183,180,178.57142857142858,178.35714285714286,177.92857142857142,165,
city_hotel,c7fb00b8-6205-5d73-95ad-5f774926f2cc,2017-07-21,14,2017-07-08T00:00:00+00:00,test,215,4,21,7,29,202,0,220,206,215.14285714285714,213.35714285714286,210.96428571428572,202,
resort_hotel,c31c4e41-2181-5ea7-875e-e62ec156c77b,2017-07-22,14,2017-07-09T00:00:00+00:00,test,177,5,22,7,29,203,1,184,183,179.71428571428572,178.42857142857142,178.14285714285714,163,
city_hotel,c7fb00b8-6205-5d73-95ad-5f774926f2cc,2017-07-22,14,2017-07-09T00:00:00+00:00,test,220,5,22,7,29,203,1,221,205,215.85714285714286,214.5,211.28571428571428,208,
resort_hotel,c31c4e41-2181-5ea7-875e-e62ec156c77b,2017-07-23,14,2017-07-10T00:00:00+00:00,test,172,6,23,7,29,204,1,181,172,181.28571428571428,179.07142857142858,178.35714285714286,165,
city_hotel,c7fb00b8-6205-5d73-95ad-5f774926f2cc,2017-07-23,14,2017-07-10T00:00:00+00:00,test,220,6,23,7,29,204,1,219,211,218.42857142857142,215.07142857142858,212.39285714285714,207,
resort_hotel,c31c4e41-2181-5ea7-875e-e62ec156c77b,2017-07-24,14,2017-07-11T00:00:00+00:00,test,185,0,24,7,30,205,0,182,182,182.71428571428572,179.07142857142858,178.71428571428572,179,
city_hotel,c7fb00b8-6205-5d73-95ad-5f774926f2cc,2017-07-24,14,2017-07-11T00:00:00+00:00,test,211,0,24,7,30,205,0,221,224,220.28571428571428,214.85714285714286,213.14285714285714,203,
resort_hotel,c31c4e41-2181-5ea7-875e-e62ec156c77b,2017-07-25,14,2017-07-12T00:00:00+00:00,test,183,1,25,7,30,206,0,184,181,183.0,179.28571428571428,179.03571428571428,171,
city_hotel,c7fb00b8-6205-5d73-95ad-5f774926f2cc,2017-07-25,14,2017-07-12T00:00:00+00:00,test,223,1,25,7,30,206,0,219,199,220.14285714285714,216.28571428571428,213.71428571428572,218,
resort_hotel,c31c4e41-2181-5ea7-875e-e62ec156c77b,2017-07-26,14,2017-07-13T00:00:00+00:00,test,178,2,26,7,30,207,0,182,174,182.71428571428572,179.85714285714286,179.25,172,
city_hotel,c7fb00b8-6205-5d73-95ad-5f774926f2cc,2017-07-26,14,2017-07-13T00:00:00+00:00,test,218,2,26,7,30,207,0,225,215,220.28571428571428,217.0,214.03571428571428,222,
resort_hotel,c31c4e41-2181-5ea7-875e-e62ec156c77b,2017-07-27,14,2017-07-14T00:00:00+00:00,test,178,3,27,7,30,208,0,184,180,182.85714285714286,180.14285714285714,179.39285714285714,167,
city_hotel,c7fb00b8-6205-5d73-95ad-5f774926f2cc,2017-07-27,14,2017-07-14T00:00:00+00:00,test,223,3,27,7,30,208,0,224,214,221.28571428571428,217.71428571428572,214.28571428571428,219,
resort_hotel,c31c4e41-2181-5ea7-875e-e62ec156c77b,2017-07-28,14,2017-07-15T00:00:00+00:00,test,182,4,28,7,30,209,0,179,175,182.28571428571428,180.42857142857142,179.39285714285714,168,
city_hotel,c7fb00b8-6205-5d73-95ad-5f774926f2cc,2017-07-28,14,2017-07-15T00:00:00+00:00,test,220,4,28,7,30,209,0,222,213,221.57142857142858,218.35714285714286,214.57142857142858,217,
resort_hotel,c31c4e41-2181-5ea7-875e-e62ec156c77b,2017-07-29,14,2017-07-16T00:00:00+00:00,test,177,5,29,7,30,210,1,177,176,181.28571428571428,180.5,179.17857142857142,163,
city_hotel,c7fb00b8-6205-5d73-95ad-5f774926f2cc,2017-07-29,14,2017-07-16T00:00:00+00:00,test,210,5,29,7,30,210,1,215,216,220.71428571428572,218.28571428571428,214.67857142857142,208,
resort_hotel,c31c4e41-2181-5ea7-875e-e62ec156c77b,2017-07-30,14,2017-07-17T00:00:00+00:00,test,177,6,30,7,30,211,1,165,170,179.0,180.14285714285714,179.0,170,
city_hotel,c7fb00b8-6205-5d73-95ad-5f774926f2cc,2017-07-30,14,2017-07-17T00:00:00+00:00,test,191,6,30,7,30,211,1,217,201,220.42857142857142,219.42857142857142,215.57142857142858,187,
resort_hotel,c31c4e41-2181-5ea7-875e-e62ec156c77b,2017-07-31,14,2017-07-18T00:00:00+00:00,test,166,0,31,7,31,212,0,178,172,178.42857142857142,180.57142857142858,179.0,162,
city_hotel,c7fb00b8-6205-5d73-95ad-5f774926f2cc,2017-07-31,14,2017-07-18T00:00:00+00:00,test,215,0,31,7,31,212,0,224,208,220.85714285714286,220.57142857142858,216.25,212,
resort_hotel,c31c4e41-2181-5ea7-875e-e62ec156c77b,2017-08-01,14,2017-07-19T00:00:00+00:00,test,184,1,1,8,31,213,0,181,182,178.0,180.5,179.10714285714286,178,
city_hotel,c7fb00b8-6205-5d73-95ad-5f774926f2cc,2017-08-01,14,2017-07-19T00:00:00+00:00,test,210,1,1,8,31,213,0,224,220,221.57142857142858,220.85714285714286,216.42857142857142,201,
resort_hotel,c31c4e41-2181-5ea7-875e-e62ec156c77b,2017-08-02,14,2017-07-20T00:00:00+00:00,test,185,2,2,8,31,214,0,178,184,177.42857142857142,180.07142857142858,179.03571428571428,178,
city_hotel,c7fb00b8-6205-5d73-95ad-5f774926f2cc,2017-08-02,14,2017-07-20T00:00:00+00:00,test,223,2,2,8,31,214,0,224,224,221.42857142857142,220.85714285714286,216.46428571428572,222,
resort_hotel,c31c4e41-2181-5ea7-875e-e62ec156c77b,2017-08-03,14,2017-07-21T00:00:00+00:00,test,178,3,3,8,31,215,0,176,183,176.28571428571428,179.57142857142858,178.85714285714286,177,
city_hotel,c7fb00b8-6205-5d73-95ad-5f774926f2cc,2017-08-03,14,2017-07-21T00:00:00+00:00,test,221,3,3,8,31,215,0,224,217,221.42857142857142,221.35714285714286,216.85714285714286,198,
resort_hotel,c31c4e41-2181-5ea7-875e-e62ec156c77b,2017-08-04,14,2017-07-22T00:00:00+00:00,test,183,4,4,8,31,216,0,178,183,176.14285714285714,179.21428571428572,178.78571428571428,176,
city_hotel,c7fb00b8-6205-5d73-95ad-5f774926f2cc,2017-08-04,14,2017-07-22T00:00:00+00:00,test,223,4,4,8,31,216,0,215,220,220.42857142857142,221.0,217.17857142857142,222,
resort_hotel,c31c4e41-2181-5ea7-875e-e62ec156c77b,2017-08-05,14,2017-07-23T00:00:00+00:00,test,181,5,5,8,31,217,1,177,184,176.14285714285714,178.71428571428572,178.57142857142858,170,
city_hotel,c7fb00b8-6205-5d73-95ad-5f774926f2cc,2017-08-05,14,2017-07-23T00:00:00+00:00,test,212,5,5,8,31,217,1,220,221,221.14285714285714,220.92857142857142,217.71428571428572,213,
resort_hotel,c31c4e41-2181-5ea7-875e-e62ec156c77b,2017-08-06,14,2017-07-24T00:00:00+00:00,test,178,6,6,8,31,218,1,172,181,177.14285714285714,178.07142857142858,178.57142857142858,171,
city_hotel,c7fb00b8-6205-5d73-95ad-5f774926f2cc,2017-08-06,14,2017-07-24T00:00:00+00:00,test,216,6,6,8,31,218,1,220,219,221.57142857142858,221.0,218.03571428571428,214,
resort_hotel,c31c4e41-2181-5ea7-875e-e62ec156c77b,2017-08-07,14,2017-07-25T00:00:00+00:00,test,184,0,7,8,32,219,0,185,182,178.14285714285714,178.28571428571428,178.67857142857142,179,
city_hotel,c7fb00b8-6205-5d73-95ad-5f774926f2cc,2017-08-07,14,2017-07-25T00:00:00+00:00,test,223,0,7,8,32,219,0,211,221,219.71428571428572,220.28571428571428,217.57142857142858,213,
resort_hotel,c31c4e41-2181-5ea7-875e-e62ec156c77b,2017-08-08,14,2017-07-26T00:00:00+00:00,test,184,1,8,8,32,220,0,183,184,178.42857142857142,178.21428571428572,178.75,183,
city_hotel,c7fb00b8-6205-5d73-95ad-5f774926f2cc,2017-08-08,14,2017-07-26T00:00:00+00:00,test,225,1,8,8,32,220,0,223,219,219.57142857142858,220.57142857142858,218.42857142857142,214,
resort_hotel,c31c4e41-2181-5ea7-875e-e62ec156c77b,2017-08-09,14,2017-07-27T00:00:00+00:00,test,183,2,9,8,32,221,0,178,182,178.42857142857142,177.92857142857142,178.89285714285714,183,
city_hotel,c7fb00b8-6205-5d73-95ad-5f774926f2cc,2017-08-09,14,2017-07-27T00:00:00+00:00,test,222,2,9,8,32,221,0,218,225,218.71428571428572,220.07142857142858,218.53571428571428,212,
resort_hotel,c31c4e41-2181-5ea7-875e-e62ec156c77b,2017-08-10,14,2017-07-28T00:00:00+00:00,test,178,3,10,8,32,222,0,178,184,178.71428571428572,177.5,178.82142857142858,175,
city_hotel,c7fb00b8-6205-5d73-95ad-5f774926f2cc,2017-08-10,14,2017-07-28T00:00:00+00:00,test,222,3,10,8,32,222,0,223,224,218.57142857142858,220.0,218.85714285714286,219,
resort_hotel,c31c4e41-2181-5ea7-875e-e62ec156c77b,2017-08-11,14,2017-07-29T00:00:00+00:00,test,183,4,11,8,32,223,0,182,179,179.28571428571428,177.71428571428572,179.07142857142858,181,
city_hotel,c7fb00b8-6205-5d73-95ad-5f774926f2cc,2017-08-11,14,2017-07-29T00:00:00+00:00,test,222,4,11,8,32,223,0,220,222,219.28571428571428,219.85714285714286,219.10714285714286,214,
resort_hotel,c31c4e41-2181-5ea7-875e-e62ec156c77b,2017-08-12,14,2017-07-30T00:00:00+00:00,test,184,5,12,8,32,224,1,177,177,179.28571428571428,177.71428571428572,179.10714285714286,179,
city_hotel,c7fb00b8-6205-5d73-95ad-5f774926f2cc,2017-08-12,14,2017-07-30T00:00:00+00:00,test,225,5,12,8,32,224,1,210,215,217.85714285714286,219.5,218.89285714285714,217,
resort_hotel,c31c4e41-2181-5ea7-875e-e62ec156c77b,2017-08-13,14,2017-07-31T00:00:00+00:00,test,177,6,13,8,32,225,1,177,165,180.0,178.57142857142858,179.35714285714286,172,
city_hotel,c7fb00b8-6205-5d73-95ad-5f774926f2cc,2017-08-13,14,2017-07-31T00:00:00+00:00,test,208,6,13,8,32,225,1,191,217,213.71428571428572,217.64285714285714,218.53571428571428,199,
resort_hotel,c31c4e41-2181-5ea7-875e-e62ec156c77b,2017-08-14,14,2017-08-01T00:00:00+00:00,test,184,0,14,8,33,226,0,166,178,177.28571428571428,177.71428571428572,179.14285714285714,179,
city_hotel,c7fb00b8-6205-5d73-95ad-5f774926f2cc,2017-08-14,14,2017-08-01T00:00:00+00:00,test,223,0,14,8,33,226,0,215,224,214.28571428571428,217.0,218.78571428571428,212,
resort_hotel,c31c4e41-2181-5ea7-875e-e62ec156c77b,2017-08-15,14,2017-08-02T00:00:00+00:00,test,179,1,15,8,33,227,0,184,181,177.42857142857142,177.92857142857142,179.21428571428572,173,
city_hotel,c7fb00b8-6205-5d73-95ad-5f774926f2cc,2017-08-15,14,2017-08-02T00:00:00+00:00,test,218,1,15,8,33,227,0,210,224,212.42857142857142,216.0,218.42857142857142,219,
resort_hotel,c31c4e41-2181-5ea7-875e-e62ec156c77b,2017-08-16,14,2017-08-03T00:00:00+00:00,test,184,2,16,8,33,228,0,185,178,178.42857142857142,178.42857142857142,179.25,189,
city_hotel,c7fb00b8-6205-5d73-95ad-5f774926f2cc,2017-08-16,14,2017-08-03T00:00:00+00:00,test,220,2,16,8,33,228,0,223,224,213.14285714285714,215.92857142857142,218.39285714285714,218,
resort_hotel,c31c4e41-2181-5ea7-875e-e62ec156c77b,2017-08-17,14,2017-08-04T00:00:00+00:00,test,182,3,17,8,33,229,0,178,176,178.42857142857142,178.57142857142858,179.07142857142858,169,
city_hotel,c7fb00b8-6205-5d73-95ad-5f774926f2cc,2017-08-17,14,2017-08-04T00:00:00+00:00,test,221,3,17,8,33,229,0,221,224,212.85714285714286,215.71428571428572,218.53571428571428,220,
resort_hotel,c31c4e41-2181-5ea7-875e-e62ec156c77b,2017-08-18,14,2017-08-05T00:00:00+00:00,test,184,4,18,8,33,230,0,183,178,178.57142857142858,178.92857142857142,179.07142857142858,175,
city_hotel,c7fb00b8-6205-5d73-95ad-5f774926f2cc,2017-08-18,14,2017-08-05T00:00:00+00:00,test,222,4,18,8,33,230,0,223,215,213.28571428571428,216.28571428571428,218.64285714285714,220,
resort_hotel,c31c4e41-2181-5ea7-875e-e62ec156c77b,2017-08-19,14,2017-08-06T00:00:00+00:00,test,184,5,19,8,33,231,1,181,177,179.14285714285714,179.21428571428572,178.96428571428572,180,
city_hotel,c7fb00b8-6205-5d73-95ad-5f774926f2cc,2017-08-19,14,2017-08-06T00:00:00+00:00,test,217,5,19,8,33,231,1,212,220,213.57142857142858,215.71428571428572,218.32142857142858,201,
resort_hotel,c31c4e41-2181-5ea7-875e-e62ec156c77b,2017-08-20,14,2017-08-07T00:00:00+00:00,test,180,6,20,8,33,232,1,178,172,179.28571428571428,179.64285714285714,178.85714285714286,171,
city_hotel,c7fb00b8-6205-5d73-95ad-5f774926f2cc,2017-08-20,14,2017-08-07T00:00:00+00:00,test,220,6,20,8,33,232,1,216,220,217.14285714285714,215.42857142857142,218.21428571428572,205,
resort_hotel,c31c4e41-2181-5ea7-875e-e62ec156c77b,2017-08-21,14,2017-08-08T00:00:00+00:00,test,184,0,21,8,34,233,0,184,185,181.85714285714286,179.57142857142858,178.92857142857142,177,
city_hotel,c7fb00b8-6205-5d73-95ad-5f774926f2cc,2017-08-21,14,2017-08-08T00:00:00+00:00,test,222,0,21,8,34,233,0,223,211,218.28571428571428,216.28571428571428,218.28571428571428,219,
resort_hotel,c31c4e41-2181-5ea7-875e-e62ec156c77b,2017-08-22,14,2017-08-09T00:00:00+00:00,test,184,1,22,8,34,234,0,184,183,181.85714285714286,179.64285714285714,178.92857142857142,176,
city_hotel,c7fb00b8-6205-5d73-95ad-5f774926f2cc,2017-08-22,14,2017-08-09T00:00:00+00:00,test,222,1,22,8,34,234,0,225,223,220.42857142857142,216.42857142857142,218.5,215,
resort_hotel,c31c4e41-2181-5ea7-875e-e62ec156c77b,2017-08-23,14,2017-08-10T00:00:00+00:00,test,183,2,23,8,34,235,0,183,178,181.57142857142858,180.0,178.96428571428572,174,
city_hotel,c7fb00b8-6205-5d73-95ad-5f774926f2cc,2017-08-23,14,2017-08-10T00:00:00+00:00,test,223,2,23,8,34,235,0,222,218,220.28571428571428,216.71428571428572,218.39285714285714,214,
resort_hotel,c31c4e41-2181-5ea7-875e-e62ec156c77b,2017-08-24,14,2017-08-11T00:00:00+00:00,test,182,3,24,8,34,236,0,178,178,181.57142857142858,180.0,178.75,178,
city_hotel,c7fb00b8-6205-5d73-95ad-5f774926f2cc,2017-08-24,14,2017-08-11T00:00:00+00:00,test,222,3,24,8,34,236,0,222,223,220.42857142857142,216.64285714285714,218.32142857142858,190,
resort_hotel,c31c4e41-2181-5ea7-875e-e62ec156c77b,2017-08-25,14,2017-08-12T00:00:00+00:00,test,182,4,25,8,34,237,0,183,182,181.57142857142858,180.07142857142858,178.89285714285714,164,
city_hotel,c7fb00b8-6205-5d73-95ad-5f774926f2cc,2017-08-25,14,2017-08-12T00:00:00+00:00,test,221,4,25,8,34,237,0,222,220,220.28571428571428,216.78571428571428,218.32142857142858,216,
resort_hotel,c31c4e41-2181-5ea7-875e-e62ec156c77b,2017-08-26,14,2017-08-13T00:00:00+00:00,test,180,5,26,8,34,238,1,184,177,182.0,180.57142857142858,179.14285714285714,166,
city_hotel,c7fb00b8-6205-5d73-95ad-5f774926f2cc,2017-08-26,14,2017-08-13T00:00:00+00:00,test,223,5,26,8,34,238,1,225,210,222.14285714285714,217.85714285714286,218.67857142857142,217,
resort_hotel,c31c4e41-2181-5ea7-875e-e62ec156c77b,2017-08-27,14,2017-08-14T00:00:00+00:00,test,179,6,27,8,34,239,1,177,177,181.85714285714286,180.57142857142858,179.57142857142858,167,
city_hotel,c7fb00b8-6205-5d73-95ad-5f774926f2cc,2017-08-27,14,2017-08-14T00:00:00+00:00,test,193,6,27,8,34,239,1,208,191,221.0,219.07142857142858,218.35714285714286,177,
resort_hotel,c31c4e41-2181-5ea7-875e-e62ec156c77b,2017-08-28,14,2017-08-15T00:00:00+00:00,test,174,0,28,8,35,240,0,184,166,181.85714285714286,181.85714285714286,179.78571428571428,166,
city_hotel,c7fb00b8-6205-5d73-95ad-5f774926f2cc,2017-08-28,14,2017-08-15T00:00:00+00:00,test,213,0,28,8,35,240,0,223,215,221.0,219.64285714285714,218.32142857142858,208,
resort_hotel,c31c4e41-2181-5ea7-875e-e62ec156c77b,2017-08-29,14,2017-08-16T00:00:00+00:00,test,173,1,29,8,35,241,0,179,184,181.14285714285714,181.5,179.71428571428572,166,
city_hotel,c7fb00b8-6205-5d73-95ad-5f774926f2cc,2017-08-29,14,2017-08-16T00:00:00+00:00,test,212,1,29,8,35,241,0,218,210,220.0,220.21428571428572,218.10714285714286,202,
resort_hotel,c31c4e41-2181-5ea7-875e-e62ec156c77b,2017-08-30,14,2017-08-17T00:00:00+00:00,test,174,2,30,8,35,242,0,184,185,181.28571428571428,181.42857142857142,179.92857142857142,161,
city_hotel,c7fb00b8-6205-5d73-95ad-5f774926f2cc,2017-08-30,14,2017-08-17T00:00:00+00:00,test,202,2,30,8,35,242,0,220,223,219.71428571428572,220.0,217.96428571428572,198,
resort_hotel,c31c4e41-2181-5ea7-875e-e62ec156c77b,2017-08-31,14,2017-08-18T00:00:00+00:00,test,170,3,31,8,35,243,0,182,178,181.85714285714286,181.71428571428572,180.14285714285714,155,
city_hotel,c7fb00b8-6205-5d73-95ad-5f774926f2cc,2017-08-31,14,2017-08-18T00:00:00+00:00,test,223,3,31,8,35,243,0,221,221,219.57142857142858,220.0,217.85714285714286,217,
